-- phpMyAdmin SQL Dump
-- version 5.2.1
-- https://www.phpmyadmin.net/
--
-- Host: 127.0.0.1
-- Generation Time: Oct 23, 2025 at 04:59 PM
-- Server version: 10.4.32-MariaDB
-- PHP Version: 8.2.12

SET SQL_MODE = "NO_AUTO_VALUE_ON_ZERO";
START TRANSACTION;
SET time_zone = "+00:00";


/*!40101 SET @OLD_CHARACTER_SET_CLIENT=@@CHARACTER_SET_CLIENT */;
/*!40101 SET @OLD_CHARACTER_SET_RESULTS=@@CHARACTER_SET_RESULTS */;
/*!40101 SET @OLD_COLLATION_CONNECTION=@@COLLATION_CONNECTION */;
/*!40101 SET NAMES utf8mb4 */;

--
-- Database: `xmaqra`
--

-- --------------------------------------------------------

--
-- Table structure for table `admin`
--

CREATE TABLE `admin` (
  `id` int(11) NOT NULL,
  `username` varchar(111) NOT NULL,
  `passwd` varchar(111) NOT NULL
) ENGINE=InnoDB DEFAULT CHARSET=utf8mb4 COLLATE=utf8mb4_general_ci;

--
-- Dumping data for table `admin`
--

INSERT INTO `admin` (`id`, `username`, `passwd`) VALUES
(1, 'admin', 'nimda');

-- --------------------------------------------------------

--
-- Table structure for table `babak`
--

CREATE TABLE `babak` (
  `id` int(11) NOT NULL,
  `nama` varchar(111) NOT NULL
) ENGINE=InnoDB DEFAULT CHARSET=utf8mb4 COLLATE=utf8mb4_general_ci;

--
-- Dumping data for table `babak`
--

INSERT INTO `babak` (`id`, `nama`) VALUES
(187, 'penyisihan'),
(188, 'semi final'),
(189, 'final');

-- --------------------------------------------------------

--
-- Table structure for table `bidang`
--

CREATE TABLE `bidang` (
  `id` int(11) NOT NULL,
  `idgolongan` int(11) NOT NULL,
  `nama` varchar(111) NOT NULL,
  `max` int(11) NOT NULL
) ENGINE=InnoDB DEFAULT CHARSET=utf8mb4 COLLATE=utf8mb4_general_ci;

--
-- Dumping data for table `bidang`
--

INSERT INTO `bidang` (`id`, `idgolongan`, `nama`, `max`) VALUES
(6058, 1893, 'TAJWID', 0),
(6059, 1893, 'FASHAHAH', 0),
(6060, 1893, 'LAGU', 0),
(6061, 1893, 'SUARA', 0),
(6062, 1894, 'TAJWID', 0),
(6063, 1894, 'FASHAHAH', 0),
(6064, 1894, 'LAGU', 0),
(6065, 1894, 'SUARA', 0),
(6066, 1895, 'TAJWID', 0),
(6067, 1895, 'FASHAHAH', 0),
(6068, 1895, 'LAGU', 0),
(6069, 1895, 'SUARA', 0),
(6070, 1895, 'TAHFIDZ', 0),
(6071, 1895, 'TAJWID', 0),
(6072, 1895, 'FASHAHAH', 0),
(6073, 1896, 'TAJWID', 0),
(6074, 1896, 'FASHAHAH', 0),
(6075, 1896, 'LAGU', 0),
(6076, 1896, 'SUARA', 0),
(6077, 1896, 'TAHFIDZ', 0),
(6078, 1896, 'TAJWID', 0),
(6079, 1896, 'FASHAHAH', 0),
(6080, 1897, 'TAHFIDZ', 0),
(6081, 1897, 'TAJWID', 0),
(6082, 1897, 'FASHAHAH', 0),
(6083, 1898, 'TAHFIDZ', 0),
(6084, 1898, 'TAJWID', 0),
(6085, 1898, 'FASHAHAH', 0),
(6086, 1899, 'TAHFIDZ', 0),
(6087, 1899, 'TAJWID', 0),
(6088, 1899, 'FASHAHAH', 0),
(6089, 1900, 'TAFSIR', 0),
(6090, 1900, 'TAHFIDZ', 0),
(6091, 1900, 'TAJWID', 0),
(6092, 1900, 'FASHAHAH', 0),
(6093, 1901, 'TAHFIDZ', 0),
(6094, 1901, 'TAJWID', 0),
(6095, 1901, 'FASHAHAH', 0),
(6096, 1902, 'TAHFIDZ', 0),
(6097, 1902, 'TAJWID', 0),
(6098, 1902, 'FASHAHAH', 0);

-- --------------------------------------------------------

--
-- Table structure for table `cabang`
--

CREATE TABLE `cabang` (
  `id` int(11) NOT NULL,
  `idpenilaian` int(11) NOT NULL,
  `idevent` int(11) NOT NULL,
  `nama` varchar(111) NOT NULL
) ENGINE=InnoDB DEFAULT CHARSET=utf8mb4 COLLATE=utf8mb4_general_ci;

--
-- Dumping data for table `cabang`
--

INSERT INTO `cabang` (`id`, `idpenilaian`, `idevent`, `nama`) VALUES
(620, 234, 188, 'SENI BACA AL-QUR\'AN'),
(621, 234, 188, 'HAFALAN AL-QUR\'AN'),
(622, 234, 188, 'TAFSIR AL-QUR\'AN'),
(623, 234, 188, 'HAFALAN HADITS');

-- --------------------------------------------------------

--
-- Table structure for table `event`
--

CREATE TABLE `event` (
  `id` int(11) NOT NULL,
  `aktif` int(1) NOT NULL,
  `nama` varchar(111) NOT NULL,
  `tingkat` varchar(111) NOT NULL,
  `seri` int(11) NOT NULL,
  `lokasi` varchar(111) NOT NULL,
  `mulai` date DEFAULT NULL,
  `selesai` date DEFAULT NULL,
  `batasumur` date DEFAULT NULL,
  `kota` varchar(111) NOT NULL,
  `logopenyelenggara` varchar(111) NOT NULL,
  `logoacara` varchar(111) NOT NULL
) ENGINE=InnoDB DEFAULT CHARSET=utf8mb4 COLLATE=utf8mb4_general_ci;

--
-- Dumping data for table `event`
--

INSERT INTO `event` (`id`, `aktif`, `nama`, `tingkat`, `seri`, `lokasi`, `mulai`, `selesai`, `batasumur`, `kota`, `logopenyelenggara`, `logoacara`) VALUES
(188, 1, 'Musabaqah Tilawatil Quran Regional - 2025', '1', 0, '1', '2025-10-01', '2025-10-03', '2025-10-24', 'merauke', '../musabaqah/gambarevent/logopenyelenggara188.jpg', '../musabaqah/gambarevent/logoacara188.jpg');

-- --------------------------------------------------------

--
-- Table structure for table `gender`
--

CREATE TABLE `gender` (
  `id` int(11) NOT NULL,
  `nama` varchar(111) NOT NULL
) ENGINE=InnoDB DEFAULT CHARSET=utf8mb4 COLLATE=utf8mb4_general_ci;

--
-- Dumping data for table `gender`
--

INSERT INTO `gender` (`id`, `nama`) VALUES
(1, 'laki laki'),
(2, 'perempuan');

-- --------------------------------------------------------

--
-- Table structure for table `golongan`
--

CREATE TABLE `golongan` (
  `id` int(11) NOT NULL,
  `idcabang` int(11) NOT NULL,
  `idbabak` int(11) NOT NULL,
  `kodemenu_link` varchar(111) NOT NULL,
  `nama` varchar(111) NOT NULL,
  `waktupersiapan` int(11) NOT NULL,
  `waktupenilaian` int(11) NOT NULL,
  `waktumenjelang` int(11) NOT NULL,
  `waktuhabis` int(11) NOT NULL,
  `ketua` varchar(111) NOT NULL,
  `sekretaris` varchar(111) NOT NULL,
  `ispewaktu` int(11) NOT NULL,
  `isbobot` int(11) NOT NULL,
  `isunsur` int(11) NOT NULL,
  `istopik` int(11) NOT NULL
) ENGINE=InnoDB DEFAULT CHARSET=utf8mb4 COLLATE=utf8mb4_general_ci;

--
-- Dumping data for table `golongan`
--

INSERT INTO `golongan` (`id`, `idcabang`, `idbabak`, `kodemenu_link`, `nama`, `waktupersiapan`, `waktupenilaian`, `waktumenjelang`, `waktuhabis`, `ketua`, `sekretaris`, `ispewaktu`, `isbobot`, `isunsur`, `istopik`) VALUES
(1893, 620, 187, 'k0001', 'ANAK-ANAK', 5, 5, 4, 3, '', '', 0, 0, 0, 0),
(1894, 620, 187, 'k0002', 'DEWASA', 5, 5, 4, 3, '', '', 0, 0, 0, 0),
(1895, 621, 187, 'k0001', '1 JUZ DAN TILAWAH', 5, 5, 4, 3, '', '', 0, 0, 0, 0),
(1896, 621, 187, 'k0002', '5 JUZ DAN TILAWAH', 5, 5, 4, 3, '', '', 0, 0, 0, 0),
(1897, 621, 187, 'k0003', '10 JUZ', 5, 5, 4, 3, '', '', 0, 0, 0, 0),
(1898, 621, 187, 'k0004', '20 JUZ', 5, 5, 4, 3, '', '', 0, 0, 0, 0),
(1899, 621, 187, 'k0003', '30 JUZ', 5, 5, 4, 3, '', '', 0, 0, 0, 0),
(1900, 622, 187, 'k0001', 'BAHASA ARAB', 5, 5, 4, 3, '', '', 0, 0, 0, 0),
(1901, 623, 187, 'k0001', '100 HADITS DENGAN SANAD', 5, 5, 4, 3, '', '', 0, 0, 0, 0),
(1902, 623, 187, 'k0001', '500 HADITS TANPA SANAD', 5, 5, 4, 3, '', '', 0, 0, 0, 0);

-- --------------------------------------------------------

--
-- Table structure for table `hakim`
--

CREATE TABLE `hakim` (
  `id` int(11) NOT NULL,
  `idbidang` int(111) NOT NULL,
  `nik` varchar(111) NOT NULL,
  `nama` varchar(111) NOT NULL,
  `alamat` varchar(111) NOT NULL,
  `ktp` varchar(111) NOT NULL,
  `npwp` varchar(111) NOT NULL,
  `bukurek` varchar(111) NOT NULL,
  `sertifikatkejuaraan` varchar(111) NOT NULL,
  `sertifikatpelatihanhakim` varchar(111) NOT NULL,
  `sertifikatmenjadihakim` varchar(111) NOT NULL
) ENGINE=InnoDB DEFAULT CHARSET=utf8mb4 COLLATE=utf8mb4_general_ci;

--
-- Dumping data for table `hakim`
--

INSERT INTO `hakim` (`id`, `idbidang`, `nik`, `nama`, `alamat`, `ktp`, `npwp`, `bukurek`, `sertifikatkejuaraan`, `sertifikatpelatihanhakim`, `sertifikatmenjadihakim`) VALUES
(19892, 6058, '', 'hakim 2525', '', '', '', '', '', '', ''),
(19893, 6058, '', 'hakim 8180', '', '', '', '', '', '', ''),
(19894, 6058, '', 'hakim 6556', '', '', '', '', '', '', ''),
(19895, 6058, '', 'hakim 5228', '', '', '', '', '', '', ''),
(19896, 6059, '', 'hakim 6741', '', '', '', '', '', '', ''),
(19897, 6059, '', 'hakim 4288', '', '', '', '', '', '', ''),
(19898, 6059, '', 'hakim 8480', '', '', '', '', '', '', ''),
(19899, 6059, '', 'hakim 6522', '', '', '', '', '', '', ''),
(19900, 6060, '', 'hakim 4318', '', '', '', '', '', '', ''),
(19901, 6060, '', 'hakim 6020', '', '', '', '', '', '', ''),
(19902, 6060, '', 'hakim 4948', '', '', '', '', '', '', ''),
(19903, 6060, '', 'hakim 2524', '', '', '', '', '', '', ''),
(19904, 6061, '', 'hakim 3785', '', '', '', '', '', '', ''),
(19905, 6061, '', 'hakim 9936', '', '', '', '', '', '', ''),
(19906, 6061, '', 'hakim 9351', '', '', '', '', '', '', ''),
(19907, 6061, '', 'hakim 3640', '', '', '', '', '', '', ''),
(19908, 6062, '', 'hakim 5764', '', '', '', '', '', '', ''),
(19909, 6062, '', 'hakim 4910', '', '', '', '', '', '', ''),
(19910, 6062, '', 'hakim 9759', '', '', '', '', '', '', ''),
(19911, 6062, '', 'hakim 8346', '', '', '', '', '', '', ''),
(19912, 6063, '', 'hakim 2691', '', '', '', '', '', '', ''),
(19913, 6063, '', 'hakim 5608', '', '', '', '', '', '', ''),
(19914, 6063, '', 'hakim 3298', '', '', '', '', '', '', ''),
(19915, 6063, '', 'hakim 4326', '', '', '', '', '', '', ''),
(19916, 6064, '', 'hakim 7778', '', '', '', '', '', '', ''),
(19917, 6064, '', 'hakim 4559', '', '', '', '', '', '', ''),
(19918, 6064, '', 'hakim 3244', '', '', '', '', '', '', ''),
(19919, 6064, '', 'hakim 5102', '', '', '', '', '', '', ''),
(19920, 6065, '', 'hakim 2031', '', '', '', '', '', '', ''),
(19921, 6065, '', 'hakim 8939', '', '', '', '', '', '', ''),
(19922, 6065, '', 'hakim 9021', '', '', '', '', '', '', ''),
(19923, 6065, '', 'hakim 8173', '', '', '', '', '', '', ''),
(19924, 6066, '', 'hakim 2813', '', '', '', '', '', '', ''),
(19925, 6066, '', 'hakim 4410', '', '', '', '', '', '', ''),
(19926, 6066, '', 'hakim 5511', '', '', '', '', '', '', ''),
(19927, 6066, '', 'hakim 8583', '', '', '', '', '', '', ''),
(19928, 6067, '', 'hakim 6559', '', '', '', '', '', '', ''),
(19929, 6067, '', 'hakim 7779', '', '', '', '', '', '', ''),
(19930, 6067, '', 'hakim 3721', '', '', '', '', '', '', ''),
(19931, 6067, '', 'hakim 7623', '', '', '', '', '', '', ''),
(19932, 6068, '', 'hakim 8462', '', '', '', '', '', '', ''),
(19933, 6068, '', 'hakim 1217', '', '', '', '', '', '', ''),
(19934, 6068, '', 'hakim 1654', '', '', '', '', '', '', ''),
(19935, 6068, '', 'hakim 6249', '', '', '', '', '', '', ''),
(19936, 6069, '', 'hakim 6586', '', '', '', '', '', '', ''),
(19937, 6069, '', 'hakim 8602', '', '', '', '', '', '', ''),
(19938, 6069, '', 'hakim 4875', '', '', '', '', '', '', ''),
(19939, 6069, '', 'hakim 1497', '', '', '', '', '', '', ''),
(19940, 6070, '', 'hakim 9838', '', '', '', '', '', '', ''),
(19941, 6070, '', 'hakim 2163', '', '', '', '', '', '', ''),
(19942, 6070, '', 'hakim 9758', '', '', '', '', '', '', ''),
(19943, 6070, '', 'hakim 7311', '', '', '', '', '', '', ''),
(19944, 6071, '', 'hakim 5835', '', '', '', '', '', '', ''),
(19945, 6071, '', 'hakim 8263', '', '', '', '', '', '', ''),
(19946, 6071, '', 'hakim 7056', '', '', '', '', '', '', ''),
(19947, 6071, '', 'hakim 6416', '', '', '', '', '', '', ''),
(19948, 6072, '', 'hakim 2008', '', '', '', '', '', '', ''),
(19949, 6072, '', 'hakim 1269', '', '', '', '', '', '', ''),
(19950, 6072, '', 'hakim 1304', '', '', '', '', '', '', ''),
(19951, 6072, '', 'hakim 4268', '', '', '', '', '', '', ''),
(19952, 6073, '', 'hakim 2346', '', '', '', '', '', '', ''),
(19953, 6073, '', 'hakim 5692', '', '', '', '', '', '', ''),
(19954, 6073, '', 'hakim 3630', '', '', '', '', '', '', ''),
(19955, 6073, '', 'hakim 7567', '', '', '', '', '', '', ''),
(19956, 6074, '', 'hakim 1715', '', '', '', '', '', '', ''),
(19957, 6074, '', 'hakim 5265', '', '', '', '', '', '', ''),
(19958, 6074, '', 'hakim 3175', '', '', '', '', '', '', ''),
(19959, 6074, '', 'hakim 4324', '', '', '', '', '', '', ''),
(19960, 6075, '', 'hakim 8925', '', '', '', '', '', '', ''),
(19961, 6075, '', 'hakim 6440', '', '', '', '', '', '', ''),
(19962, 6075, '', 'hakim 2626', '', '', '', '', '', '', ''),
(19963, 6075, '', 'hakim 2981', '', '', '', '', '', '', ''),
(19964, 6076, '', 'hakim 4743', '', '', '', '', '', '', ''),
(19965, 6076, '', 'hakim 5688', '', '', '', '', '', '', ''),
(19966, 6076, '', 'hakim 1920', '', '', '', '', '', '', ''),
(19967, 6076, '', 'hakim 1398', '', '', '', '', '', '', ''),
(19968, 6077, '', 'hakim 8603', '', '', '', '', '', '', ''),
(19969, 6077, '', 'hakim 8113', '', '', '', '', '', '', ''),
(19970, 6077, '', 'hakim 6935', '', '', '', '', '', '', ''),
(19971, 6077, '', 'hakim 9298', '', '', '', '', '', '', ''),
(19972, 6078, '', 'hakim 2502', '', '', '', '', '', '', ''),
(19973, 6078, '', 'hakim 2407', '', '', '', '', '', '', ''),
(19974, 6078, '', 'hakim 7030', '', '', '', '', '', '', ''),
(19975, 6078, '', 'hakim 3580', '', '', '', '', '', '', ''),
(19976, 6079, '', 'hakim 9350', '', '', '', '', '', '', ''),
(19977, 6079, '', 'hakim 3657', '', '', '', '', '', '', ''),
(19978, 6079, '', 'hakim 7174', '', '', '', '', '', '', ''),
(19979, 6079, '', 'hakim 5993', '', '', '', '', '', '', ''),
(19980, 6080, '', 'hakim 9017', '', '', '', '', '', '', ''),
(19981, 6080, '', 'hakim 4804', '', '', '', '', '', '', ''),
(19982, 6080, '', 'hakim 7475', '', '', '', '', '', '', ''),
(19983, 6080, '', 'hakim 9077', '', '', '', '', '', '', ''),
(19984, 6081, '', 'hakim 7575', '', '', '', '', '', '', ''),
(19985, 6081, '', 'hakim 9116', '', '', '', '', '', '', ''),
(19986, 6081, '', 'hakim 3760', '', '', '', '', '', '', ''),
(19987, 6081, '', 'hakim 9694', '', '', '', '', '', '', ''),
(19988, 6082, '', 'hakim 9152', '', '', '', '', '', '', ''),
(19989, 6082, '', 'hakim 3815', '', '', '', '', '', '', ''),
(19990, 6082, '', 'hakim 9845', '', '', '', '', '', '', ''),
(19991, 6082, '', 'hakim 3534', '', '', '', '', '', '', ''),
(19992, 6083, '', 'hakim 5532', '', '', '', '', '', '', ''),
(19993, 6083, '', 'hakim 8678', '', '', '', '', '', '', ''),
(19994, 6083, '', 'hakim 8602', '', '', '', '', '', '', ''),
(19995, 6083, '', 'hakim 4316', '', '', '', '', '', '', ''),
(19996, 6084, '', 'hakim 6050', '', '', '', '', '', '', ''),
(19997, 6084, '', 'hakim 6522', '', '', '', '', '', '', ''),
(19998, 6084, '', 'hakim 1863', '', '', '', '', '', '', ''),
(19999, 6084, '', 'hakim 5995', '', '', '', '', '', '', ''),
(20000, 6085, '', 'hakim 2233', '', '', '', '', '', '', ''),
(20001, 6085, '', 'hakim 7699', '', '', '', '', '', '', ''),
(20002, 6085, '', 'hakim 8418', '', '', '', '', '', '', ''),
(20003, 6085, '', 'hakim 8682', '', '', '', '', '', '', ''),
(20004, 6086, '', 'hakim 6541', '', '', '', '', '', '', ''),
(20005, 6086, '', 'hakim 3308', '', '', '', '', '', '', ''),
(20006, 6086, '', 'hakim 9962', '', '', '', '', '', '', ''),
(20007, 6086, '', 'hakim 5972', '', '', '', '', '', '', ''),
(20008, 6087, '', 'hakim 3928', '', '', '', '', '', '', ''),
(20009, 6087, '', 'hakim 4470', '', '', '', '', '', '', ''),
(20010, 6087, '', 'hakim 2359', '', '', '', '', '', '', ''),
(20011, 6087, '', 'hakim 8230', '', '', '', '', '', '', ''),
(20012, 6088, '', 'hakim 4127', '', '', '', '', '', '', ''),
(20013, 6088, '', 'hakim 7842', '', '', '', '', '', '', ''),
(20014, 6088, '', 'hakim 8365', '', '', '', '', '', '', ''),
(20015, 6088, '', 'hakim 3190', '', '', '', '', '', '', ''),
(20016, 6089, '', 'hakim 7287', '', '', '', '', '', '', ''),
(20017, 6089, '', 'hakim 2587', '', '', '', '', '', '', ''),
(20018, 6089, '', 'hakim 2696', '', '', '', '', '', '', ''),
(20019, 6089, '', 'hakim 2851', '', '', '', '', '', '', ''),
(20020, 6090, '', 'hakim 1154', '', '', '', '', '', '', ''),
(20021, 6090, '', 'hakim 8788', '', '', '', '', '', '', ''),
(20022, 6090, '', 'hakim 4890', '', '', '', '', '', '', ''),
(20023, 6090, '', 'hakim 5978', '', '', '', '', '', '', ''),
(20024, 6091, '', 'hakim 5942', '', '', '', '', '', '', ''),
(20025, 6091, '', 'hakim 7297', '', '', '', '', '', '', ''),
(20026, 6091, '', 'hakim 2592', '', '', '', '', '', '', ''),
(20027, 6091, '', 'hakim 1642', '', '', '', '', '', '', ''),
(20028, 6092, '', 'hakim 8351', '', '', '', '', '', '', ''),
(20029, 6092, '', 'hakim 9031', '', '', '', '', '', '', ''),
(20030, 6092, '', 'hakim 8657', '', '', '', '', '', '', ''),
(20031, 6092, '', 'hakim 1567', '', '', '', '', '', '', ''),
(20032, 6093, '', 'hakim 3069', '', '', '', '', '', '', ''),
(20033, 6093, '', 'hakim 7295', '', '', '', '', '', '', ''),
(20034, 6093, '', 'hakim 9713', '', '', '', '', '', '', ''),
(20035, 6093, '', 'hakim 5169', '', '', '', '', '', '', ''),
(20036, 6094, '', 'hakim 3018', '', '', '', '', '', '', ''),
(20037, 6094, '', 'hakim 2827', '', '', '', '', '', '', ''),
(20038, 6094, '', 'hakim 7405', '', '', '', '', '', '', ''),
(20039, 6094, '', 'hakim 8157', '', '', '', '', '', '', ''),
(20040, 6095, '', 'hakim 7987', '', '', '', '', '', '', ''),
(20041, 6095, '', 'hakim 3889', '', '', '', '', '', '', ''),
(20042, 6095, '', 'hakim 8215', '', '', '', '', '', '', ''),
(20043, 6095, '', 'hakim 8882', '', '', '', '', '', '', ''),
(20044, 6096, '', 'hakim 9751', '', '', '', '', '', '', ''),
(20045, 6096, '', 'hakim 7144', '', '', '', '', '', '', ''),
(20046, 6096, '', 'hakim 1809', '', '', '', '', '', '', ''),
(20047, 6096, '', 'hakim 8926', '', '', '', '', '', '', ''),
(20048, 6097, '', 'hakim 9698', '', '', '', '', '', '', ''),
(20049, 6097, '', 'hakim 6578', '', '', '', '', '', '', ''),
(20050, 6097, '', 'hakim 6110', '', '', '', '', '', '', ''),
(20051, 6097, '', 'hakim 7477', '', '', '', '', '', '', ''),
(20052, 6098, '', 'hakim 8114', '', '', '', '', '', '', ''),
(20053, 6098, '', 'hakim 1330', '', '', '', '', '', '', ''),
(20054, 6098, '', 'hakim 9593', '', '', '', '', '', '', ''),
(20055, 6098, '', 'hakim 2145', '', '', '', '', '', '', '');

-- --------------------------------------------------------

--
-- Table structure for table `hakim_keahlian`
--

CREATE TABLE `hakim_keahlian` (
  `id` int(11) NOT NULL,
  `idhakim` int(11) NOT NULL,
  `idkeahlian` int(11) NOT NULL
) ENGINE=InnoDB DEFAULT CHARSET=utf8mb4 COLLATE=utf8mb4_general_ci;

-- --------------------------------------------------------

--
-- Table structure for table `job`
--

CREATE TABLE `job` (
  `id` int(11) NOT NULL,
  `nama` varchar(111) NOT NULL
) ENGINE=InnoDB DEFAULT CHARSET=utf8mb4 COLLATE=utf8mb4_general_ci;

--
-- Dumping data for table `job`
--

INSERT INTO `job` (`id`, `nama`) VALUES
(1, 'job1'),
(3, 'jobx'),
(4, 'job3'),
(7, 'job6xx');

-- --------------------------------------------------------

--
-- Table structure for table `kafilah`
--

CREATE TABLE `kafilah` (
  `id` int(11) NOT NULL,
  `nama` varchar(111) NOT NULL
) ENGINE=InnoDB DEFAULT CHARSET=utf8mb4 COLLATE=utf8mb4_general_ci;

--
-- Dumping data for table `kafilah`
--

INSERT INTO `kafilah` (`id`, `nama`) VALUES
(191, 'kafilah 7373'),
(192, 'kafilah 5832'),
(193, 'kafilah 9480'),
(194, 'kafilah 5131');

-- --------------------------------------------------------

--
-- Table structure for table `kategori`
--

CREATE TABLE `kategori` (
  `id` int(11) NOT NULL,
  `nama` varchar(111) NOT NULL,
  `juzawal` int(11) NOT NULL,
  `juzakhir` int(11) NOT NULL,
  `jmlsoal` int(11) NOT NULL
) ENGINE=InnoDB DEFAULT CHARSET=utf8mb4 COLLATE=utf8mb4_general_ci;

--
-- Dumping data for table `kategori`
--

INSERT INTO `kategori` (`id`, `nama`, `juzawal`, `juzakhir`, `jmlsoal`) VALUES
(3, 'mhq 1 juz', 1, 1, 3),
(4, 'mhq 1 juz', 30, 30, 4),
(9, 'mhq 5 juz', 1, 5, 2),
(10, 'mhq 10 juz', 1, 10, 1),
(11, 'mhq 20 juz', 1, 20, 5),
(14, 'mhq 30 juz', 1, 30, 4),
(15, 'kategori coba (3 juz)', 6, 9, 7);

-- --------------------------------------------------------

--
-- Table structure for table `keahlian`
--

CREATE TABLE `keahlian` (
  `id` int(11) NOT NULL,
  `nama` varchar(111) NOT NULL
) ENGINE=InnoDB DEFAULT CHARSET=utf8mb4 COLLATE=utf8mb4_general_ci COMMENT='keahlian hakim';

--
-- Dumping data for table `keahlian`
--

INSERT INTO `keahlian` (`id`, `nama`) VALUES
(1, 'Tajwid'),
(2, 'Tajwid & Farsyilhuruf Qiraat'),
(3, 'Fasohah'),
(4, 'Fasohah & Kaidah Usuliyah Qiraat'),
(5, 'Irama dan Suara'),
(6, 'Suara dan Lagu'),
(7, 'Tahfidz'),
(8, 'Tafsir Arab'),
(9, 'Tafsir Indonesia'),
(10, 'Tafsir Inggris'),
(11, 'Kaidah khat'),
(12, 'Keindahan khat'),
(13, 'Keindahan hiasan'),
(14, 'Anatomi Huruf khat'),
(15, 'Seni Rupa'),
(16, 'Sentuhan akhir khat'),
(17, 'Kitab Fathurrohman'),
(18, 'Waris & hisab'),
(19, 'Wawasan quran, kebangsaan, kurikulum SMA & Pesantren'),
(20, 'Retorika dakwah'),
(21, 'Terjemah quran deklamasi'),
(22, 'Logika KTIQ'),
(23, 'Materi KTIQ'),
(24, 'Bahasa KTIQ'),
(25, 'Presentasi KTIQ');

-- --------------------------------------------------------

--
-- Table structure for table `menu_link`
--

CREATE TABLE `menu_link` (
  `kode` varchar(111) NOT NULL,
  `nama` varchar(111) NOT NULL,
  `link` varchar(111) NOT NULL
) ENGINE=InnoDB DEFAULT CHARSET=utf8mb4 COLLATE=utf8mb4_general_ci;

--
-- Dumping data for table `menu_link`
--

INSERT INTO `menu_link` (`kode`, `nama`, `link`) VALUES
('k0001', 'menu mushaf', '../emaqra/?page=mushaf&jenis=madinah'),
('k0002', 'menu acak', '../emaqra/?page=utama/acak'),
('k0003', 'menu mhq', '../emaqra/?page=utama/tilawah2'),
('k0004', 'full emaqra', '../emaqra');

-- --------------------------------------------------------

--
-- Table structure for table `mhq`
--

CREATE TABLE `mhq` (
  `idkategori` int(11) NOT NULL,
  `urutmushaf` int(11) NOT NULL
) ENGINE=InnoDB DEFAULT CHARSET=utf8mb4 COLLATE=utf8mb4_general_ci;

--
-- Dumping data for table `mhq`
--

INSERT INTO `mhq` (`idkategori`, `urutmushaf`) VALUES
(4, 6162),
(4, 5686),
(4, 6136),
(4, 6140),
(4, 5689),
(4, 5691),
(4, 6211),
(4, 5800),
(4, 6056),
(4, 5783),
(4, 6148),
(4, 6127),
(4, 6026),
(4, 5993),
(4, 6095),
(4, 5833),
(4, 5934),
(4, 5763),
(4, 5982),
(4, 5930),
(4, 6176),
(4, 5680),
(4, 5813),
(4, 5804),
(4, 5742),
(4, 5900),
(4, 5740),
(4, 6194),
(4, 5696),
(4, 6128),
(4, 6227),
(4, 6004),
(4, 6018),
(4, 6062),
(4, 5917),
(4, 5952),
(4, 5704),
(4, 5753),
(4, 6159),
(4, 6172),
(4, 5860),
(4, 6043),
(4, 6002),
(4, 5877),
(4, 5994),
(4, 5944),
(4, 6114),
(4, 5862),
(4, 6150),
(4, 6189),
(4, 5767),
(4, 5898),
(4, 6085),
(4, 6149),
(4, 5878),
(4, 5732),
(4, 6029),
(4, 6030),
(4, 6171),
(4, 6182),
(4, 6125),
(4, 6184),
(4, 5806),
(4, 5950),
(4, 6167),
(4, 6120),
(4, 5975),
(4, 6124),
(4, 5918),
(4, 6109),
(4, 5782),
(4, 5681),
(4, 5712),
(4, 6031),
(4, 6006),
(4, 5920),
(4, 5887),
(4, 5915),
(4, 6068),
(4, 6072),
(4, 5955),
(4, 5909),
(4, 6199),
(4, 6198),
(4, 6224),
(4, 5788),
(4, 5812),
(4, 5929),
(4, 5873),
(4, 5700),
(4, 5843),
(4, 6235),
(4, 5853),
(4, 5858),
(4, 6218),
(4, 5697),
(4, 5940),
(4, 5888),
(4, 6080),
(4, 5711),
(4, 5722),
(4, 5979),
(4, 5758),
(4, 6122),
(4, 5949),
(4, 6225),
(4, 6014),
(4, 6213),
(4, 6187),
(4, 5738),
(4, 5836),
(4, 5822),
(4, 5774),
(4, 5871),
(4, 6133),
(4, 6037),
(4, 6214),
(4, 5821),
(14, 3121),
(14, 239),
(14, 5545),
(14, 3129),
(14, 4129),
(14, 253),
(14, 5402),
(14, 1524),
(14, 1693),
(14, 2609),
(14, 3831),
(14, 227),
(14, 3449),
(14, 6179),
(14, 4),
(14, 2983),
(14, 3142),
(14, 2156),
(14, 5456),
(14, 311),
(14, 941),
(14, 4611),
(14, 3282),
(14, 2550),
(14, 1848),
(14, 4985),
(14, 2903),
(14, 3508),
(14, 5472),
(14, 5634),
(14, 5859),
(14, 1393),
(14, 1594),
(14, 6200),
(14, 1855),
(14, 5196),
(14, 6021),
(14, 17),
(14, 7),
(14, 1569),
(14, 484),
(14, 5900),
(14, 6067),
(14, 5242),
(14, 2648),
(14, 6119),
(14, 4233),
(14, 1304),
(14, 3146),
(14, 3897),
(14, 1648),
(14, 5997),
(14, 2880),
(14, 2771),
(14, 3084),
(14, 536),
(14, 5286),
(14, 4532),
(14, 4061),
(14, 5928),
(14, 105),
(14, 1591),
(14, 1742),
(14, 1452),
(14, 1793),
(14, 6073),
(14, 5747),
(14, 6103),
(14, 848),
(14, 2279),
(14, 996),
(14, 5272),
(14, 2669),
(14, 5711),
(14, 3011),
(14, 1319),
(14, 3294),
(14, 2383),
(14, 2355),
(14, 3787),
(14, 6234),
(14, 4564),
(14, 4127),
(14, 248),
(14, 58),
(14, 4853),
(14, 5582),
(14, 3376),
(14, 214),
(14, 3857),
(14, 339),
(14, 2318),
(14, 2197),
(14, 1603),
(14, 244),
(14, 3651),
(14, 946),
(14, 5764),
(14, 2347),
(14, 2589),
(14, 3315),
(14, 4083),
(14, 3775),
(14, 1578),
(14, 954),
(14, 4113),
(14, 5096),
(14, 2988),
(14, 4861),
(14, 3393),
(14, 570),
(14, 1838),
(14, 427),
(14, 387),
(14, 5781),
(14, 1899),
(14, 4430),
(14, 3047),
(14, 5618),
(14, 2018),
(14, 4358),
(14, 607),
(14, 4718),
(14, 3301),
(14, 3240),
(14, 1597),
(14, 4511),
(14, 3714),
(14, 3505),
(14, 6025),
(14, 3277),
(14, 724),
(14, 4292),
(14, 4824),
(14, 4365),
(14, 5554),
(14, 5198),
(14, 5852),
(14, 3271),
(14, 5876),
(14, 2214),
(14, 4752),
(14, 135),
(14, 63),
(14, 1384),
(14, 925),
(14, 2785),
(14, 2935),
(14, 6109),
(14, 3037),
(14, 143),
(14, 1175),
(14, 5509),
(14, 4137),
(14, 5230),
(14, 4791),
(14, 1123),
(14, 1720),
(14, 4439),
(14, 5579),
(14, 3391),
(14, 3745),
(14, 5663),
(14, 403),
(14, 1444),
(14, 1379),
(14, 1100),
(14, 2249),
(14, 4672),
(14, 4099),
(14, 4236),
(14, 1129),
(14, 3213),
(14, 4482),
(14, 5660),
(14, 711),
(14, 3532),
(14, 3427),
(14, 982),
(14, 5728),
(14, 4608),
(14, 5525),
(14, 5730),
(14, 714),
(14, 5745),
(14, 876),
(14, 3606),
(14, 2677),
(14, 1483),
(14, 3265),
(14, 2122),
(14, 4848),
(14, 5073),
(14, 6022),
(14, 4723),
(14, 2109),
(14, 2731),
(14, 4410),
(14, 4562),
(14, 5371),
(14, 580),
(14, 2864),
(14, 4734),
(14, 1631),
(14, 1162),
(14, 1706),
(14, 5471),
(14, 1814),
(14, 5923),
(14, 5718),
(14, 3730),
(14, 5854),
(14, 5670),
(14, 2451),
(14, 3347),
(14, 4367),
(14, 1816),
(14, 5911),
(14, 1230),
(14, 4832),
(14, 2640),
(14, 962),
(14, 3491),
(14, 2410),
(14, 953),
(14, 4115),
(14, 2755),
(14, 20),
(14, 5390),
(14, 3715),
(14, 6185),
(14, 4729),
(14, 2869),
(14, 508),
(14, 3120),
(14, 3206),
(14, 5820),
(14, 3833),
(14, 3249),
(14, 594),
(14, 6044),
(14, 1208),
(14, 5717),
(14, 3568),
(14, 591),
(14, 2867),
(14, 6135),
(14, 2525),
(14, 3664),
(14, 787),
(14, 899),
(14, 3929),
(14, 126),
(14, 5780),
(14, 1741),
(14, 3273),
(14, 4215),
(14, 2536),
(14, 4476),
(14, 3517),
(14, 691),
(14, 2019),
(14, 1310),
(14, 66),
(14, 4036),
(14, 718),
(14, 5532),
(14, 3372),
(14, 3127),
(14, 246),
(14, 5129),
(14, 2515),
(14, 4450),
(14, 5763),
(14, 3239),
(14, 85),
(14, 4624),
(14, 2459),
(14, 5607),
(14, 3583),
(14, 1174),
(14, 556),
(14, 1033),
(14, 956),
(14, 3364),
(14, 181),
(14, 3076),
(14, 234),
(14, 1923),
(14, 675),
(14, 739),
(14, 1039),
(14, 1948),
(14, 398),
(14, 4213),
(14, 1428),
(14, 4086),
(14, 3867),
(14, 3552),
(14, 4988),
(14, 5696),
(14, 590),
(14, 624),
(14, 314),
(14, 2825),
(14, 1993),
(14, 1054),
(14, 2934),
(14, 1638),
(14, 4028),
(14, 2190),
(14, 5343),
(14, 89),
(14, 2353),
(14, 5798),
(14, 3639),
(14, 1072),
(14, 1984),
(14, 4489),
(14, 1958),
(14, 3682),
(14, 1081),
(14, 1857),
(14, 5067),
(14, 1332),
(14, 4849),
(14, 5726),
(14, 3887),
(14, 3738),
(14, 4277),
(14, 35),
(14, 4097),
(14, 1642),
(14, 567),
(14, 3905),
(14, 597),
(14, 221),
(14, 2759),
(14, 307),
(14, 4186),
(14, 4319),
(14, 1786),
(14, 4190),
(14, 2561),
(14, 2563),
(14, 5878),
(14, 1616),
(14, 2139),
(14, 6011),
(14, 33),
(14, 4426),
(14, 1021),
(14, 2409),
(14, 3960),
(14, 863),
(14, 1957),
(14, 4929),
(14, 4565),
(14, 713),
(14, 1465),
(14, 4402),
(14, 517),
(14, 5713),
(14, 1430),
(14, 5086),
(14, 706),
(14, 2111),
(14, 5910),
(14, 5573),
(14, 5491),
(14, 2912),
(14, 773),
(14, 2192),
(14, 720),
(14, 3940),
(14, 6168),
(14, 2868),
(14, 6197),
(14, 2186),
(14, 4436),
(14, 2655),
(14, 2042),
(14, 1187),
(14, 6040),
(14, 2262),
(14, 5052),
(14, 3420),
(14, 5478),
(14, 378),
(14, 1045),
(14, 4759),
(14, 2986),
(14, 2810),
(14, 5468),
(14, 354),
(14, 5080),
(14, 6195),
(14, 5842),
(14, 5210),
(14, 1225),
(14, 2619),
(14, 3292),
(14, 656),
(14, 5803),
(14, 489),
(14, 1500),
(14, 3253),
(14, 5037),
(14, 704),
(14, 5687),
(14, 3990),
(14, 5757),
(14, 5591),
(14, 131),
(14, 3964),
(14, 2571),
(14, 3891),
(14, 4795),
(14, 2577),
(14, 4042),
(14, 5913),
(14, 2809),
(14, 4295),
(14, 2054),
(14, 5455),
(14, 2273),
(14, 2155),
(14, 1018),
(14, 3082),
(14, 4317),
(14, 3172),
(14, 2361),
(14, 3539),
(14, 2739),
(14, 157),
(14, 1396),
(14, 510),
(14, 6202),
(14, 34),
(14, 3000),
(14, 5133),
(14, 1399),
(14, 91),
(14, 4804),
(14, 1766),
(14, 1201),
(14, 1287),
(14, 3812),
(14, 2579),
(14, 2748),
(14, 5127),
(14, 4616),
(14, 3793),
(14, 5055),
(14, 5566),
(14, 2521),
(14, 2028),
(14, 5338),
(14, 5359),
(14, 3634),
(14, 3614),
(14, 4052),
(14, 1111),
(14, 4176),
(14, 1894),
(14, 2979),
(14, 3415),
(14, 98),
(14, 6053),
(14, 5149),
(14, 882),
(14, 735),
(14, 3441),
(14, 4442),
(14, 2102),
(14, 4870),
(14, 2314),
(14, 5422),
(14, 997),
(14, 1259),
(14, 1402),
(14, 1677),
(14, 5560),
(14, 3030),
(14, 5365),
(14, 1437),
(14, 1887),
(14, 2119),
(14, 1133),
(14, 4533),
(14, 1969),
(14, 2663),
(14, 3757),
(14, 4558),
(14, 5993),
(14, 3551),
(14, 2511),
(14, 2229),
(14, 3729),
(14, 2180),
(14, 4816),
(14, 3014),
(14, 3610),
(14, 5466),
(14, 629),
(14, 3398),
(14, 1804),
(14, 977),
(14, 4179),
(14, 5051),
(14, 668),
(14, 4383),
(14, 268),
(14, 889),
(14, 1475),
(14, 5408),
(14, 1731),
(14, 4002),
(14, 2343),
(14, 5869),
(14, 1606),
(14, 3524),
(14, 3204),
(14, 2165),
(14, 687),
(14, 1278),
(14, 1827),
(14, 351),
(14, 3295),
(14, 4937),
(14, 4546),
(14, 440),
(14, 5488),
(14, 3193),
(14, 661),
(14, 2392),
(14, 6136),
(14, 3735),
(14, 3234),
(14, 5919),
(14, 5627),
(14, 2209),
(14, 514),
(14, 752),
(14, 4935),
(14, 4909),
(14, 5117),
(14, 1932),
(14, 3975),
(14, 4563),
(14, 6214),
(14, 2528),
(14, 502),
(14, 2253),
(14, 5226),
(14, 291),
(14, 1730),
(14, 2114),
(14, 835),
(14, 1364),
(14, 3915),
(14, 1180),
(14, 498),
(14, 4618),
(14, 5087),
(14, 667),
(14, 2096),
(14, 1456),
(14, 5031),
(14, 4877),
(14, 4661),
(14, 3864),
(14, 4480),
(14, 6141),
(14, 2670),
(14, 833),
(14, 678),
(14, 2059),
(14, 1942),
(14, 176),
(14, 282),
(14, 1938),
(14, 1613),
(14, 4427),
(14, 710),
(14, 5374),
(14, 4682),
(14, 2163),
(14, 4257),
(14, 4355),
(14, 4120),
(14, 368),
(14, 1621),
(14, 1643),
(14, 1847),
(14, 5361),
(14, 1635),
(14, 4951),
(14, 1103),
(14, 4451),
(14, 1996),
(14, 6194),
(14, 2847),
(14, 573),
(14, 3842),
(14, 2767),
(14, 2072),
(14, 663),
(14, 2801),
(14, 2291),
(14, 5009),
(14, 6095),
(14, 3098),
(14, 5856),
(14, 2069),
(14, 4607),
(14, 2565),
(14, 5664),
(14, 5841),
(14, 1228),
(14, 1470),
(14, 315),
(14, 4990),
(14, 228),
(14, 791),
(14, 4831),
(14, 2150),
(14, 2147),
(14, 1774),
(14, 4123),
(14, 838),
(14, 152),
(14, 6187),
(14, 504),
(14, 2363),
(14, 2067),
(14, 2036),
(14, 5735),
(14, 112),
(14, 3630),
(14, 231),
(14, 2513),
(14, 456),
(14, 93),
(14, 1134),
(14, 2956),
(14, 3876),
(14, 1964),
(14, 4847),
(14, 5417),
(14, 430),
(14, 1074),
(14, 1866),
(14, 906),
(14, 3558),
(14, 4901),
(14, 4350),
(14, 4037),
(14, 5932),
(14, 957),
(14, 2545),
(14, 2963),
(14, 3683),
(14, 171),
(14, 5790),
(14, 1185),
(14, 3546),
(14, 3318),
(14, 6196),
(14, 3416),
(14, 5023),
(14, 2430),
(14, 1722),
(14, 4318),
(14, 1188),
(14, 2476),
(14, 650),
(14, 2680),
(14, 3886),
(14, 1852),
(14, 2543),
(14, 3167),
(14, 5406),
(14, 3837),
(14, 2592),
(14, 5140),
(14, 5386),
(14, 4587),
(14, 2554),
(14, 1870),
(14, 6217),
(14, 1767),
(14, 206),
(14, 5463),
(14, 5783),
(14, 1316),
(14, 2926),
(14, 5875),
(14, 2450),
(14, 4217),
(14, 5688),
(14, 3750),
(14, 4742),
(14, 1459),
(14, 943),
(14, 3716),
(14, 1436),
(14, 749),
(14, 1799),
(14, 3158),
(14, 5020),
(14, 4070),
(14, 4555),
(14, 2877),
(14, 4310),
(14, 3848),
(14, 5219),
(14, 609),
(14, 547),
(14, 4196),
(14, 2149),
(14, 3780),
(14, 3908),
(14, 5847),
(14, 4743),
(14, 2798),
(14, 3203),
(14, 4431),
(14, 2411),
(14, 3275),
(14, 5493),
(14, 4972),
(14, 4654),
(14, 2976),
(14, 6091),
(14, 548),
(14, 5978),
(14, 5703),
(14, 4708),
(14, 3899),
(14, 298),
(14, 2578),
(14, 4642),
(14, 3458),
(14, 2354),
(14, 3145),
(14, 5376),
(14, 5270),
(14, 2858),
(14, 1298),
(14, 5169),
(14, 4770),
(14, 3133),
(14, 1662),
(14, 174),
(14, 2194),
(14, 2104),
(14, 649),
(14, 5897),
(14, 2570),
(14, 3262),
(14, 6219),
(14, 3266),
(14, 737),
(14, 2804),
(14, 6068),
(14, 930),
(14, 1893),
(14, 5833),
(14, 1748),
(14, 1003),
(14, 5199),
(14, 4311),
(14, 4151),
(14, 1199),
(14, 1204),
(14, 6191),
(14, 1924),
(14, 452),
(14, 723),
(14, 4686),
(14, 6155),
(14, 4334),
(14, 1968),
(14, 3789),
(14, 1254),
(14, 1376),
(14, 241),
(14, 2234),
(14, 1141),
(14, 1381),
(14, 6100),
(14, 2736),
(14, 225),
(14, 3650),
(14, 1790),
(14, 696),
(14, 620),
(14, 4633),
(14, 104),
(14, 1740),
(14, 5746),
(14, 3302),
(14, 2283),
(14, 915),
(14, 3883),
(14, 3914),
(14, 900),
(14, 5595),
(14, 2824),
(14, 191),
(14, 1715),
(4, 6158),
(4, 5941),
(4, 6103),
(4, 5964),
(4, 6023),
(4, 5787),
(4, 5725),
(4, 5906),
(4, 5988),
(4, 5752),
(4, 6111),
(4, 5778),
(4, 6231),
(4, 5976),
(4, 5936),
(4, 5923),
(4, 6104),
(4, 5921),
(4, 5866),
(4, 5967),
(4, 6123),
(4, 5677),
(4, 6152),
(4, 5984),
(4, 6168),
(4, 6020),
(4, 5761),
(4, 5838),
(4, 6094),
(4, 5807),
(4, 5734),
(4, 6222),
(4, 5971),
(4, 6084),
(4, 6096),
(4, 5829),
(4, 6142),
(4, 5998),
(4, 5851),
(4, 5684),
(4, 6201),
(4, 5996),
(4, 6016),
(4, 5793),
(4, 6057),
(4, 6005),
(4, 5731),
(4, 5834),
(4, 5956),
(4, 5948),
(4, 6051),
(4, 5707),
(4, 6151),
(4, 5777),
(4, 6069),
(4, 5799),
(4, 6175),
(4, 5823),
(4, 5857),
(4, 6190),
(4, 5797),
(4, 6033),
(4, 6046),
(4, 6066),
(4, 6185),
(4, 5688),
(4, 6160),
(4, 5824),
(4, 5987),
(4, 5762),
(4, 6212),
(4, 5715),
(4, 6047),
(4, 5721),
(4, 5779),
(4, 6223),
(4, 6000),
(4, 6220),
(4, 5875),
(4, 6210),
(4, 5928),
(4, 6078),
(4, 5794),
(4, 5815),
(4, 5765),
(4, 6064),
(4, 6098),
(4, 5974),
(4, 5714),
(4, 5729),
(4, 5954),
(4, 6181),
(4, 6236),
(4, 5850),
(4, 5709),
(4, 6088),
(4, 5973),
(4, 5953),
(4, 5771),
(4, 5775),
(4, 6200),
(4, 5965),
(4, 6183),
(4, 6059),
(4, 5883),
(4, 5733),
(4, 5922),
(4, 5881),
(4, 5880),
(4, 6221),
(4, 6115),
(4, 5792),
(4, 5692),
(4, 6166),
(4, 5720),
(4, 6079),
(4, 6141),
(4, 5935),
(4, 5991),
(4, 6215),
(4, 6075),
(4, 6061),
(4, 5901),
(4, 5702),
(4, 5746),
(4, 5983),
(4, 5796),
(4, 6131),
(4, 5678),
(4, 5876),
(4, 5840),
(4, 6013),
(4, 6216),
(4, 6102),
(4, 6132),
(4, 5795),
(4, 5776),
(4, 5748),
(4, 6230),
(4, 6196),
(4, 5705),
(4, 5727),
(4, 6139),
(4, 5896),
(4, 6010),
(4, 5781),
(4, 6048),
(4, 6113),
(4, 6206),
(4, 5997),
(4, 5786),
(4, 6055),
(4, 6234),
(4, 5687),
(4, 5698),
(4, 5832),
(4, 5907),
(4, 6145),
(4, 6186),
(4, 6090),
(4, 5914),
(4, 6093),
(4, 5736),
(4, 6163),
(4, 5913),
(4, 5805),
(4, 6082),
(4, 5933),
(4, 6065),
(4, 5844),
(4, 6086),
(4, 5957),
(4, 6040),
(4, 6107),
(4, 5977),
(4, 6076),
(4, 5868),
(4, 5908),
(4, 5861),
(4, 5870),
(4, 6188),
(4, 5719),
(4, 5986),
(4, 5892),
(4, 6049),
(4, 5985),
(4, 5769),
(4, 5847),
(4, 6157),
(4, 6180),
(4, 6202),
(4, 5845),
(4, 6011),
(4, 5706),
(4, 6032),
(4, 6119),
(4, 6117),
(4, 5780),
(4, 6173),
(4, 5869),
(4, 5911),
(4, 6063),
(4, 5839),
(4, 5809),
(4, 5817),
(4, 5863),
(4, 6110),
(4, 5960),
(4, 5831),
(4, 6154),
(4, 5716),
(4, 6226),
(4, 5947),
(4, 6137),
(4, 6019),
(4, 5865),
(4, 5703),
(4, 6129),
(4, 5992),
(4, 5811),
(4, 5927),
(4, 6058),
(4, 5902),
(4, 5718),
(4, 5897),
(4, 5945),
(4, 6039),
(4, 5685),
(4, 5745),
(4, 5864),
(4, 5754),
(4, 5995),
(4, 6053),
(4, 5849),
(4, 5730),
(4, 5818),
(4, 6205),
(4, 6169),
(4, 5820),
(4, 5852),
(4, 5931),
(4, 5790),
(4, 5978),
(4, 6193),
(4, 5791),
(4, 5899),
(4, 6143),
(4, 6017),
(4, 5760),
(4, 5808),
(4, 6025),
(4, 5802),
(4, 5874),
(4, 5695),
(4, 6195),
(4, 6197),
(4, 6081),
(4, 5772),
(4, 5768),
(4, 5751),
(4, 6035),
(4, 6087),
(4, 6060),
(4, 6071),
(4, 6147),
(4, 6217),
(4, 5739),
(4, 6207),
(4, 6191),
(4, 5903),
(4, 5827),
(4, 6130),
(4, 6067),
(4, 6146),
(4, 5872),
(4, 5968),
(11, 768),
(11, 2837),
(11, 1046),
(11, 1318),
(11, 1970),
(11, 2763),
(11, 2292),
(11, 2011),
(11, 790),
(11, 164),
(11, 973),
(11, 2137),
(11, 1550),
(11, 658),
(11, 817),
(11, 2611),
(11, 377),
(11, 2253),
(11, 3324),
(11, 1206),
(11, 417),
(11, 3101),
(11, 2082),
(11, 1090),
(11, 2997),
(11, 2879),
(11, 558),
(11, 2924),
(11, 2141),
(11, 3289),
(11, 626),
(11, 3254),
(11, 1766),
(11, 2236),
(11, 1445),
(11, 2314),
(11, 1377),
(11, 2545),
(11, 2917),
(11, 765),
(11, 2586),
(11, 2354),
(11, 1021),
(11, 2653),
(11, 1888),
(11, 1372),
(11, 2644),
(11, 85),
(11, 1914),
(11, 1401),
(11, 1119),
(11, 189),
(11, 2431),
(11, 1962),
(11, 2807),
(11, 1410),
(11, 1832),
(11, 1485),
(11, 2748),
(11, 1951),
(11, 2222),
(11, 287),
(11, 564),
(11, 536),
(11, 230),
(11, 53),
(11, 1233),
(11, 1455),
(11, 588),
(11, 1587),
(11, 2764),
(11, 1758),
(11, 1994),
(11, 3102),
(11, 28),
(11, 2239),
(11, 203),
(11, 2478),
(11, 67),
(11, 719),
(11, 3228),
(11, 2880),
(11, 1820),
(11, 3310),
(11, 1128),
(11, 896),
(11, 226),
(11, 55),
(11, 2847),
(11, 1523),
(11, 1628),
(11, 2289),
(11, 301),
(11, 1864),
(11, 249),
(11, 3468),
(11, 542),
(11, 1783),
(11, 266),
(11, 1173),
(11, 2928),
(11, 2316),
(11, 69),
(11, 1287),
(11, 1150),
(11, 1080),
(11, 652),
(11, 3236),
(11, 3325),
(11, 1731),
(11, 618),
(11, 1637),
(11, 874),
(11, 456),
(11, 335),
(11, 942),
(11, 2752),
(11, 1133),
(11, 2730),
(11, 606),
(11, 1812),
(11, 2506),
(11, 1406),
(11, 491),
(11, 314),
(11, 1595),
(11, 2598),
(11, 629),
(11, 3079),
(11, 1823),
(11, 2191),
(11, 866),
(11, 3333),
(11, 664),
(11, 3162),
(11, 1991),
(11, 1569),
(11, 1788),
(11, 713),
(11, 989),
(11, 2719),
(11, 357),
(11, 1006),
(11, 1306),
(11, 644),
(11, 3277),
(11, 317),
(11, 2848),
(11, 1784),
(11, 905),
(11, 3103),
(11, 2709),
(11, 3266),
(11, 2148),
(11, 347),
(11, 3151),
(11, 2733),
(11, 2111),
(11, 776),
(11, 3049),
(11, 1389),
(11, 10),
(11, 2691),
(11, 269),
(11, 2169),
(11, 227),
(11, 1075),
(11, 1332),
(11, 2582),
(11, 2332),
(11, 793),
(11, 2821),
(11, 1645),
(11, 407),
(11, 2773),
(11, 1391),
(11, 131),
(11, 559),
(11, 1604),
(11, 2463),
(11, 1011),
(11, 1969),
(11, 1467),
(11, 1893),
(11, 2152),
(11, 2734),
(11, 2826),
(11, 2290),
(11, 834),
(11, 2003),
(11, 1168),
(11, 2886),
(11, 577),
(11, 308),
(11, 721),
(11, 3077),
(11, 3116),
(11, 47),
(11, 2925),
(11, 2615),
(11, 303),
(11, 1292),
(11, 3038),
(11, 1466),
(11, 1819),
(11, 1600),
(11, 3241),
(11, 1163),
(11, 2216),
(11, 1850),
(11, 409),
(11, 268),
(11, 327),
(11, 1770),
(11, 2319),
(11, 1572),
(11, 212),
(11, 2196),
(11, 777),
(11, 2073),
(11, 1244),
(11, 1003),
(11, 1999),
(11, 2626),
(11, 3264),
(11, 2921),
(11, 4),
(11, 2185),
(11, 2583),
(11, 2156),
(11, 2427),
(11, 1968),
(11, 912),
(11, 3265),
(11, 3218),
(11, 2982),
(11, 2900),
(11, 2107),
(11, 305),
(11, 2366),
(11, 1245),
(11, 1775),
(11, 525),
(11, 2120),
(11, 2958),
(11, 1054),
(11, 914),
(11, 2357),
(11, 3385),
(11, 2273),
(11, 2959),
(11, 510),
(11, 52),
(11, 2798),
(11, 2358),
(11, 3017),
(11, 3261),
(11, 1691),
(11, 2507),
(11, 2596),
(11, 1009),
(11, 448),
(11, 2345),
(11, 2102),
(11, 634),
(11, 318),
(11, 3231),
(11, 1084),
(11, 1194),
(11, 137),
(11, 223),
(11, 447),
(11, 1746),
(11, 951),
(11, 1904),
(11, 1950),
(11, 258),
(11, 3160),
(11, 2308),
(11, 2301),
(11, 185),
(11, 2439),
(11, 138),
(11, 2592),
(11, 737),
(11, 2031),
(11, 1294),
(11, 1633),
(11, 74),
(11, 1402),
(11, 2974),
(11, 283),
(11, 813),
(11, 1936),
(11, 1147),
(11, 94),
(11, 533),
(11, 1589),
(11, 2831),
(11, 1051),
(11, 2075),
(11, 1423),
(11, 2741),
(11, 1685),
(11, 1378),
(11, 2381),
(11, 2822),
(11, 1028),
(11, 1871),
(11, 153),
(11, 1534),
(11, 2916),
(11, 846),
(11, 231),
(11, 2122),
(11, 2023),
(11, 96),
(11, 3035),
(11, 2486),
(11, 2177),
(11, 3147),
(11, 2852),
(11, 1896),
(11, 1939),
(11, 1978),
(11, 1327),
(11, 385),
(11, 1564),
(11, 1151),
(11, 2384),
(11, 1469),
(11, 617),
(11, 1495),
(11, 1616),
(11, 2037),
(11, 2893),
(11, 102),
(11, 1794),
(11, 663),
(11, 2518),
(11, 526),
(11, 1837),
(11, 3009),
(11, 2605),
(11, 656),
(11, 1285),
(11, 337),
(11, 2238),
(11, 2133),
(11, 1112),
(11, 37),
(11, 673),
(11, 1160),
(11, 928),
(11, 1179),
(11, 15),
(11, 724),
(11, 962),
(11, 541),
(11, 1432),
(11, 2525),
(11, 1211),
(11, 1443),
(11, 603),
(11, 368),
(11, 2776),
(11, 376),
(11, 1944),
(11, 3281),
(11, 1484),
(11, 2000),
(11, 462),
(11, 597),
(11, 459),
(11, 2496),
(11, 2467),
(11, 233),
(11, 3299),
(11, 2230),
(11, 1976),
(11, 2471),
(11, 703),
(11, 3108),
(11, 1726),
(11, 1113),
(11, 2766),
(11, 1020),
(11, 3075),
(11, 2411),
(11, 2747),
(11, 1979),
(11, 2876),
(11, 831),
(11, 2936),
(11, 3308),
(11, 689),
(11, 1074),
(11, 1067),
(11, 3285),
(11, 169),
(11, 2297),
(11, 171),
(11, 435),
(11, 319),
(11, 3303),
(11, 2013),
(11, 2667),
(11, 2796),
(11, 725),
(11, 1742),
(11, 2429),
(11, 1670),
(11, 3010),
(11, 3359),
(11, 2276),
(11, 1000),
(11, 322),
(11, 1872),
(11, 370),
(11, 362),
(11, 2901),
(11, 963),
(11, 1083),
(11, 3270),
(11, 2114),
(11, 2581),
(11, 1001),
(11, 1583),
(11, 253),
(11, 1346),
(11, 1529),
(11, 3260),
(11, 2578),
(11, 1453),
(11, 895),
(11, 609),
(11, 3196),
(11, 2021),
(11, 353),
(11, 316),
(11, 1050),
(11, 2722),
(11, 694),
(11, 1966),
(11, 1643),
(11, 467),
(11, 25),
(11, 2943),
(11, 856),
(11, 1597),
(11, 1323),
(11, 2313),
(11, 466),
(11, 1145),
(11, 616),
(11, 2058),
(11, 2233),
(11, 1737),
(11, 97),
(11, 2998),
(11, 3070),
(11, 1156),
(11, 2414),
(11, 428),
(11, 60),
(11, 1096),
(11, 2957),
(11, 1385),
(11, 1574),
(11, 1277),
(11, 958),
(11, 1082),
(11, 3469),
(11, 2892),
(11, 2067),
(11, 2992),
(11, 186),
(11, 1359),
(11, 338),
(11, 1098),
(11, 622),
(11, 3276),
(11, 1977),
(11, 1379),
(11, 280),
(11, 3177),
(11, 756),
(11, 1273),
(11, 655),
(11, 3048),
(11, 2448),
(11, 1085),
(11, 2874),
(11, 1279),
(11, 329),
(11, 1748),
(11, 600),
(11, 2261),
(11, 2860),
(11, 1800),
(11, 2938),
(11, 1236),
(11, 2074),
(11, 1302),
(11, 2919),
(11, 302),
(11, 1177),
(11, 2154),
(11, 1132),
(11, 2142),
(11, 2707),
(11, 2305),
(11, 3369),
(11, 693),
(11, 505),
(11, 3128),
(11, 2551),
(11, 1025),
(11, 861),
(11, 439),
(11, 323),
(11, 359),
(11, 473),
(11, 2054),
(11, 842),
(11, 1317),
(11, 1005),
(11, 1029),
(11, 3360),
(11, 780),
(11, 1036),
(11, 3044),
(11, 2264),
(11, 460),
(11, 1081),
(11, 3021),
(11, 2371),
(11, 7),
(11, 3139),
(11, 3022),
(14, 5709),
(14, 1694),
(14, 5172),
(14, 5010),
(4, 5879),
(4, 6192),
(4, 6038),
(4, 5889),
(4, 6044),
(4, 6099),
(4, 5784),
(4, 6034),
(14, 5476),
(14, 1105),
(14, 1113),
(14, 3663),
(14, 4727),
(14, 3382),
(14, 3712),
(14, 4133),
(14, 2167),
(14, 110),
(14, 2300),
(14, 2199),
(14, 6227),
(14, 3287),
(14, 743),
(14, 4773),
(14, 1512),
(14, 6007),
(14, 243),
(14, 5505),
(14, 4229),
(14, 3721),
(14, 30),
(14, 1333),
(14, 5769),
(14, 5942),
(14, 4777),
(14, 194),
(14, 1937),
(14, 3241),
(14, 4443),
(14, 1795),
(14, 3785),
(14, 3872),
(14, 871),
(14, 77),
(14, 5333),
(14, 5597),
(14, 975),
(14, 5839),
(14, 4959),
(14, 2831),
(14, 4637),
(14, 2272),
(14, 4093),
(14, 2722),
(14, 4995),
(14, 3433),
(14, 3065),
(14, 5250),
(14, 2455),
(14, 2338),
(14, 742),
(14, 5639),
(14, 1013),
(14, 1172),
(14, 5568),
(14, 2393),
(14, 950),
(14, 3152),
(14, 971),
(14, 6078),
(14, 5362),
(14, 2726),
(14, 1959),
(14, 4082),
(14, 5596),
(14, 948),
(14, 2917),
(14, 2840),
(14, 3800),
(14, 1564),
(14, 2814),
(14, 6142),
(14, 172),
(14, 1853),
(14, 5323),
(14, 844),
(14, 894),
(14, 5079),
(14, 6085),
(14, 964),
(14, 3184),
(14, 614),
(14, 5397),
(14, 190),
(14, 1326),
(14, 3023),
(14, 2211),
(14, 3135),
(14, 6125),
(14, 3039),
(14, 4940),
(14, 5620),
(14, 4212),
(14, 2535),
(14, 393),
(14, 226),
(14, 3600),
(14, 3284),
(14, 3154),
(14, 965),
(14, 5988),
(14, 2024),
(14, 3767),
(14, 2416),
(14, 3733),
(14, 4746),
(14, 3986),
(14, 2366),
(14, 2152),
(14, 628),
(14, 2388),
(14, 2235),
(14, 4432),
(14, 2559),
(14, 5075),
(14, 459),
(14, 5082),
(14, 4238),
(14, 2064),
(14, 1229),
(14, 5274),
(14, 2084),
(14, 1502),
(14, 3742),
(14, 834),
(14, 4178),
(14, 1733),
(14, 6147),
(14, 477),
(14, 6129),
(14, 1019),
(14, 5443),
(14, 638),
(14, 3845),
(14, 4470),
(14, 2859),
(14, 1988),
(14, 1038),
(14, 3511),
(14, 46),
(14, 3520),
(14, 1518),
(14, 779),
(14, 1901),
(14, 3649),
(14, 1218),
(14, 4140),
(14, 2501),
(14, 5069),
(14, 3584),
(14, 2460),
(14, 4435),
(14, 247),
(14, 5267),
(14, 3196),
(14, 3515),
(14, 4393),
(14, 1584),
(14, 4669),
(14, 922),
(14, 565),
(14, 4322),
(14, 2842),
(14, 3778),
(14, 2606),
(14, 3674),
(14, 5357),
(14, 2645),
(14, 5092),
(14, 1627),
(14, 4406),
(14, 1253),
(14, 1034),
(14, 6127),
(14, 2423),
(14, 5793),
(14, 5511),
(14, 4713),
(14, 1772),
(14, 6101),
(14, 4993),
(14, 4876),
(14, 2037),
(14, 1362),
(14, 5391),
(14, 4340),
(14, 1268),
(14, 1250),
(14, 4477),
(14, 433),
(14, 108),
(14, 5791),
(14, 1841),
(14, 300),
(14, 568),
(14, 1883),
(14, 3548),
(14, 2001),
(14, 5598),
(14, 2727),
(14, 4150),
(14, 3662),
(14, 2151),
(14, 3550),
(14, 3601),
(14, 4954),
(14, 1682),
(14, 492),
(14, 4946),
(14, 4803),
(14, 4245),
(14, 4764),
(14, 3644),
(14, 5050),
(14, 3855),
(14, 266),
(14, 3063),
(14, 5461),
(14, 2043),
(14, 2738),
(14, 3734),
(14, 4414),
(14, 6118),
(14, 4689),
(14, 1653),
(14, 2052),
(14, 4652),
(14, 4117),
(14, 2000),
(14, 5221),
(11, 2328),
(11, 546),
(11, 2833),
(11, 12),
(11, 1033),
(11, 3000),
(11, 1188),
(11, 1697),
(11, 1541),
(11, 3345),
(11, 1724),
(11, 2672),
(11, 2792),
(11, 1949),
(11, 2342),
(11, 1460),
(11, 955),
(11, 2416),
(11, 215),
(11, 562),
(11, 1760),
(11, 944),
(11, 1984),
(11, 105),
(11, 2193),
(11, 2622),
(11, 3036),
(11, 1524),
(11, 1518),
(11, 1441),
(11, 1507),
(11, 2710),
(11, 1155),
(11, 1405),
(11, 2528),
(11, 1087),
(11, 2828),
(11, 1439),
(11, 2772),
(11, 3133),
(10, 1256),
(11, 3215),
(11, 2509),
(11, 1149),
(11, 3104),
(11, 615),
(11, 2830),
(11, 1520),
(11, 880),
(11, 3235),
(11, 735),
(11, 2393),
(11, 1845),
(11, 2777),
(11, 106),
(11, 285),
(11, 2392),
(11, 2902),
(11, 2444),
(11, 2724),
(11, 2),
(11, 1816),
(11, 502),
(11, 648),
(11, 365),
(11, 2094),
(11, 274),
(11, 3053),
(11, 2285),
(11, 2181),
(11, 926),
(11, 1689),
(11, 290),
(11, 434),
(11, 2441),
(11, 1463),
(11, 1570),
(11, 1671),
(11, 2682),
(11, 386),
(11, 2129),
(11, 811),
(11, 2685),
(11, 48),
(11, 2649),
(11, 2433),
(11, 515),
(11, 3377),
(11, 1094),
(11, 1985),
(11, 1937),
(11, 360),
(11, 2435),
(11, 2014),
(11, 1447),
(11, 2241),
(11, 2127),
(11, 3353),
(11, 674),
(11, 1418),
(11, 910),
(11, 983),
(11, 1062),
(11, 3174),
(11, 1093),
(4, 5690),
(4, 6092),
(4, 6003),
(3, 27),
(3, 63),
(3, 88),
(3, 73),
(3, 110),
(3, 135),
(3, 67),
(3, 34),
(3, 99),
(3, 77),
(3, 139),
(3, 22),
(3, 104),
(3, 81),
(3, 97),
(3, 80),
(3, 17),
(3, 32),
(3, 95),
(3, 82),
(3, 36),
(4, 5938),
(4, 6054),
(4, 5710),
(4, 5961),
(4, 5848),
(4, 5884),
(9, 89),
(4, 5886),
(4, 5724),
(4, 6101),
(3, 64),
(3, 13),
(11, 1338),
(11, 2232),
(11, 1657),
(11, 1641),
(3, 33),
(3, 44),
(4, 5937),
(4, 5925),
(4, 6112),
(14, 4771),
(14, 6094),
(14, 2278),
(9, 230),
(9, 91),
(9, 115),
(9, 198),
(15, 1178),
(15, 982),
(15, 788),
(15, 1108),
(15, 784),
(15, 673),
(15, 785),
(15, 778),
(15, 910),
(15, 923),
(15, 1106),
(15, 872),
(15, 934),
(15, 727),
(15, 1146),
(15, 644),
(15, 700),
(15, 1130);

-- --------------------------------------------------------

--
-- Table structure for table `mushaf`
--

CREATE TABLE `mushaf` (
  `id` int(11) NOT NULL,
  `urut` int(11) NOT NULL,
  `juz` int(11) NOT NULL,
  `halaman` int(11) NOT NULL,
  `surat` int(11) NOT NULL,
  `ayat` int(11) NOT NULL,
  `mutasyabihat` int(11) NOT NULL
) ENGINE=InnoDB DEFAULT CHARSET=utf8mb4 COLLATE=utf8mb4_general_ci;

--
-- Dumping data for table `mushaf`
--

INSERT INTO `mushaf` (`id`, `urut`, `juz`, `halaman`, `surat`, `ayat`, `mutasyabihat`) VALUES
(1, 1, 1, 1, 1, 1, 0),
(2, 2, 1, 1, 1, 2, 0),
(3, 3, 1, 1, 1, 3, 0),
(4, 4, 1, 1, 1, 4, 0),
(5, 5, 1, 1, 1, 5, 0),
(6, 6, 1, 1, 1, 6, 0),
(7, 7, 1, 1, 1, 7, 0),
(8, 8, 1, 2, 2, 1, 1),
(9, 9, 1, 2, 2, 2, 1),
(10, 10, 1, 2, 2, 3, 0),
(11, 11, 1, 2, 2, 4, 0),
(12, 12, 1, 2, 2, 5, 1),
(13, 13, 1, 3, 2, 6, 0),
(14, 14, 1, 3, 2, 7, 0),
(15, 15, 1, 3, 2, 8, 1),
(16, 16, 1, 3, 2, 9, 0),
(17, 17, 1, 3, 2, 10, 0),
(18, 18, 1, 3, 2, 11, 0),
(19, 19, 1, 3, 2, 12, 0),
(20, 20, 1, 3, 2, 13, 1),
(21, 21, 1, 3, 2, 14, 1),
(22, 22, 1, 3, 2, 15, 0),
(23, 23, 1, 3, 2, 16, 1),
(24, 24, 1, 4, 2, 17, 0),
(25, 25, 1, 4, 2, 18, 1),
(26, 26, 1, 4, 2, 19, 0),
(27, 27, 1, 4, 2, 20, 0),
(28, 28, 1, 4, 2, 21, 0),
(29, 29, 1, 4, 2, 22, 1),
(30, 30, 1, 4, 2, 23, 1),
(31, 31, 1, 4, 2, 24, 0),
(32, 32, 1, 5, 2, 25, 0),
(33, 33, 1, 5, 2, 26, 0),
(34, 34, 1, 5, 2, 27, 0),
(35, 35, 1, 5, 2, 28, 1),
(36, 36, 1, 5, 2, 29, 0),
(37, 37, 1, 6, 2, 30, 0),
(38, 38, 1, 6, 2, 31, 0),
(39, 39, 1, 6, 2, 32, 1),
(40, 40, 1, 6, 2, 33, 0),
(41, 41, 1, 6, 2, 34, 1),
(42, 42, 1, 6, 2, 35, 1),
(43, 43, 1, 6, 2, 36, 1),
(44, 44, 1, 6, 2, 37, 0),
(45, 45, 1, 7, 2, 38, 0),
(46, 46, 1, 7, 2, 39, 1),
(47, 47, 1, 7, 2, 40, 1),
(48, 48, 1, 7, 2, 41, 0),
(49, 49, 1, 7, 2, 42, 0),
(50, 50, 1, 7, 2, 43, 0),
(51, 51, 1, 7, 2, 44, 0),
(52, 52, 1, 7, 2, 45, 0),
(53, 53, 1, 7, 2, 46, 0),
(54, 54, 1, 7, 2, 47, 0),
(55, 55, 1, 7, 2, 48, 1),
(56, 56, 1, 8, 2, 49, 1),
(57, 57, 1, 8, 2, 50, 0),
(58, 58, 1, 8, 2, 51, 0),
(59, 59, 1, 8, 2, 52, 0),
(60, 60, 1, 8, 2, 53, 0),
(61, 61, 1, 8, 2, 54, 1),
(62, 62, 1, 8, 2, 55, 0),
(63, 63, 1, 8, 2, 56, 0),
(64, 64, 1, 8, 2, 57, 0),
(65, 65, 1, 9, 2, 58, 1),
(66, 66, 1, 9, 2, 59, 1),
(67, 67, 1, 9, 2, 60, 0),
(68, 68, 1, 9, 2, 61, 1),
(69, 69, 1, 10, 2, 62, 1),
(70, 70, 1, 10, 2, 63, 0),
(71, 71, 1, 10, 2, 64, 0),
(72, 72, 1, 10, 2, 65, 0),
(73, 73, 1, 10, 2, 66, 0),
(74, 74, 1, 10, 2, 67, 1),
(75, 75, 1, 10, 2, 68, 0),
(76, 76, 1, 10, 2, 69, 0),
(77, 77, 1, 11, 2, 70, 0),
(78, 78, 1, 11, 2, 71, 0),
(79, 79, 1, 11, 2, 72, 0),
(80, 80, 1, 11, 2, 73, 0),
(81, 81, 1, 11, 2, 74, 0),
(82, 82, 1, 11, 2, 75, 0),
(83, 83, 1, 11, 2, 76, 1),
(84, 84, 1, 12, 2, 77, 0),
(85, 85, 1, 12, 2, 78, 0),
(86, 86, 1, 12, 2, 79, 0),
(87, 87, 1, 12, 2, 80, 1),
(88, 88, 1, 12, 2, 81, 0),
(89, 89, 1, 12, 2, 82, 0),
(90, 90, 1, 12, 2, 83, 0),
(91, 91, 1, 13, 2, 84, 0),
(92, 92, 1, 13, 2, 85, 0),
(93, 93, 1, 13, 2, 86, 1),
(94, 94, 1, 13, 2, 87, 1),
(95, 95, 1, 13, 2, 88, 0),
(96, 96, 1, 14, 2, 89, 0),
(97, 97, 1, 14, 2, 90, 0),
(98, 98, 1, 14, 2, 91, 1),
(99, 99, 1, 14, 2, 92, 0),
(100, 100, 1, 14, 2, 93, 0),
(101, 101, 1, 15, 2, 94, 0),
(102, 102, 1, 15, 2, 95, 1),
(103, 103, 1, 15, 2, 96, 0),
(104, 104, 1, 15, 2, 97, 0),
(105, 105, 1, 15, 2, 98, 0),
(106, 106, 1, 15, 2, 99, 0),
(107, 107, 1, 15, 2, 100, 0),
(108, 108, 1, 15, 2, 101, 0),
(109, 109, 1, 16, 2, 102, 0),
(110, 110, 1, 16, 2, 103, 0),
(111, 111, 1, 16, 2, 104, 0),
(112, 112, 1, 16, 2, 105, 0),
(113, 113, 1, 17, 2, 106, 1),
(114, 114, 1, 17, 2, 107, 1),
(115, 115, 1, 17, 2, 108, 0),
(116, 116, 1, 17, 2, 109, 0),
(117, 117, 1, 17, 2, 110, 0),
(118, 118, 1, 17, 2, 111, 0),
(119, 119, 1, 17, 2, 112, 0),
(120, 120, 1, 18, 2, 113, 0),
(121, 121, 1, 18, 2, 114, 0),
(122, 122, 1, 18, 2, 115, 0),
(123, 123, 1, 18, 2, 116, 1),
(124, 124, 1, 18, 2, 117, 1),
(125, 125, 1, 18, 2, 118, 0),
(126, 126, 1, 18, 2, 119, 1),
(127, 127, 1, 19, 2, 120, 1),
(128, 128, 1, 19, 2, 121, 1),
(129, 129, 1, 19, 2, 122, 1),
(130, 130, 1, 19, 2, 123, 1),
(131, 131, 1, 19, 2, 124, 0),
(132, 132, 1, 19, 2, 125, 0),
(133, 133, 1, 19, 2, 126, 0),
(134, 134, 1, 20, 2, 127, 0),
(135, 135, 1, 20, 2, 128, 0),
(136, 136, 1, 20, 2, 129, 0),
(137, 137, 1, 20, 2, 130, 0),
(138, 138, 1, 20, 2, 131, 0),
(139, 139, 1, 20, 2, 132, 0),
(140, 140, 1, 20, 2, 133, 0),
(141, 141, 1, 20, 2, 134, 1),
(142, 142, 1, 21, 2, 135, 0),
(143, 143, 1, 21, 2, 136, 1),
(144, 144, 1, 21, 2, 137, 0),
(145, 145, 1, 21, 2, 138, 0),
(146, 146, 1, 21, 2, 139, 0),
(147, 147, 1, 21, 2, 140, 0),
(148, 148, 1, 21, 2, 141, 1),
(149, 149, 2, 22, 2, 142, 0),
(150, 150, 2, 22, 2, 143, 1),
(151, 151, 2, 22, 2, 144, 0),
(152, 152, 2, 22, 2, 145, 1),
(153, 153, 2, 23, 2, 146, 1),
(154, 154, 2, 23, 2, 147, 1),
(155, 155, 2, 23, 2, 148, 0),
(156, 156, 2, 23, 2, 149, 0),
(157, 157, 2, 23, 2, 150, 0),
(158, 158, 2, 23, 2, 151, 0),
(159, 159, 2, 23, 2, 152, 0),
(160, 160, 2, 23, 2, 153, 0),
(161, 161, 2, 24, 2, 154, 0),
(162, 162, 2, 24, 2, 155, 0),
(163, 163, 2, 24, 2, 156, 0),
(164, 164, 2, 24, 2, 157, 0),
(165, 165, 2, 24, 2, 158, 0),
(166, 166, 2, 24, 2, 159, 1),
(167, 167, 2, 24, 2, 160, 1),
(168, 168, 2, 24, 2, 161, 1),
(169, 169, 2, 24, 2, 162, 1),
(170, 170, 2, 24, 2, 163, 0),
(171, 171, 2, 25, 2, 164, 1),
(172, 172, 2, 25, 2, 165, 0),
(173, 173, 2, 25, 2, 166, 0),
(174, 174, 2, 25, 2, 167, 0),
(175, 175, 2, 25, 2, 168, 0),
(176, 176, 2, 25, 2, 169, 0),
(177, 177, 2, 26, 2, 170, 1),
(178, 178, 2, 26, 2, 171, 1),
(179, 179, 2, 26, 2, 172, 0),
(180, 180, 2, 26, 2, 173, 1),
(181, 181, 2, 26, 2, 174, 1),
(182, 182, 2, 26, 2, 175, 1),
(183, 183, 2, 26, 2, 176, 0),
(184, 184, 2, 27, 2, 177, 0),
(185, 185, 2, 27, 2, 178, 0),
(186, 186, 2, 27, 2, 179, 0),
(187, 187, 2, 27, 2, 180, 0),
(188, 188, 2, 27, 2, 181, 0),
(189, 189, 2, 28, 2, 182, 0),
(190, 190, 2, 28, 2, 183, 0),
(191, 191, 2, 28, 2, 184, 0),
(192, 192, 2, 28, 2, 185, 0),
(193, 193, 2, 28, 2, 186, 0),
(194, 194, 2, 29, 2, 187, 0),
(195, 195, 2, 29, 2, 188, 0),
(196, 196, 2, 29, 2, 189, 0),
(197, 197, 2, 29, 2, 190, 1),
(198, 198, 2, 30, 2, 191, 0),
(199, 199, 2, 30, 2, 192, 0),
(200, 200, 2, 30, 2, 193, 1),
(201, 201, 2, 30, 2, 194, 0),
(202, 202, 2, 30, 2, 195, 0),
(203, 203, 2, 30, 2, 196, 0),
(204, 204, 2, 31, 2, 197, 0),
(205, 205, 2, 31, 2, 198, 1),
(206, 206, 2, 31, 2, 199, 0),
(207, 207, 2, 31, 2, 200, 0),
(208, 208, 2, 31, 2, 201, 0),
(209, 209, 2, 31, 2, 202, 0),
(210, 210, 2, 32, 2, 203, 0),
(211, 211, 2, 32, 2, 204, 0),
(212, 212, 2, 32, 2, 205, 0),
(213, 213, 2, 32, 2, 206, 0),
(214, 214, 2, 32, 2, 207, 0),
(215, 215, 2, 32, 2, 208, 0),
(216, 216, 2, 32, 2, 209, 0),
(217, 217, 2, 32, 2, 210, 1),
(218, 218, 2, 33, 2, 211, 0),
(219, 219, 2, 33, 2, 212, 0),
(220, 220, 2, 33, 2, 213, 0),
(221, 221, 2, 33, 2, 214, 1),
(222, 222, 2, 33, 2, 215, 0),
(223, 223, 2, 34, 2, 216, 0),
(224, 224, 2, 34, 2, 217, 0),
(225, 225, 2, 34, 2, 218, 1),
(226, 226, 2, 34, 2, 219, 0),
(227, 227, 2, 35, 2, 220, 0),
(228, 228, 2, 35, 2, 221, 0),
(229, 229, 2, 35, 2, 222, 0),
(230, 230, 2, 35, 2, 223, 0),
(231, 231, 2, 35, 2, 224, 1),
(232, 232, 2, 36, 2, 225, 1),
(233, 233, 2, 36, 2, 226, 0),
(234, 234, 2, 36, 2, 227, 0),
(235, 235, 2, 36, 2, 228, 0),
(236, 236, 2, 36, 2, 229, 0),
(237, 237, 2, 36, 2, 230, 0),
(238, 238, 2, 37, 2, 231, 1),
(239, 239, 2, 37, 2, 232, 1),
(240, 240, 2, 37, 2, 233, 0),
(241, 241, 2, 38, 2, 234, 1),
(242, 242, 2, 38, 2, 235, 0),
(243, 243, 2, 38, 2, 236, 0),
(244, 244, 2, 38, 2, 237, 0),
(245, 245, 2, 39, 2, 238, 0),
(246, 246, 2, 39, 2, 239, 0),
(247, 247, 2, 39, 2, 240, 1),
(248, 248, 2, 39, 2, 241, 0),
(249, 249, 2, 39, 2, 242, 0),
(250, 250, 2, 39, 2, 243, 0),
(251, 251, 2, 39, 2, 244, 0),
(252, 252, 2, 39, 2, 245, 1),
(253, 253, 2, 40, 2, 246, 0),
(254, 254, 2, 40, 2, 247, 0),
(255, 255, 2, 40, 2, 248, 0),
(256, 256, 2, 41, 2, 249, 0),
(257, 257, 2, 41, 2, 250, 0),
(258, 258, 2, 41, 2, 251, 0),
(259, 259, 2, 41, 2, 252, 1),
(260, 260, 3, 42, 2, 253, 0),
(261, 261, 3, 42, 2, 254, 0),
(262, 262, 3, 42, 2, 255, 0),
(263, 263, 3, 42, 2, 256, 0),
(264, 264, 3, 43, 2, 257, 0),
(265, 265, 3, 43, 2, 258, 0),
(266, 266, 3, 43, 2, 259, 0),
(267, 267, 3, 44, 2, 260, 0),
(268, 268, 3, 44, 2, 261, 0),
(269, 269, 3, 44, 2, 262, 0),
(270, 270, 3, 44, 2, 263, 0),
(271, 271, 3, 44, 2, 264, 0),
(272, 272, 3, 45, 2, 265, 0),
(273, 273, 3, 45, 2, 266, 0),
(274, 274, 3, 45, 2, 267, 0),
(275, 275, 3, 45, 2, 268, 0),
(276, 276, 3, 45, 2, 269, 0),
(277, 277, 3, 46, 2, 270, 0),
(278, 278, 3, 46, 2, 271, 1),
(279, 279, 3, 46, 2, 272, 0),
(280, 280, 3, 46, 2, 273, 0),
(281, 281, 3, 46, 2, 274, 0),
(282, 282, 3, 47, 2, 275, 0),
(283, 283, 3, 47, 2, 276, 0),
(284, 284, 3, 47, 2, 277, 0),
(285, 285, 3, 47, 2, 278, 1),
(286, 286, 3, 47, 2, 279, 0),
(287, 287, 3, 47, 2, 280, 0),
(288, 288, 3, 47, 2, 281, 0),
(289, 289, 3, 48, 2, 282, 0),
(290, 290, 3, 49, 2, 283, 0),
(291, 291, 3, 49, 2, 284, 1),
(292, 292, 3, 49, 2, 285, 0),
(293, 293, 3, 49, 2, 286, 0),
(294, 294, 3, 50, 3, 1, 1),
(295, 295, 3, 50, 3, 2, 1),
(296, 296, 3, 50, 3, 3, 0),
(297, 297, 3, 50, 3, 4, 0),
(298, 298, 3, 50, 3, 5, 0),
(299, 299, 3, 50, 3, 6, 0),
(300, 300, 3, 50, 3, 7, 0),
(301, 301, 3, 50, 3, 8, 0),
(302, 302, 3, 50, 3, 9, 0),
(303, 303, 3, 51, 3, 10, 1),
(304, 304, 3, 51, 3, 11, 1),
(305, 305, 3, 51, 3, 12, 1),
(306, 306, 3, 51, 3, 13, 0),
(307, 307, 3, 51, 3, 14, 0),
(308, 308, 3, 51, 3, 15, 0),
(309, 309, 3, 52, 3, 16, 0),
(310, 310, 3, 52, 3, 17, 0),
(311, 311, 3, 52, 3, 18, 0),
(312, 312, 3, 52, 3, 19, 0),
(313, 313, 3, 52, 3, 20, 0),
(314, 314, 3, 52, 3, 21, 1),
(315, 315, 3, 52, 3, 22, 0),
(316, 316, 3, 53, 3, 23, 1),
(317, 317, 3, 53, 3, 24, 1),
(318, 318, 3, 53, 3, 25, 0),
(319, 319, 3, 53, 3, 26, 0),
(320, 320, 3, 53, 3, 27, 0),
(321, 321, 3, 53, 3, 28, 1),
(322, 322, 3, 53, 3, 29, 0),
(323, 323, 3, 54, 3, 30, 0),
(324, 324, 3, 54, 3, 31, 0),
(325, 325, 3, 54, 3, 32, 1),
(326, 326, 3, 54, 3, 33, 0),
(327, 327, 3, 54, 3, 34, 0),
(328, 328, 3, 54, 3, 35, 0),
(329, 329, 3, 54, 3, 36, 0),
(330, 330, 3, 54, 3, 37, 0),
(331, 331, 3, 55, 3, 38, 0),
(332, 332, 3, 55, 3, 39, 0),
(333, 333, 3, 55, 3, 40, 1),
(334, 334, 3, 55, 3, 41, 0),
(335, 335, 3, 55, 3, 42, 0),
(336, 336, 3, 55, 3, 43, 0),
(337, 337, 3, 55, 3, 44, 1),
(338, 338, 3, 55, 3, 45, 0),
(339, 339, 3, 56, 3, 46, 0),
(340, 340, 3, 56, 3, 47, 1),
(341, 341, 3, 56, 3, 48, 0),
(342, 342, 3, 56, 3, 49, 0),
(343, 343, 3, 56, 3, 50, 0),
(344, 344, 3, 56, 3, 51, 1),
(345, 345, 3, 56, 3, 52, 0),
(346, 346, 3, 57, 3, 53, 0),
(347, 347, 3, 57, 3, 54, 0),
(348, 348, 3, 57, 3, 55, 0),
(349, 349, 3, 57, 3, 56, 0),
(350, 350, 3, 57, 3, 57, 0),
(351, 351, 3, 57, 3, 58, 0),
(352, 352, 3, 57, 3, 59, 0),
(353, 353, 3, 57, 3, 60, 1),
(354, 354, 3, 57, 3, 61, 0),
(355, 355, 3, 58, 3, 62, 0),
(356, 356, 3, 58, 3, 63, 1),
(357, 357, 3, 58, 3, 64, 1),
(358, 358, 3, 58, 3, 65, 0),
(359, 359, 3, 58, 3, 66, 0),
(360, 360, 3, 58, 3, 67, 0),
(361, 361, 3, 58, 3, 68, 0),
(362, 362, 3, 58, 3, 69, 0),
(363, 363, 3, 58, 3, 70, 0),
(364, 364, 3, 59, 3, 71, 0),
(365, 365, 3, 59, 3, 72, 0),
(366, 366, 3, 59, 3, 73, 0),
(367, 367, 3, 59, 3, 74, 0),
(368, 368, 3, 59, 3, 75, 0),
(369, 369, 3, 59, 3, 76, 0),
(370, 370, 3, 59, 3, 77, 0),
(371, 371, 3, 60, 3, 78, 0),
(372, 372, 3, 60, 3, 79, 0),
(373, 373, 3, 60, 3, 80, 0),
(374, 374, 3, 60, 3, 81, 0),
(375, 375, 3, 60, 3, 82, 0),
(376, 376, 3, 60, 3, 83, 0),
(377, 377, 3, 61, 3, 84, 1),
(378, 378, 3, 61, 3, 85, 0),
(379, 379, 3, 61, 3, 86, 0),
(380, 380, 3, 61, 3, 87, 0),
(381, 381, 3, 61, 3, 88, 1),
(382, 382, 3, 61, 3, 89, 1),
(383, 383, 3, 61, 3, 90, 1),
(384, 384, 3, 61, 3, 91, 1),
(385, 385, 4, 62, 3, 92, 0),
(386, 386, 4, 62, 3, 93, 0),
(387, 387, 4, 62, 3, 94, 0),
(388, 388, 4, 62, 3, 95, 0),
(389, 389, 4, 62, 3, 96, 0),
(390, 390, 4, 62, 3, 97, 0),
(391, 391, 4, 62, 3, 98, 1),
(392, 392, 4, 62, 3, 99, 0),
(393, 393, 4, 62, 3, 100, 0),
(394, 394, 4, 63, 3, 101, 1),
(395, 395, 4, 63, 3, 102, 1),
(396, 396, 4, 63, 3, 103, 0),
(397, 397, 4, 63, 3, 104, 0),
(398, 398, 4, 63, 3, 105, 0),
(399, 399, 4, 63, 3, 106, 0),
(400, 400, 4, 63, 3, 107, 0),
(401, 401, 4, 63, 3, 108, 1),
(402, 402, 4, 64, 3, 109, 0),
(403, 403, 4, 64, 3, 110, 0),
(404, 404, 4, 64, 3, 111, 0),
(405, 405, 4, 64, 3, 112, 1),
(406, 406, 4, 64, 3, 113, 0),
(407, 407, 4, 64, 3, 114, 0),
(408, 408, 4, 64, 3, 115, 0),
(409, 409, 4, 65, 3, 116, 1),
(410, 410, 4, 65, 3, 117, 0),
(411, 411, 4, 65, 3, 118, 0),
(412, 412, 4, 65, 3, 119, 0),
(413, 413, 4, 65, 3, 120, 1),
(414, 414, 4, 65, 3, 121, 0),
(415, 415, 4, 66, 3, 122, 0),
(416, 416, 4, 66, 3, 123, 0),
(417, 417, 4, 66, 3, 124, 0),
(418, 418, 4, 66, 3, 125, 0),
(419, 419, 4, 66, 3, 126, 1),
(420, 420, 4, 66, 3, 127, 0),
(421, 421, 4, 66, 3, 128, 0),
(422, 422, 4, 66, 3, 129, 0),
(423, 423, 4, 66, 3, 130, 0),
(424, 424, 4, 66, 3, 131, 0),
(425, 425, 4, 66, 3, 132, 1),
(426, 426, 4, 67, 3, 133, 1),
(427, 427, 4, 67, 3, 134, 0),
(428, 428, 4, 67, 3, 135, 0),
(429, 429, 4, 67, 3, 136, 0),
(430, 430, 4, 67, 3, 137, 0),
(431, 431, 4, 67, 3, 138, 0),
(432, 432, 4, 67, 3, 139, 0),
(433, 433, 4, 67, 3, 140, 0),
(434, 434, 4, 68, 3, 141, 0),
(435, 435, 4, 68, 3, 142, 1),
(436, 436, 4, 68, 3, 143, 0),
(437, 437, 4, 68, 3, 144, 0),
(438, 438, 4, 68, 3, 145, 0),
(439, 439, 4, 68, 3, 146, 1),
(440, 440, 4, 68, 3, 147, 0),
(441, 441, 4, 68, 3, 148, 0),
(442, 442, 4, 69, 3, 149, 0),
(443, 443, 4, 69, 3, 150, 0),
(444, 444, 4, 69, 3, 151, 0),
(445, 445, 4, 69, 3, 152, 0),
(446, 446, 4, 69, 3, 153, 0),
(447, 447, 4, 70, 3, 154, 0),
(448, 448, 4, 70, 3, 155, 0),
(449, 449, 4, 70, 3, 156, 0),
(450, 450, 4, 70, 3, 157, 0),
(451, 451, 4, 71, 3, 158, 0),
(452, 452, 4, 71, 3, 159, 0),
(453, 453, 4, 71, 3, 160, 0),
(454, 454, 4, 71, 3, 161, 0),
(455, 455, 4, 71, 3, 162, 0),
(456, 456, 4, 71, 3, 163, 0),
(457, 457, 4, 71, 3, 164, 0),
(458, 458, 4, 71, 3, 165, 0),
(459, 459, 4, 72, 3, 166, 0),
(460, 460, 4, 72, 3, 167, 0),
(461, 461, 4, 72, 3, 168, 0),
(462, 462, 4, 72, 3, 169, 1),
(463, 463, 4, 72, 3, 170, 0),
(464, 464, 4, 72, 3, 171, 0),
(465, 465, 4, 72, 3, 172, 0),
(466, 466, 4, 72, 3, 173, 0),
(467, 467, 4, 73, 3, 174, 0),
(468, 468, 4, 73, 3, 175, 0),
(469, 469, 4, 73, 3, 176, 1),
(470, 470, 4, 73, 3, 177, 0),
(471, 471, 4, 73, 3, 178, 1),
(472, 472, 4, 73, 3, 179, 0),
(473, 473, 4, 73, 3, 180, 1),
(474, 474, 4, 74, 3, 181, 0),
(475, 475, 4, 74, 3, 182, 1),
(476, 476, 4, 74, 3, 183, 0),
(477, 477, 4, 74, 3, 184, 1),
(478, 478, 4, 74, 3, 185, 1),
(479, 479, 4, 74, 3, 186, 0),
(480, 480, 4, 75, 3, 187, 0),
(481, 481, 4, 75, 3, 188, 1),
(482, 482, 4, 75, 3, 189, 0),
(483, 483, 4, 75, 3, 190, 1),
(484, 484, 4, 75, 3, 191, 0),
(485, 485, 4, 75, 3, 192, 0),
(486, 486, 4, 75, 3, 193, 0),
(487, 487, 4, 75, 3, 194, 0),
(488, 488, 4, 76, 3, 195, 0),
(489, 489, 4, 76, 3, 196, 0),
(490, 490, 4, 76, 3, 197, 0),
(491, 491, 4, 76, 3, 198, 1),
(492, 492, 4, 76, 3, 199, 0),
(493, 493, 4, 76, 3, 200, 0),
(494, 494, 4, 77, 4, 1, 1),
(495, 495, 4, 77, 4, 2, 0),
(496, 496, 4, 77, 4, 3, 0),
(497, 497, 4, 77, 4, 4, 0),
(498, 498, 4, 77, 4, 5, 0),
(499, 499, 4, 77, 4, 6, 0),
(500, 500, 4, 78, 4, 7, 0),
(501, 501, 4, 78, 4, 8, 0),
(502, 502, 4, 78, 4, 9, 0),
(503, 503, 4, 78, 4, 10, 0),
(504, 504, 4, 78, 4, 11, 0),
(505, 505, 4, 79, 4, 12, 0),
(506, 506, 4, 79, 4, 13, 0),
(507, 507, 4, 79, 4, 14, 0),
(508, 508, 4, 80, 4, 15, 0),
(509, 509, 4, 80, 4, 16, 0),
(510, 510, 4, 80, 4, 17, 0),
(511, 511, 4, 80, 4, 18, 0),
(512, 512, 4, 80, 4, 19, 0),
(513, 513, 4, 81, 4, 20, 0),
(514, 514, 4, 81, 4, 21, 0),
(515, 515, 4, 81, 4, 22, 0),
(516, 516, 4, 81, 4, 23, 0),
(517, 517, 5, 82, 4, 24, 0),
(518, 518, 5, 82, 4, 25, 0),
(519, 519, 5, 82, 4, 26, 0),
(520, 520, 5, 83, 4, 27, 0),
(521, 521, 5, 83, 4, 28, 0),
(522, 522, 5, 83, 4, 29, 0),
(523, 523, 5, 83, 4, 30, 0),
(524, 524, 5, 83, 4, 31, 0),
(525, 525, 5, 83, 4, 32, 0),
(526, 526, 5, 83, 4, 33, 0),
(527, 527, 5, 84, 4, 34, 0),
(528, 528, 5, 84, 4, 35, 0),
(529, 529, 5, 84, 4, 36, 0),
(530, 530, 5, 84, 4, 37, 1),
(531, 531, 5, 85, 4, 38, 0),
(532, 532, 5, 85, 4, 39, 0),
(533, 533, 5, 85, 4, 40, 0),
(534, 534, 5, 85, 4, 41, 0),
(535, 535, 5, 85, 4, 42, 0),
(536, 536, 5, 85, 4, 43, 1),
(537, 537, 5, 85, 4, 44, 1),
(538, 538, 5, 86, 4, 45, 0),
(539, 539, 5, 86, 4, 46, 1),
(540, 540, 5, 86, 4, 47, 0),
(541, 541, 5, 86, 4, 48, 1),
(542, 542, 5, 86, 4, 49, 0),
(543, 543, 5, 86, 4, 50, 1),
(544, 544, 5, 86, 4, 51, 1),
(545, 545, 5, 87, 4, 52, 0),
(546, 546, 5, 87, 4, 53, 0),
(547, 547, 5, 87, 4, 54, 0),
(548, 548, 5, 87, 4, 55, 0),
(549, 549, 5, 87, 4, 56, 0),
(550, 550, 5, 87, 4, 57, 1),
(551, 551, 5, 87, 4, 58, 0),
(552, 552, 5, 87, 4, 59, 1),
(553, 553, 5, 88, 4, 60, 0),
(554, 554, 5, 88, 4, 61, 1),
(555, 555, 5, 88, 4, 62, 0),
(556, 556, 5, 88, 4, 63, 0),
(557, 557, 5, 88, 4, 64, 1),
(558, 558, 5, 88, 4, 65, 0),
(559, 559, 5, 89, 4, 66, 0),
(560, 560, 5, 89, 4, 67, 0),
(561, 561, 5, 89, 4, 68, 0),
(562, 562, 5, 89, 4, 69, 0),
(563, 563, 5, 89, 4, 70, 0),
(564, 564, 5, 89, 4, 71, 0),
(565, 565, 5, 89, 4, 72, 0),
(566, 566, 5, 89, 4, 73, 0),
(567, 567, 5, 89, 4, 74, 0),
(568, 568, 5, 90, 4, 75, 0),
(569, 569, 5, 90, 4, 76, 0),
(570, 570, 5, 90, 4, 77, 0),
(571, 571, 5, 90, 4, 78, 0),
(572, 572, 5, 90, 4, 79, 0),
(573, 573, 5, 91, 4, 80, 0),
(574, 574, 5, 91, 4, 81, 1),
(575, 575, 5, 91, 4, 82, 1),
(576, 576, 5, 91, 4, 83, 0),
(577, 577, 5, 91, 4, 84, 0),
(578, 578, 5, 91, 4, 85, 0),
(579, 579, 5, 91, 4, 86, 0),
(580, 580, 5, 92, 4, 87, 0),
(581, 581, 5, 92, 4, 88, 0),
(582, 582, 5, 92, 4, 89, 1),
(583, 583, 5, 92, 4, 90, 0),
(584, 584, 5, 92, 4, 91, 0),
(585, 585, 5, 93, 4, 92, 0),
(586, 586, 5, 93, 4, 93, 0),
(587, 587, 5, 93, 4, 94, 0),
(588, 588, 5, 94, 4, 95, 0),
(589, 589, 5, 94, 4, 96, 0),
(590, 590, 5, 94, 4, 97, 0),
(591, 591, 5, 94, 4, 98, 0),
(592, 592, 5, 94, 4, 99, 0),
(593, 593, 5, 94, 4, 100, 0),
(594, 594, 5, 94, 4, 101, 0),
(595, 595, 5, 95, 4, 102, 0),
(596, 596, 5, 95, 4, 103, 0),
(597, 597, 5, 95, 4, 104, 0),
(598, 598, 5, 95, 4, 105, 1),
(599, 599, 5, 96, 4, 106, 0),
(600, 600, 5, 96, 4, 107, 0),
(601, 601, 5, 96, 4, 108, 0),
(602, 602, 5, 96, 4, 109, 0),
(603, 603, 5, 96, 4, 110, 0),
(604, 604, 5, 96, 4, 111, 0),
(605, 605, 5, 96, 4, 112, 0),
(606, 606, 5, 96, 4, 113, 0),
(607, 607, 5, 97, 4, 114, 0),
(608, 608, 5, 97, 4, 115, 0),
(609, 609, 5, 97, 4, 116, 1),
(610, 610, 5, 97, 4, 117, 0),
(611, 611, 5, 97, 4, 118, 0),
(612, 612, 5, 97, 4, 119, 0),
(613, 613, 5, 97, 4, 120, 0),
(614, 614, 5, 97, 4, 121, 0),
(615, 615, 5, 98, 4, 122, 1),
(616, 616, 5, 98, 4, 123, 0),
(617, 617, 5, 98, 4, 124, 1),
(618, 618, 5, 98, 4, 125, 0),
(619, 619, 5, 98, 4, 126, 0),
(620, 620, 5, 98, 4, 127, 0),
(621, 621, 5, 99, 4, 128, 0),
(622, 622, 5, 99, 4, 129, 0),
(623, 623, 5, 99, 4, 130, 0),
(624, 624, 5, 99, 4, 131, 0),
(625, 625, 5, 99, 4, 132, 0),
(626, 626, 5, 99, 4, 133, 1),
(627, 627, 5, 99, 4, 134, 0),
(628, 628, 5, 100, 4, 135, 1),
(629, 629, 5, 100, 4, 136, 0),
(630, 630, 5, 100, 4, 137, 1),
(631, 631, 5, 100, 4, 138, 0),
(632, 632, 5, 100, 4, 139, 1),
(633, 633, 5, 100, 4, 140, 0),
(634, 634, 5, 101, 4, 141, 0),
(635, 635, 5, 101, 4, 142, 0),
(636, 636, 5, 101, 4, 143, 0),
(637, 637, 5, 101, 4, 144, 1),
(638, 638, 5, 101, 4, 145, 0),
(639, 639, 5, 101, 4, 146, 1),
(640, 640, 5, 101, 4, 147, 0),
(641, 641, 6, 102, 4, 148, 0),
(642, 642, 6, 102, 4, 149, 1),
(643, 643, 6, 102, 4, 150, 0),
(644, 644, 6, 102, 4, 151, 0),
(645, 645, 6, 102, 4, 152, 1),
(646, 646, 6, 102, 4, 153, 0),
(647, 647, 6, 102, 4, 154, 0),
(648, 648, 6, 103, 4, 155, 1),
(649, 649, 6, 103, 4, 156, 0),
(650, 650, 6, 103, 4, 157, 0),
(651, 651, 6, 103, 4, 158, 0),
(652, 652, 6, 103, 4, 159, 0),
(653, 653, 6, 103, 4, 160, 0),
(654, 654, 6, 103, 4, 161, 0),
(655, 655, 6, 103, 4, 162, 0),
(656, 656, 6, 104, 4, 163, 0),
(657, 657, 6, 104, 4, 164, 0),
(658, 658, 6, 104, 4, 165, 0),
(659, 659, 6, 104, 4, 166, 0),
(660, 660, 6, 104, 4, 167, 1),
(661, 661, 6, 104, 4, 168, 0),
(662, 662, 6, 104, 4, 169, 0),
(663, 663, 6, 104, 4, 170, 1),
(664, 664, 6, 105, 4, 171, 1),
(665, 665, 6, 105, 4, 172, 0),
(666, 666, 6, 105, 4, 173, 1),
(667, 667, 6, 105, 4, 174, 1),
(668, 668, 6, 105, 4, 175, 0),
(669, 669, 6, 106, 4, 176, 0),
(670, 670, 6, 106, 5, 1, 1),
(671, 671, 6, 106, 5, 2, 1),
(672, 672, 6, 107, 5, 3, 1),
(673, 673, 6, 107, 5, 4, 0),
(674, 674, 6, 107, 5, 5, 0),
(675, 675, 6, 108, 5, 6, 1),
(676, 676, 6, 108, 5, 7, 0),
(677, 677, 6, 108, 5, 8, 1),
(678, 678, 6, 108, 5, 9, 1),
(679, 679, 6, 109, 5, 10, 1),
(680, 680, 6, 109, 5, 11, 1),
(681, 681, 6, 109, 5, 12, 0),
(682, 682, 6, 109, 5, 13, 1),
(683, 683, 6, 110, 5, 14, 0),
(684, 684, 6, 110, 5, 15, 0),
(685, 685, 6, 110, 5, 16, 0),
(686, 686, 6, 110, 5, 17, 1),
(687, 687, 6, 111, 5, 18, 1),
(688, 688, 6, 111, 5, 19, 0),
(689, 689, 6, 111, 5, 20, 1),
(690, 690, 6, 111, 5, 21, 0),
(691, 691, 6, 111, 5, 22, 0),
(692, 692, 6, 111, 5, 23, 0),
(693, 693, 6, 112, 5, 24, 0),
(694, 694, 6, 112, 5, 25, 0),
(695, 695, 6, 112, 5, 26, 0),
(696, 696, 6, 112, 5, 27, 0),
(697, 697, 6, 112, 5, 28, 0),
(698, 698, 6, 112, 5, 29, 0),
(699, 699, 6, 112, 5, 30, 0),
(700, 700, 6, 112, 5, 31, 0),
(701, 701, 6, 113, 5, 32, 0),
(702, 702, 6, 113, 5, 33, 0),
(703, 703, 6, 113, 5, 34, 1),
(704, 704, 6, 113, 5, 35, 1),
(705, 705, 6, 113, 5, 36, 1),
(706, 706, 6, 114, 5, 37, 0),
(707, 707, 6, 114, 5, 38, 0),
(708, 708, 6, 114, 5, 39, 0),
(709, 709, 6, 114, 5, 40, 1),
(710, 710, 6, 114, 5, 41, 1),
(711, 711, 6, 115, 5, 42, 0),
(712, 712, 6, 115, 5, 43, 0),
(713, 713, 6, 115, 5, 44, 1),
(714, 714, 6, 115, 5, 45, 0),
(715, 715, 6, 116, 5, 46, 0),
(716, 716, 6, 116, 5, 47, 0),
(717, 717, 6, 116, 5, 48, 1),
(718, 718, 6, 116, 5, 49, 0),
(719, 719, 6, 116, 5, 50, 0),
(720, 720, 6, 117, 5, 51, 0),
(721, 721, 6, 117, 5, 52, 0),
(722, 722, 6, 117, 5, 53, 0),
(723, 723, 6, 117, 5, 54, 0),
(724, 724, 6, 117, 5, 55, 0),
(725, 725, 6, 117, 5, 56, 0),
(726, 726, 6, 117, 5, 57, 0),
(727, 727, 6, 118, 5, 58, 0),
(728, 728, 6, 118, 5, 59, 1),
(729, 729, 6, 118, 5, 60, 0),
(730, 730, 6, 118, 5, 61, 0),
(731, 731, 6, 118, 5, 62, 0),
(732, 732, 6, 118, 5, 63, 0),
(733, 733, 6, 118, 5, 64, 0),
(734, 734, 6, 119, 5, 65, 0),
(735, 735, 6, 119, 5, 66, 0),
(736, 736, 6, 119, 5, 67, 0),
(737, 737, 6, 119, 5, 68, 1),
(738, 738, 6, 119, 5, 69, 1),
(739, 739, 6, 119, 5, 70, 0),
(740, 740, 6, 120, 5, 71, 0),
(741, 741, 6, 120, 5, 72, 1),
(742, 742, 6, 120, 5, 73, 1),
(743, 743, 6, 120, 5, 74, 0),
(744, 744, 6, 120, 5, 75, 0),
(745, 745, 6, 120, 5, 76, 0),
(746, 746, 6, 121, 5, 77, 1),
(747, 747, 6, 121, 5, 78, 0),
(748, 748, 6, 121, 5, 79, 0),
(749, 749, 6, 121, 5, 80, 0),
(750, 750, 6, 121, 5, 81, 0),
(751, 751, 6, 121, 5, 82, 0),
(752, 752, 7, 122, 5, 83, 0),
(753, 753, 7, 122, 5, 84, 0),
(754, 754, 7, 122, 5, 85, 0),
(755, 755, 7, 122, 5, 86, 1),
(756, 756, 7, 122, 5, 87, 0),
(757, 757, 7, 122, 5, 88, 1),
(758, 758, 7, 122, 5, 89, 0),
(759, 759, 7, 123, 5, 90, 0),
(760, 760, 7, 123, 5, 91, 0),
(761, 761, 7, 123, 5, 92, 1),
(762, 762, 7, 123, 5, 93, 0),
(763, 763, 7, 123, 5, 94, 0),
(764, 764, 7, 123, 5, 95, 0),
(765, 765, 7, 124, 5, 96, 0),
(766, 766, 7, 124, 5, 97, 0),
(767, 767, 7, 124, 5, 98, 0),
(768, 768, 7, 124, 5, 99, 0),
(769, 769, 7, 124, 5, 100, 0),
(770, 770, 7, 124, 5, 101, 0),
(771, 771, 7, 124, 5, 102, 0),
(772, 772, 7, 124, 5, 103, 0),
(773, 773, 7, 125, 5, 104, 1),
(774, 774, 7, 125, 5, 105, 0),
(775, 775, 7, 125, 5, 106, 0),
(776, 776, 7, 125, 5, 107, 0),
(777, 777, 7, 125, 5, 108, 0),
(778, 778, 7, 126, 5, 109, 0),
(779, 779, 7, 126, 5, 110, 0),
(780, 780, 7, 126, 5, 111, 0),
(781, 781, 7, 126, 5, 112, 0),
(782, 782, 7, 126, 5, 113, 0),
(783, 783, 7, 127, 5, 114, 0),
(784, 784, 7, 127, 5, 115, 0),
(785, 785, 7, 127, 5, 116, 0),
(786, 786, 7, 127, 5, 117, 0),
(787, 787, 7, 127, 5, 118, 0),
(788, 788, 7, 127, 5, 119, 0),
(789, 789, 7, 127, 5, 120, 0),
(790, 790, 7, 128, 6, 1, 1),
(791, 791, 7, 128, 6, 2, 0),
(792, 792, 7, 128, 6, 3, 0),
(793, 793, 7, 128, 6, 4, 1),
(794, 794, 7, 128, 6, 5, 1),
(795, 795, 7, 128, 6, 6, 1),
(796, 796, 7, 128, 6, 7, 0),
(797, 797, 7, 128, 6, 8, 0),
(798, 798, 7, 129, 6, 9, 0),
(799, 799, 7, 129, 6, 10, 1),
(800, 800, 7, 129, 6, 11, 1),
(801, 801, 7, 129, 6, 12, 0),
(802, 802, 7, 129, 6, 13, 0),
(803, 803, 7, 129, 6, 14, 0),
(804, 804, 7, 129, 6, 15, 1),
(805, 805, 7, 129, 6, 16, 0),
(806, 806, 7, 129, 6, 17, 1),
(807, 807, 7, 129, 6, 18, 0),
(808, 808, 7, 130, 6, 19, 0),
(809, 809, 7, 130, 6, 20, 1),
(810, 810, 7, 130, 6, 21, 1),
(811, 811, 7, 130, 6, 22, 1),
(812, 812, 7, 130, 6, 23, 0),
(813, 813, 7, 130, 6, 24, 1),
(814, 814, 7, 130, 6, 25, 1),
(815, 815, 7, 130, 6, 26, 0),
(816, 816, 7, 130, 6, 27, 0),
(817, 817, 7, 131, 6, 28, 0),
(818, 818, 7, 131, 6, 29, 1),
(819, 819, 7, 131, 6, 30, 0),
(820, 820, 7, 131, 6, 31, 1),
(821, 821, 7, 131, 6, 32, 0),
(822, 822, 7, 131, 6, 33, 0),
(823, 823, 7, 131, 6, 34, 0),
(824, 824, 7, 131, 6, 35, 0),
(825, 825, 7, 132, 6, 36, 0),
(826, 826, 7, 132, 6, 37, 1),
(827, 827, 7, 132, 6, 38, 1),
(828, 828, 7, 132, 6, 39, 1),
(829, 829, 7, 132, 6, 40, 1),
(830, 830, 7, 132, 6, 41, 0),
(831, 831, 7, 132, 6, 42, 0),
(832, 832, 7, 132, 6, 43, 0),
(833, 833, 7, 132, 6, 44, 1),
(834, 834, 7, 133, 6, 45, 0),
(835, 835, 7, 133, 6, 46, 1),
(836, 836, 7, 133, 6, 47, 1),
(837, 837, 7, 133, 6, 48, 0),
(838, 838, 7, 133, 6, 49, 1),
(839, 839, 7, 133, 6, 50, 1),
(840, 840, 7, 133, 6, 51, 0),
(841, 841, 7, 133, 6, 52, 0),
(842, 842, 7, 134, 6, 53, 0),
(843, 843, 7, 134, 6, 54, 0),
(844, 844, 7, 134, 6, 55, 1),
(845, 845, 7, 134, 6, 56, 1),
(846, 846, 7, 134, 6, 57, 0),
(847, 847, 7, 134, 6, 58, 0),
(848, 848, 7, 134, 6, 59, 0),
(849, 849, 7, 135, 6, 60, 0),
(850, 850, 7, 135, 6, 61, 1),
(851, 851, 7, 135, 6, 62, 0),
(852, 852, 7, 135, 6, 63, 0),
(853, 853, 7, 135, 6, 64, 0),
(854, 854, 7, 135, 6, 65, 1),
(855, 855, 7, 135, 6, 66, 0),
(856, 856, 7, 135, 6, 67, 0),
(857, 857, 7, 135, 6, 68, 0),
(858, 858, 7, 136, 6, 69, 0),
(859, 859, 7, 136, 6, 70, 0),
(860, 860, 7, 136, 6, 71, 0),
(861, 861, 7, 136, 6, 72, 0),
(862, 862, 7, 136, 6, 73, 1),
(863, 863, 7, 137, 6, 74, 0),
(864, 864, 7, 137, 6, 75, 0),
(865, 865, 7, 137, 6, 76, 0),
(866, 866, 7, 137, 6, 77, 0),
(867, 867, 7, 137, 6, 78, 0),
(868, 868, 7, 137, 6, 79, 0),
(869, 869, 7, 137, 6, 80, 0),
(870, 870, 7, 137, 6, 81, 0),
(871, 871, 7, 138, 6, 82, 0),
(872, 872, 7, 138, 6, 83, 0),
(873, 873, 7, 138, 6, 84, 1),
(874, 874, 7, 138, 6, 85, 0),
(875, 875, 7, 138, 6, 86, 0),
(876, 876, 7, 138, 6, 87, 0),
(877, 877, 7, 138, 6, 88, 1),
(878, 878, 7, 138, 6, 89, 1),
(879, 879, 7, 138, 6, 90, 0),
(880, 880, 7, 139, 6, 91, 1),
(881, 881, 7, 139, 6, 92, 1),
(882, 882, 7, 139, 6, 93, 1),
(883, 883, 7, 139, 6, 94, 0),
(884, 884, 7, 140, 6, 95, 0),
(885, 885, 7, 140, 6, 96, 0),
(886, 886, 7, 140, 6, 97, 0),
(887, 887, 7, 140, 6, 98, 0),
(888, 888, 7, 140, 6, 99, 1),
(889, 889, 7, 140, 6, 100, 0),
(890, 890, 7, 140, 6, 101, 1),
(891, 891, 7, 141, 6, 102, 1),
(892, 892, 7, 141, 6, 103, 0),
(893, 893, 7, 141, 6, 104, 0),
(894, 894, 7, 141, 6, 105, 1),
(895, 895, 7, 141, 6, 106, 1),
(896, 896, 7, 141, 6, 107, 0),
(897, 897, 7, 141, 6, 108, 0),
(898, 898, 7, 141, 6, 109, 1),
(899, 899, 7, 141, 6, 110, 0),
(900, 900, 8, 142, 6, 111, 0),
(901, 901, 8, 142, 6, 112, 1),
(902, 902, 8, 142, 6, 113, 0),
(903, 903, 8, 142, 6, 114, 1),
(904, 904, 8, 142, 6, 115, 0),
(905, 905, 8, 142, 6, 116, 0),
(906, 906, 8, 142, 6, 117, 1),
(907, 907, 8, 142, 6, 118, 0),
(908, 908, 8, 143, 6, 119, 1),
(909, 909, 8, 143, 6, 120, 0),
(910, 910, 8, 143, 6, 121, 0),
(911, 911, 8, 143, 6, 122, 0),
(912, 912, 8, 143, 6, 123, 0),
(913, 913, 8, 143, 6, 124, 0),
(914, 914, 8, 144, 6, 125, 0),
(915, 915, 8, 144, 6, 126, 0),
(916, 916, 8, 144, 6, 127, 0),
(917, 917, 8, 144, 6, 128, 1),
(918, 918, 8, 144, 6, 129, 0),
(919, 919, 8, 144, 6, 130, 1),
(920, 920, 8, 144, 6, 131, 1),
(921, 921, 8, 145, 6, 132, 1),
(922, 922, 8, 145, 6, 133, 1),
(923, 923, 8, 145, 6, 134, 0),
(924, 924, 8, 145, 6, 135, 1),
(925, 925, 8, 145, 6, 136, 0),
(926, 926, 8, 145, 6, 137, 1),
(927, 927, 8, 146, 6, 138, 0),
(928, 928, 8, 146, 6, 139, 0),
(929, 929, 8, 146, 6, 140, 0),
(930, 930, 8, 146, 6, 141, 0),
(931, 931, 8, 146, 6, 142, 0),
(932, 932, 8, 147, 6, 143, 0),
(933, 933, 8, 147, 6, 144, 0),
(934, 934, 8, 147, 6, 145, 0),
(935, 935, 8, 147, 6, 146, 1),
(936, 936, 8, 148, 6, 147, 0),
(937, 937, 8, 148, 6, 148, 1),
(938, 938, 8, 148, 6, 149, 0),
(939, 939, 8, 148, 6, 150, 0),
(940, 940, 8, 148, 6, 151, 0),
(941, 941, 8, 149, 6, 152, 0),
(942, 942, 8, 149, 6, 153, 0),
(943, 943, 8, 149, 6, 154, 0),
(944, 944, 8, 149, 6, 155, 1),
(945, 945, 8, 149, 6, 156, 0),
(946, 946, 8, 149, 6, 157, 0),
(947, 947, 8, 150, 6, 158, 1),
(948, 948, 8, 150, 6, 159, 1),
(949, 949, 8, 150, 6, 160, 1),
(950, 950, 8, 150, 6, 161, 0),
(951, 951, 8, 150, 6, 162, 0),
(952, 952, 8, 150, 6, 163, 0),
(953, 953, 8, 150, 6, 164, 0),
(954, 954, 8, 150, 6, 165, 1),
(955, 955, 8, 151, 7, 1, 1),
(956, 956, 8, 151, 7, 2, 1),
(957, 957, 8, 151, 7, 3, 0),
(958, 958, 8, 151, 7, 4, 0),
(959, 959, 8, 151, 7, 5, 0),
(960, 960, 8, 151, 7, 6, 0),
(961, 961, 8, 151, 7, 7, 0),
(962, 962, 8, 151, 7, 8, 0),
(963, 963, 8, 151, 7, 9, 1),
(964, 964, 8, 151, 7, 10, 0),
(965, 965, 8, 151, 7, 11, 0),
(966, 966, 8, 152, 7, 12, 1),
(967, 967, 8, 152, 7, 13, 0),
(968, 968, 8, 152, 7, 14, 1),
(969, 969, 8, 152, 7, 15, 1),
(970, 970, 8, 152, 7, 16, 1),
(971, 971, 8, 152, 7, 17, 0),
(972, 972, 8, 152, 7, 18, 0),
(973, 973, 8, 152, 7, 19, 1),
(974, 974, 8, 152, 7, 20, 0),
(975, 975, 8, 152, 7, 21, 0),
(976, 976, 8, 152, 7, 22, 1),
(977, 977, 8, 153, 7, 23, 0),
(978, 978, 8, 153, 7, 24, 1),
(979, 979, 8, 153, 7, 25, 0),
(980, 980, 8, 153, 7, 26, 0),
(981, 981, 8, 153, 7, 27, 0),
(982, 982, 8, 153, 7, 28, 0),
(983, 983, 8, 153, 7, 29, 0),
(984, 984, 8, 153, 7, 30, 0),
(985, 985, 8, 154, 7, 31, 0),
(986, 986, 8, 154, 7, 32, 1),
(987, 987, 8, 154, 7, 33, 1),
(988, 988, 8, 154, 7, 34, 1),
(989, 989, 8, 154, 7, 35, 1),
(990, 990, 8, 154, 7, 36, 1),
(991, 991, 8, 154, 7, 37, 1),
(992, 992, 8, 155, 7, 38, 0),
(993, 993, 8, 155, 7, 39, 0),
(994, 994, 8, 155, 7, 40, 1),
(995, 995, 8, 155, 7, 41, 0),
(996, 996, 8, 155, 7, 42, 0),
(997, 997, 8, 155, 7, 43, 1),
(998, 998, 8, 156, 7, 44, 0),
(999, 999, 8, 156, 7, 45, 1),
(1000, 1000, 8, 156, 7, 46, 0),
(1001, 1001, 8, 156, 7, 47, 0),
(1002, 1002, 8, 156, 7, 48, 0),
(1003, 1003, 8, 156, 7, 49, 0),
(1004, 1004, 8, 156, 7, 50, 0),
(1005, 1005, 8, 156, 7, 51, 0),
(1006, 1006, 8, 157, 7, 52, 0),
(1007, 1007, 8, 157, 7, 53, 1),
(1008, 1008, 8, 157, 7, 54, 1),
(1009, 1009, 8, 157, 7, 55, 0),
(1010, 1010, 8, 157, 7, 56, 0),
(1011, 1011, 8, 157, 7, 57, 0),
(1012, 1012, 8, 158, 7, 58, 1),
(1013, 1013, 8, 158, 7, 59, 0),
(1014, 1014, 8, 158, 7, 60, 0),
(1015, 1015, 8, 158, 7, 61, 0),
(1016, 1016, 8, 158, 7, 62, 0),
(1017, 1017, 8, 158, 7, 63, 0),
(1018, 1018, 8, 158, 7, 64, 1),
(1019, 1019, 8, 158, 7, 65, 1),
(1020, 1020, 8, 158, 7, 66, 1),
(1021, 1021, 8, 158, 7, 67, 0),
(1022, 1022, 8, 159, 7, 68, 0),
(1023, 1023, 8, 159, 7, 69, 0),
(1024, 1024, 8, 159, 7, 70, 1),
(1025, 1025, 8, 159, 7, 71, 0),
(1026, 1026, 8, 159, 7, 72, 0),
(1027, 1027, 8, 159, 7, 73, 1),
(1028, 1028, 8, 160, 7, 74, 1),
(1029, 1029, 8, 160, 7, 75, 1),
(1030, 1030, 8, 160, 7, 76, 1),
(1031, 1031, 8, 160, 7, 77, 0),
(1032, 1032, 8, 160, 7, 78, 1),
(1033, 1033, 8, 160, 7, 79, 0),
(1034, 1034, 8, 160, 7, 80, 1),
(1035, 1035, 8, 160, 7, 81, 1),
(1036, 1036, 8, 161, 7, 82, 1),
(1037, 1037, 8, 161, 7, 83, 1),
(1038, 1038, 8, 161, 7, 84, 1),
(1039, 1039, 8, 161, 7, 85, 1),
(1040, 1040, 8, 161, 7, 86, 0),
(1041, 1041, 8, 161, 7, 87, 0),
(1042, 1042, 9, 162, 7, 88, 1),
(1043, 1043, 9, 162, 7, 89, 0),
(1044, 1044, 9, 162, 7, 90, 1),
(1045, 1045, 9, 162, 7, 91, 1),
(1046, 1046, 9, 162, 7, 92, 0),
(1047, 1047, 9, 162, 7, 93, 0),
(1048, 1048, 9, 162, 7, 94, 1),
(1049, 1049, 9, 162, 7, 95, 0),
(1050, 1050, 9, 163, 7, 96, 0),
(1051, 1051, 9, 163, 7, 97, 0),
(1052, 1052, 9, 163, 7, 98, 0),
(1053, 1053, 9, 163, 7, 99, 0),
(1054, 1054, 9, 163, 7, 100, 0),
(1055, 1055, 9, 163, 7, 101, 1),
(1056, 1056, 9, 163, 7, 102, 0),
(1057, 1057, 9, 163, 7, 103, 1),
(1058, 1058, 9, 163, 7, 104, 0),
(1059, 1059, 9, 164, 7, 105, 0),
(1060, 1060, 9, 164, 7, 106, 0),
(1061, 1061, 9, 164, 7, 107, 0),
(1062, 1062, 9, 164, 7, 108, 0),
(1063, 1063, 9, 164, 7, 109, 0),
(1064, 1064, 9, 164, 7, 110, 1),
(1065, 1065, 9, 164, 7, 111, 1),
(1066, 1066, 9, 164, 7, 112, 1),
(1067, 1067, 9, 164, 7, 113, 0),
(1068, 1068, 9, 164, 7, 114, 0),
(1069, 1069, 9, 164, 7, 115, 0),
(1070, 1070, 9, 164, 7, 116, 0),
(1071, 1071, 9, 164, 7, 117, 0),
(1072, 1072, 9, 164, 7, 118, 0),
(1073, 1073, 9, 164, 7, 119, 0),
(1074, 1074, 9, 164, 7, 120, 0),
(1075, 1075, 9, 165, 7, 121, 0),
(1076, 1076, 9, 165, 7, 122, 0),
(1077, 1077, 9, 165, 7, 123, 0),
(1078, 1078, 9, 165, 7, 124, 0),
(1079, 1079, 9, 165, 7, 125, 0),
(1080, 1080, 9, 165, 7, 126, 0),
(1081, 1081, 9, 165, 7, 127, 0),
(1082, 1082, 9, 165, 7, 128, 0),
(1083, 1083, 9, 165, 7, 129, 0),
(1084, 1084, 9, 165, 7, 130, 0),
(1085, 1085, 9, 166, 7, 131, 0),
(1086, 1086, 9, 166, 7, 132, 0),
(1087, 1087, 9, 166, 7, 133, 0),
(1088, 1088, 9, 166, 7, 134, 0),
(1089, 1089, 9, 166, 7, 135, 0),
(1090, 1090, 9, 166, 7, 136, 0),
(1091, 1091, 9, 166, 7, 137, 0),
(1092, 1092, 9, 167, 7, 138, 0),
(1093, 1093, 9, 167, 7, 139, 0),
(1094, 1094, 9, 167, 7, 140, 0),
(1095, 1095, 9, 167, 7, 141, 1),
(1096, 1096, 9, 167, 7, 142, 0),
(1097, 1097, 9, 167, 7, 143, 0),
(1098, 1098, 9, 168, 7, 144, 0),
(1099, 1099, 9, 168, 7, 145, 0),
(1100, 1100, 9, 168, 7, 146, 0),
(1101, 1101, 9, 168, 7, 147, 1),
(1102, 1102, 9, 168, 7, 148, 0),
(1103, 1103, 9, 168, 7, 149, 0),
(1104, 1104, 9, 169, 7, 150, 0),
(1105, 1105, 9, 169, 7, 151, 0),
(1106, 1106, 9, 169, 7, 152, 0),
(1107, 1107, 9, 169, 7, 153, 1),
(1108, 1108, 9, 169, 7, 154, 0),
(1109, 1109, 9, 169, 7, 155, 0),
(1110, 1110, 9, 170, 7, 156, 0),
(1111, 1111, 9, 170, 7, 157, 0),
(1112, 1112, 9, 170, 7, 158, 0),
(1113, 1113, 9, 170, 7, 159, 0),
(1114, 1114, 9, 171, 7, 160, 0),
(1115, 1115, 9, 171, 7, 161, 1),
(1116, 1116, 9, 171, 7, 162, 1),
(1117, 1117, 9, 171, 7, 163, 0),
(1118, 1118, 9, 172, 7, 164, 0),
(1119, 1119, 9, 172, 7, 165, 1),
(1120, 1120, 9, 172, 7, 166, 0),
(1121, 1121, 9, 172, 7, 167, 0),
(1122, 1122, 9, 172, 7, 168, 0),
(1123, 1123, 9, 172, 7, 169, 0),
(1124, 1124, 9, 172, 7, 170, 0),
(1125, 1125, 9, 173, 7, 171, 0),
(1126, 1126, 9, 173, 7, 172, 0),
(1127, 1127, 9, 173, 7, 173, 0),
(1128, 1128, 9, 173, 7, 174, 1),
(1129, 1129, 9, 173, 7, 175, 0),
(1130, 1130, 9, 173, 7, 176, 0),
(1131, 1131, 9, 173, 7, 177, 0),
(1132, 1132, 9, 173, 7, 178, 1),
(1133, 1133, 9, 174, 7, 179, 0),
(1134, 1134, 9, 174, 7, 180, 0),
(1135, 1135, 9, 174, 7, 181, 0),
(1136, 1136, 9, 174, 7, 182, 1),
(1137, 1137, 9, 174, 7, 183, 0),
(1138, 1138, 9, 174, 7, 184, 1),
(1139, 1139, 9, 174, 7, 185, 0),
(1140, 1140, 9, 174, 7, 186, 0),
(1141, 1141, 9, 174, 7, 187, 1),
(1142, 1142, 9, 175, 7, 188, 1),
(1143, 1143, 9, 175, 7, 189, 0),
(1144, 1144, 9, 175, 7, 190, 0),
(1145, 1145, 9, 175, 7, 191, 0),
(1146, 1146, 9, 175, 7, 192, 0),
(1147, 1147, 9, 175, 7, 193, 1),
(1148, 1148, 9, 175, 7, 194, 0),
(1149, 1149, 9, 175, 7, 195, 0),
(1150, 1150, 9, 176, 7, 196, 0),
(1151, 1151, 9, 176, 7, 197, 0),
(1152, 1152, 9, 176, 7, 198, 1),
(1153, 1153, 9, 176, 7, 199, 0),
(1154, 1154, 9, 176, 7, 200, 0),
(1155, 1155, 9, 176, 7, 201, 0),
(1156, 1156, 9, 176, 7, 202, 0),
(1157, 1157, 9, 176, 7, 203, 0),
(1158, 1158, 9, 176, 7, 204, 0),
(1159, 1159, 9, 176, 7, 205, 0),
(1160, 1160, 9, 176, 7, 206, 0),
(1161, 1161, 9, 177, 8, 1, 0),
(1162, 1162, 9, 177, 8, 2, 1),
(1163, 1163, 9, 177, 8, 3, 0),
(1164, 1164, 9, 177, 8, 4, 1),
(1165, 1165, 9, 177, 8, 5, 0),
(1166, 1166, 9, 177, 8, 6, 0),
(1167, 1167, 9, 177, 8, 7, 1),
(1168, 1168, 9, 177, 8, 8, 0),
(1169, 1169, 9, 178, 8, 9, 0),
(1170, 1170, 9, 178, 8, 10, 1),
(1171, 1171, 9, 178, 8, 11, 0),
(1172, 1172, 9, 178, 8, 12, 0),
(1173, 1173, 9, 178, 8, 13, 1),
(1174, 1174, 9, 178, 8, 14, 0),
(1175, 1175, 9, 178, 8, 15, 0),
(1176, 1176, 9, 178, 8, 16, 0),
(1177, 1177, 9, 179, 8, 17, 0),
(1178, 1178, 9, 179, 8, 18, 0),
(1179, 1179, 9, 179, 8, 19, 0),
(1180, 1180, 9, 179, 8, 20, 0),
(1181, 1181, 9, 179, 8, 21, 0),
(1182, 1182, 9, 179, 8, 22, 1),
(1183, 1183, 9, 179, 8, 23, 0),
(1184, 1184, 9, 179, 8, 24, 0),
(1185, 1185, 9, 179, 8, 25, 0),
(1186, 1186, 9, 180, 8, 26, 0),
(1187, 1187, 9, 180, 8, 27, 0),
(1188, 1188, 9, 180, 8, 28, 0),
(1189, 1189, 9, 180, 8, 29, 0),
(1190, 1190, 9, 180, 8, 30, 0),
(1191, 1191, 9, 180, 8, 31, 1),
(1192, 1192, 9, 180, 8, 32, 0),
(1193, 1193, 9, 180, 8, 33, 0),
(1194, 1194, 9, 181, 8, 34, 0),
(1195, 1195, 9, 181, 8, 35, 0),
(1196, 1196, 9, 181, 8, 36, 0),
(1197, 1197, 9, 181, 8, 37, 0),
(1198, 1198, 9, 181, 8, 38, 1),
(1199, 1199, 9, 181, 8, 39, 1),
(1200, 1200, 9, 181, 8, 40, 0),
(1201, 1201, 10, 182, 8, 41, 0),
(1202, 1202, 10, 182, 8, 42, 0),
(1203, 1203, 10, 182, 8, 43, 0),
(1204, 1204, 10, 182, 8, 44, 0),
(1205, 1205, 10, 182, 8, 45, 0),
(1206, 1206, 10, 183, 8, 46, 0),
(1207, 1207, 10, 183, 8, 47, 0),
(1208, 1208, 10, 183, 8, 48, 0),
(1209, 1209, 10, 183, 8, 49, 1),
(1210, 1210, 10, 183, 8, 50, 0),
(1211, 1211, 10, 183, 8, 51, 1),
(1212, 1212, 10, 183, 8, 52, 1),
(1213, 1213, 10, 184, 8, 53, 1),
(1214, 1214, 10, 184, 8, 54, 1),
(1215, 1215, 10, 184, 8, 55, 1),
(1216, 1216, 10, 184, 8, 56, 0),
(1217, 1217, 10, 184, 8, 57, 0),
(1218, 1218, 10, 184, 8, 58, 0),
(1219, 1219, 10, 184, 8, 59, 1),
(1220, 1220, 10, 184, 8, 60, 0),
(1221, 1221, 10, 184, 8, 61, 0),
(1222, 1222, 10, 185, 8, 62, 0),
(1223, 1223, 10, 185, 8, 63, 0),
(1224, 1224, 10, 185, 8, 64, 0),
(1225, 1225, 10, 185, 8, 65, 0),
(1226, 1226, 10, 185, 8, 66, 0),
(1227, 1227, 10, 185, 8, 67, 0),
(1228, 1228, 10, 185, 8, 68, 0),
(1229, 1229, 10, 185, 8, 69, 0),
(1230, 1230, 10, 186, 8, 70, 0),
(1231, 1231, 10, 186, 8, 71, 0),
(1232, 1232, 10, 186, 8, 72, 1),
(1233, 1233, 10, 186, 8, 73, 0),
(1234, 1234, 10, 186, 8, 74, 1),
(1235, 1235, 10, 186, 8, 75, 1),
(1236, 1236, 10, 187, 9, 1, 0),
(1237, 1237, 10, 187, 9, 2, 0),
(1238, 1238, 10, 187, 9, 3, 0),
(1239, 1239, 10, 187, 9, 4, 0),
(1240, 1240, 10, 187, 9, 5, 0),
(1241, 1241, 10, 187, 9, 6, 0),
(1242, 1242, 10, 188, 9, 7, 0),
(1243, 1243, 10, 188, 9, 8, 0),
(1244, 1244, 10, 188, 9, 9, 0),
(1245, 1245, 10, 188, 9, 10, 0),
(1246, 1246, 10, 188, 9, 11, 1),
(1247, 1247, 10, 188, 9, 12, 0),
(1248, 1248, 10, 188, 9, 13, 0),
(1249, 1249, 10, 189, 9, 14, 0),
(1250, 1250, 10, 189, 9, 15, 0),
(1251, 1251, 10, 189, 9, 16, 1),
(1252, 1252, 10, 189, 9, 17, 0),
(1253, 1253, 10, 189, 9, 18, 0),
(1254, 1254, 10, 189, 9, 19, 0),
(1255, 1255, 10, 189, 9, 20, 1),
(1256, 1256, 10, 190, 9, 21, 0),
(1257, 1257, 10, 190, 9, 22, 1),
(1258, 1258, 10, 190, 9, 23, 0),
(1259, 1259, 10, 190, 9, 24, 0),
(1260, 1260, 10, 190, 9, 25, 0),
(1261, 1261, 10, 190, 9, 26, 0),
(1262, 1262, 10, 191, 9, 27, 0),
(1263, 1263, 10, 191, 9, 28, 0),
(1264, 1264, 10, 191, 9, 29, 0),
(1265, 1265, 10, 191, 9, 30, 0),
(1266, 1266, 10, 191, 9, 31, 1),
(1267, 1267, 10, 192, 9, 32, 1),
(1268, 1268, 10, 192, 9, 33, 1),
(1269, 1269, 10, 192, 9, 34, 0),
(1270, 1270, 10, 192, 9, 35, 0),
(1271, 1271, 10, 192, 9, 36, 0),
(1272, 1272, 10, 193, 9, 37, 0),
(1273, 1273, 10, 193, 9, 38, 0),
(1274, 1274, 10, 193, 9, 39, 1),
(1275, 1275, 10, 193, 9, 40, 0),
(1276, 1276, 10, 194, 9, 41, 0),
(1277, 1277, 10, 194, 9, 42, 0),
(1278, 1278, 10, 194, 9, 43, 0),
(1279, 1279, 10, 194, 9, 44, 0),
(1280, 1280, 10, 194, 9, 45, 0),
(1281, 1281, 10, 194, 9, 46, 0),
(1282, 1282, 10, 194, 9, 47, 0),
(1283, 1283, 10, 195, 9, 48, 0),
(1284, 1284, 10, 195, 9, 49, 0),
(1285, 1285, 10, 195, 9, 50, 1),
(1286, 1286, 10, 195, 9, 51, 0),
(1287, 1287, 10, 195, 9, 52, 0),
(1288, 1288, 10, 195, 9, 53, 0),
(1289, 1289, 10, 195, 9, 54, 0),
(1290, 1290, 10, 196, 9, 55, 1),
(1291, 1291, 10, 196, 9, 56, 1),
(1292, 1292, 10, 196, 9, 57, 0),
(1293, 1293, 10, 196, 9, 58, 0),
(1294, 1294, 10, 196, 9, 59, 0),
(1295, 1295, 10, 196, 9, 60, 0),
(1296, 1296, 10, 196, 9, 61, 0),
(1297, 1297, 10, 197, 9, 62, 1),
(1298, 1298, 10, 197, 9, 63, 0),
(1299, 1299, 10, 197, 9, 64, 0),
(1300, 1300, 10, 197, 9, 65, 1),
(1301, 1301, 10, 197, 9, 66, 0),
(1302, 1302, 10, 197, 9, 67, 0),
(1303, 1303, 10, 197, 9, 68, 0),
(1304, 1304, 10, 198, 9, 69, 0),
(1305, 1305, 10, 198, 9, 70, 1),
(1306, 1306, 10, 198, 9, 71, 0),
(1307, 1307, 10, 198, 9, 72, 1),
(1308, 1308, 10, 199, 9, 73, 1),
(1309, 1309, 10, 199, 9, 74, 1),
(1310, 1310, 10, 199, 9, 75, 0),
(1311, 1311, 10, 199, 9, 76, 0),
(1312, 1312, 10, 199, 9, 77, 0),
(1313, 1313, 10, 199, 9, 78, 0),
(1314, 1314, 10, 199, 9, 79, 0),
(1315, 1315, 10, 200, 9, 80, 1),
(1316, 1316, 10, 200, 9, 81, 0),
(1317, 1317, 10, 200, 9, 82, 0),
(1318, 1318, 10, 200, 9, 83, 0),
(1319, 1319, 10, 200, 9, 84, 0),
(1320, 1320, 10, 200, 9, 85, 1),
(1321, 1321, 10, 200, 9, 86, 1),
(1322, 1322, 10, 201, 9, 87, 0),
(1323, 1323, 10, 201, 9, 88, 0),
(1324, 1324, 10, 201, 9, 89, 0),
(1325, 1325, 10, 201, 9, 90, 0),
(1326, 1326, 10, 201, 9, 91, 0),
(1327, 1327, 10, 201, 9, 92, 0),
(1328, 1328, 10, 201, 9, 93, 1),
(1329, 1329, 11, 202, 9, 94, 0),
(1330, 1330, 11, 202, 9, 95, 1),
(1331, 1331, 11, 202, 9, 96, 1),
(1332, 1332, 11, 202, 9, 97, 0),
(1333, 1333, 11, 202, 9, 98, 0),
(1334, 1334, 11, 202, 9, 99, 0),
(1335, 1335, 11, 203, 9, 100, 0),
(1336, 1336, 11, 203, 9, 101, 0),
(1337, 1337, 11, 203, 9, 102, 0),
(1338, 1338, 11, 203, 9, 103, 0),
(1339, 1339, 11, 203, 9, 104, 0),
(1340, 1340, 11, 203, 9, 105, 0),
(1341, 1341, 11, 203, 9, 106, 0),
(1342, 1342, 11, 204, 9, 107, 0),
(1343, 1343, 11, 204, 9, 108, 0),
(1344, 1344, 11, 204, 9, 109, 0),
(1345, 1345, 11, 204, 9, 110, 0),
(1346, 1346, 11, 204, 9, 111, 0),
(1347, 1347, 11, 205, 9, 112, 0),
(1348, 1348, 11, 205, 9, 113, 0),
(1349, 1349, 11, 205, 9, 114, 0),
(1350, 1350, 11, 205, 9, 115, 0),
(1351, 1351, 11, 205, 9, 116, 0),
(1352, 1352, 11, 205, 9, 117, 0),
(1353, 1353, 11, 206, 9, 118, 0),
(1354, 1354, 11, 206, 9, 119, 1),
(1355, 1355, 11, 206, 9, 120, 0),
(1356, 1356, 11, 206, 9, 121, 0),
(1357, 1357, 11, 206, 9, 122, 0),
(1358, 1358, 11, 207, 9, 123, 0),
(1359, 1359, 11, 207, 9, 124, 1),
(1360, 1360, 11, 207, 9, 125, 0),
(1361, 1361, 11, 207, 9, 126, 0),
(1362, 1362, 11, 207, 9, 127, 1),
(1363, 1363, 11, 207, 9, 128, 0),
(1364, 1364, 11, 207, 9, 129, 1),
(1365, 1365, 11, 208, 10, 1, 1),
(1366, 1366, 11, 208, 10, 2, 0),
(1367, 1367, 11, 208, 10, 3, 1),
(1368, 1368, 11, 208, 10, 4, 1),
(1369, 1369, 11, 208, 10, 5, 1),
(1370, 1370, 11, 208, 10, 6, 0),
(1371, 1371, 11, 209, 10, 7, 0),
(1372, 1372, 11, 209, 10, 8, 0),
(1373, 1373, 11, 209, 10, 9, 1),
(1374, 1374, 11, 209, 10, 10, 0),
(1375, 1375, 11, 209, 10, 11, 0),
(1376, 1376, 11, 209, 10, 12, 1),
(1377, 1377, 11, 209, 10, 13, 0),
(1378, 1378, 11, 209, 10, 14, 0),
(1379, 1379, 11, 210, 10, 15, 1),
(1380, 1380, 11, 210, 10, 16, 0),
(1381, 1381, 11, 210, 10, 17, 1),
(1382, 1382, 11, 210, 10, 18, 1),
(1383, 1383, 11, 210, 10, 19, 1),
(1384, 1384, 11, 210, 10, 20, 1),
(1385, 1385, 11, 211, 10, 21, 1),
(1386, 1386, 11, 211, 10, 22, 1),
(1387, 1387, 11, 211, 10, 23, 0),
(1388, 1388, 11, 211, 10, 24, 1),
(1389, 1389, 11, 211, 10, 25, 0),
(1390, 1390, 11, 212, 10, 26, 0),
(1391, 1391, 11, 212, 10, 27, 0),
(1392, 1392, 11, 212, 10, 28, 1),
(1393, 1393, 11, 212, 10, 29, 1),
(1394, 1394, 11, 212, 10, 30, 0),
(1395, 1395, 11, 212, 10, 31, 1),
(1396, 1396, 11, 212, 10, 32, 1),
(1397, 1397, 11, 212, 10, 33, 1),
(1398, 1398, 11, 213, 10, 34, 0),
(1399, 1399, 11, 213, 10, 35, 0),
(1400, 1400, 11, 213, 10, 36, 0),
(1401, 1401, 11, 213, 10, 37, 0),
(1402, 1402, 11, 213, 10, 38, 1),
(1403, 1403, 11, 213, 10, 39, 0),
(1404, 1404, 11, 213, 10, 40, 0),
(1405, 1405, 11, 213, 10, 41, 1),
(1406, 1406, 11, 213, 10, 42, 1),
(1407, 1407, 11, 214, 10, 43, 0),
(1408, 1408, 11, 214, 10, 44, 0),
(1409, 1409, 11, 214, 10, 45, 1),
(1410, 1410, 11, 214, 10, 46, 1),
(1411, 1411, 11, 214, 10, 47, 0),
(1412, 1412, 11, 214, 10, 48, 1),
(1413, 1413, 11, 214, 10, 49, 1),
(1414, 1414, 11, 214, 10, 50, 0),
(1415, 1415, 11, 214, 10, 51, 0),
(1416, 1416, 11, 214, 10, 52, 0),
(1417, 1417, 11, 214, 10, 53, 1),
(1418, 1418, 11, 215, 10, 54, 0),
(1419, 1419, 11, 215, 10, 55, 1),
(1420, 1420, 11, 215, 10, 56, 0),
(1421, 1421, 11, 215, 10, 57, 1),
(1422, 1422, 11, 215, 10, 58, 0),
(1423, 1423, 11, 215, 10, 59, 0),
(1424, 1424, 11, 215, 10, 60, 0),
(1425, 1425, 11, 215, 10, 61, 0),
(1426, 1426, 11, 216, 10, 62, 0),
(1427, 1427, 11, 216, 10, 63, 1),
(1428, 1428, 11, 216, 10, 64, 0),
(1429, 1429, 11, 216, 10, 65, 1),
(1430, 1430, 11, 216, 10, 66, 0),
(1431, 1431, 11, 216, 10, 67, 0),
(1432, 1432, 11, 216, 10, 68, 1),
(1433, 1433, 11, 216, 10, 69, 0),
(1434, 1434, 11, 216, 10, 70, 0),
(1435, 1435, 11, 217, 10, 71, 0),
(1436, 1436, 11, 217, 10, 72, 1),
(1437, 1437, 11, 217, 10, 73, 1),
(1438, 1438, 11, 217, 10, 74, 1),
(1439, 1439, 11, 217, 10, 75, 1),
(1440, 1440, 11, 217, 10, 76, 1),
(1441, 1441, 11, 217, 10, 77, 0),
(1442, 1442, 11, 217, 10, 78, 1),
(1443, 1443, 11, 218, 10, 79, 0),
(1444, 1444, 11, 218, 10, 80, 0),
(1445, 1445, 11, 218, 10, 81, 0),
(1446, 1446, 11, 218, 10, 82, 1),
(1447, 1447, 11, 218, 10, 83, 0),
(1448, 1448, 11, 218, 10, 84, 0),
(1449, 1449, 11, 218, 10, 85, 0),
(1450, 1450, 11, 218, 10, 86, 0),
(1451, 1451, 11, 218, 10, 87, 0),
(1452, 1452, 11, 218, 10, 88, 0),
(1453, 1453, 11, 219, 10, 89, 0),
(1454, 1454, 11, 219, 10, 90, 0),
(1455, 1455, 11, 219, 10, 91, 0),
(1456, 1456, 11, 219, 10, 92, 0),
(1457, 1457, 11, 219, 10, 93, 1),
(1458, 1458, 11, 219, 10, 94, 1),
(1459, 1459, 11, 219, 10, 95, 0),
(1460, 1460, 11, 219, 10, 96, 0),
(1461, 1461, 11, 219, 10, 97, 0),
(1462, 1462, 11, 220, 10, 98, 0),
(1463, 1463, 11, 220, 10, 99, 1),
(1464, 1464, 11, 220, 10, 100, 0),
(1465, 1465, 11, 220, 10, 101, 0),
(1466, 1466, 11, 220, 10, 102, 1),
(1467, 1467, 11, 220, 10, 103, 0),
(1468, 1468, 11, 220, 10, 104, 0),
(1469, 1469, 11, 220, 10, 105, 1),
(1470, 1470, 11, 220, 10, 106, 0),
(1471, 1471, 11, 221, 10, 107, 1),
(1472, 1472, 11, 221, 10, 108, 1),
(1473, 1473, 11, 221, 10, 109, 1),
(1474, 1474, 11, 221, 11, 1, 1),
(1475, 1475, 11, 221, 11, 2, 0),
(1476, 1476, 11, 221, 11, 3, 0),
(1477, 1477, 11, 221, 11, 4, 0),
(1478, 1478, 11, 221, 11, 5, 0),
(1479, 1479, 12, 222, 11, 6, 1),
(1480, 1480, 12, 222, 11, 7, 1),
(1481, 1481, 12, 222, 11, 8, 0),
(1482, 1482, 12, 222, 11, 9, 0),
(1483, 1483, 12, 222, 11, 10, 0),
(1484, 1484, 12, 222, 11, 11, 0),
(1485, 1485, 12, 222, 11, 12, 0),
(1486, 1486, 12, 223, 11, 13, 1),
(1487, 1487, 12, 223, 11, 14, 0),
(1488, 1488, 12, 223, 11, 15, 0),
(1489, 1489, 12, 223, 11, 16, 0),
(1490, 1490, 12, 223, 11, 17, 1),
(1491, 1491, 12, 223, 11, 18, 1),
(1492, 1492, 12, 223, 11, 19, 1),
(1493, 1493, 12, 224, 11, 20, 0),
(1494, 1494, 12, 224, 11, 21, 0),
(1495, 1495, 12, 224, 11, 22, 1),
(1496, 1496, 12, 224, 11, 23, 1),
(1497, 1497, 12, 224, 11, 24, 0),
(1498, 1498, 12, 224, 11, 25, 1),
(1499, 1499, 12, 224, 11, 26, 0),
(1500, 1500, 12, 224, 11, 27, 1),
(1501, 1501, 12, 224, 11, 28, 0),
(1502, 1502, 12, 225, 11, 29, 0),
(1503, 1503, 12, 225, 11, 30, 0),
(1504, 1504, 12, 225, 11, 31, 1),
(1505, 1505, 12, 225, 11, 32, 1),
(1506, 1506, 12, 225, 11, 33, 0),
(1507, 1507, 12, 225, 11, 34, 0),
(1508, 1508, 12, 225, 11, 35, 1),
(1509, 1509, 12, 225, 11, 36, 0),
(1510, 1510, 12, 225, 11, 37, 1),
(1511, 1511, 12, 226, 11, 38, 0),
(1512, 1512, 12, 226, 11, 39, 1),
(1513, 1513, 12, 226, 11, 40, 0),
(1514, 1514, 12, 226, 11, 41, 0),
(1515, 1515, 12, 226, 11, 42, 0),
(1516, 1516, 12, 226, 11, 43, 0),
(1517, 1517, 12, 226, 11, 44, 0),
(1518, 1518, 12, 226, 11, 45, 0),
(1519, 1519, 12, 227, 11, 46, 0),
(1520, 1520, 12, 227, 11, 47, 0),
(1521, 1521, 12, 227, 11, 48, 0),
(1522, 1522, 12, 227, 11, 49, 1),
(1523, 1523, 12, 227, 11, 50, 1),
(1524, 1524, 12, 227, 11, 51, 0),
(1525, 1525, 12, 227, 11, 52, 0),
(1526, 1526, 12, 227, 11, 53, 0),
(1527, 1527, 12, 228, 11, 54, 0),
(1528, 1528, 12, 228, 11, 55, 0),
(1529, 1529, 12, 228, 11, 56, 0),
(1530, 1530, 12, 228, 11, 57, 1),
(1531, 1531, 12, 228, 11, 58, 0),
(1532, 1532, 12, 228, 11, 59, 0),
(1533, 1533, 12, 228, 11, 60, 0),
(1534, 1534, 12, 228, 11, 61, 1),
(1535, 1535, 12, 228, 11, 62, 1),
(1536, 1536, 12, 229, 11, 63, 0),
(1537, 1537, 12, 229, 11, 64, 0),
(1538, 1538, 12, 229, 11, 65, 0),
(1539, 1539, 12, 229, 11, 66, 0),
(1540, 1540, 12, 229, 11, 67, 0),
(1541, 1541, 12, 229, 11, 68, 0),
(1542, 1542, 12, 229, 11, 69, 0),
(1543, 1543, 12, 229, 11, 70, 0),
(1544, 1544, 12, 229, 11, 71, 0),
(1545, 1545, 12, 230, 11, 72, 0),
(1546, 1546, 12, 230, 11, 73, 0),
(1547, 1547, 12, 230, 11, 74, 0),
(1548, 1548, 12, 230, 11, 75, 0),
(1549, 1549, 12, 230, 11, 76, 0),
(1550, 1550, 12, 230, 11, 77, 1),
(1551, 1551, 12, 230, 11, 78, 0),
(1552, 1552, 12, 230, 11, 79, 0),
(1553, 1553, 12, 230, 11, 80, 0),
(1554, 1554, 12, 230, 11, 81, 1),
(1555, 1555, 12, 231, 11, 82, 0),
(1556, 1556, 12, 231, 11, 83, 1),
(1557, 1557, 12, 231, 11, 84, 1),
(1558, 1558, 12, 231, 11, 85, 0),
(1559, 1559, 12, 231, 11, 86, 0),
(1560, 1560, 12, 231, 11, 87, 0),
(1561, 1561, 12, 231, 11, 88, 0),
(1562, 1562, 12, 232, 11, 89, 0),
(1563, 1563, 12, 232, 11, 90, 0),
(1564, 1564, 12, 232, 11, 91, 0),
(1565, 1565, 12, 232, 11, 92, 0),
(1566, 1566, 12, 232, 11, 93, 1),
(1567, 1567, 12, 232, 11, 94, 0),
(1568, 1568, 12, 232, 11, 95, 0),
(1569, 1569, 12, 232, 11, 96, 1),
(1570, 1570, 12, 232, 11, 97, 0),
(1571, 1571, 12, 233, 11, 98, 0),
(1572, 1572, 12, 233, 11, 99, 0),
(1573, 1573, 12, 233, 11, 100, 0),
(1574, 1574, 12, 233, 11, 101, 0),
(1575, 1575, 12, 233, 11, 102, 0),
(1576, 1576, 12, 233, 11, 103, 0),
(1577, 1577, 12, 233, 11, 104, 0),
(1578, 1578, 12, 233, 11, 105, 0),
(1579, 1579, 12, 233, 11, 106, 0),
(1580, 1580, 12, 233, 11, 107, 1),
(1581, 1581, 12, 233, 11, 108, 1),
(1582, 1582, 12, 234, 11, 109, 0),
(1583, 1583, 12, 234, 11, 110, 1),
(1584, 1584, 12, 234, 11, 111, 0),
(1585, 1585, 12, 234, 11, 112, 0),
(1586, 1586, 12, 234, 11, 113, 0),
(1587, 1587, 12, 234, 11, 114, 0),
(1588, 1588, 12, 234, 11, 115, 0),
(1589, 1589, 12, 234, 11, 116, 0),
(1590, 1590, 12, 234, 11, 117, 1),
(1591, 1591, 12, 235, 11, 118, 1),
(1592, 1592, 12, 235, 11, 119, 0),
(1593, 1593, 12, 235, 11, 120, 0),
(1594, 1594, 12, 235, 11, 121, 1),
(1595, 1595, 12, 235, 11, 122, 0),
(1596, 1596, 12, 235, 11, 123, 1),
(1597, 1597, 12, 235, 12, 1, 1),
(1598, 1598, 12, 235, 12, 2, 1),
(1599, 1599, 12, 235, 12, 3, 0),
(1600, 1600, 12, 235, 12, 4, 0),
(1601, 1601, 12, 236, 12, 5, 0),
(1602, 1602, 12, 236, 12, 6, 0),
(1603, 1603, 12, 236, 12, 7, 0),
(1604, 1604, 12, 236, 12, 8, 0),
(1605, 1605, 12, 236, 12, 9, 0),
(1606, 1606, 12, 236, 12, 10, 0),
(1607, 1607, 12, 236, 12, 11, 0),
(1608, 1608, 12, 236, 12, 12, 0),
(1609, 1609, 12, 236, 12, 13, 0),
(1610, 1610, 12, 236, 12, 14, 0),
(1611, 1611, 12, 237, 12, 15, 0),
(1612, 1612, 12, 237, 12, 16, 0),
(1613, 1613, 12, 237, 12, 17, 0),
(1614, 1614, 12, 237, 12, 18, 0),
(1615, 1615, 12, 237, 12, 19, 0),
(1616, 1616, 12, 237, 12, 20, 0),
(1617, 1617, 12, 237, 12, 21, 0),
(1618, 1618, 12, 237, 12, 22, 1),
(1619, 1619, 12, 238, 12, 23, 0),
(1620, 1620, 12, 238, 12, 24, 0),
(1621, 1621, 12, 238, 12, 25, 0),
(1622, 1622, 12, 238, 12, 26, 0),
(1623, 1623, 12, 238, 12, 27, 0),
(1624, 1624, 12, 238, 12, 28, 0),
(1625, 1625, 12, 238, 12, 29, 0),
(1626, 1626, 12, 238, 12, 30, 0),
(1627, 1627, 12, 239, 12, 31, 0),
(1628, 1628, 12, 239, 12, 32, 0),
(1629, 1629, 12, 239, 12, 33, 0),
(1630, 1630, 12, 239, 12, 34, 0),
(1631, 1631, 12, 239, 12, 35, 0),
(1632, 1632, 12, 239, 12, 36, 0),
(1633, 1633, 12, 239, 12, 37, 0),
(1634, 1634, 12, 240, 12, 38, 0),
(1635, 1635, 12, 240, 12, 39, 0),
(1636, 1636, 12, 240, 12, 40, 0),
(1637, 1637, 12, 240, 12, 41, 0),
(1638, 1638, 12, 240, 12, 42, 0),
(1639, 1639, 12, 240, 12, 43, 0),
(1640, 1640, 12, 241, 12, 44, 0),
(1641, 1641, 12, 241, 12, 45, 0),
(1642, 1642, 12, 241, 12, 46, 0),
(1643, 1643, 12, 241, 12, 47, 0),
(1644, 1644, 12, 241, 12, 48, 0),
(1645, 1645, 12, 241, 12, 49, 0),
(1646, 1646, 12, 241, 12, 50, 0),
(1647, 1647, 12, 241, 12, 51, 0),
(1648, 1648, 12, 241, 12, 52, 0),
(1649, 1649, 13, 242, 12, 53, 0),
(1650, 1650, 13, 242, 12, 54, 0),
(1651, 1651, 13, 242, 12, 55, 0),
(1652, 1652, 13, 242, 12, 56, 0),
(1653, 1653, 13, 242, 12, 57, 0),
(1654, 1654, 13, 242, 12, 58, 0),
(1655, 1655, 13, 242, 12, 59, 0),
(1656, 1656, 13, 242, 12, 60, 0),
(1657, 1657, 13, 242, 12, 61, 0),
(1658, 1658, 13, 242, 12, 62, 0),
(1659, 1659, 13, 242, 12, 63, 0),
(1660, 1660, 13, 243, 12, 64, 0),
(1661, 1661, 13, 243, 12, 65, 0),
(1662, 1662, 13, 243, 12, 66, 0),
(1663, 1663, 13, 243, 12, 67, 0),
(1664, 1664, 13, 243, 12, 68, 0),
(1665, 1665, 13, 243, 12, 69, 0),
(1666, 1666, 13, 244, 12, 70, 0),
(1667, 1667, 13, 244, 12, 71, 0),
(1668, 1668, 13, 244, 12, 72, 0),
(1669, 1669, 13, 244, 12, 73, 0),
(1670, 1670, 13, 244, 12, 74, 0),
(1671, 1671, 13, 244, 12, 75, 0),
(1672, 1672, 13, 244, 12, 76, 0),
(1673, 1673, 13, 244, 12, 77, 0),
(1674, 1674, 13, 244, 12, 78, 0),
(1675, 1675, 13, 245, 12, 79, 0),
(1676, 1676, 13, 245, 12, 80, 0),
(1677, 1677, 13, 245, 12, 81, 0),
(1678, 1678, 13, 245, 12, 82, 0),
(1679, 1679, 13, 245, 12, 83, 0),
(1680, 1680, 13, 245, 12, 84, 0),
(1681, 1681, 13, 245, 12, 85, 0),
(1682, 1682, 13, 245, 12, 86, 0),
(1683, 1683, 13, 246, 12, 87, 0),
(1684, 1684, 13, 246, 12, 88, 0),
(1685, 1685, 13, 246, 12, 89, 0),
(1686, 1686, 13, 246, 12, 90, 0),
(1687, 1687, 13, 246, 12, 91, 0),
(1688, 1688, 13, 246, 12, 92, 0),
(1689, 1689, 13, 246, 12, 93, 0),
(1690, 1690, 13, 246, 12, 94, 0),
(1691, 1691, 13, 246, 12, 95, 0),
(1692, 1692, 13, 247, 12, 96, 0),
(1693, 1693, 13, 247, 12, 97, 0),
(1694, 1694, 13, 247, 12, 98, 0),
(1695, 1695, 13, 247, 12, 99, 0),
(1696, 1696, 13, 247, 12, 100, 0),
(1697, 1697, 13, 247, 12, 101, 0),
(1698, 1698, 13, 247, 12, 102, 1),
(1699, 1699, 13, 247, 12, 103, 0),
(1700, 1700, 13, 248, 12, 104, 0),
(1701, 1701, 13, 248, 12, 105, 1),
(1702, 1702, 13, 248, 12, 106, 0),
(1703, 1703, 13, 248, 12, 107, 0),
(1704, 1704, 13, 248, 12, 108, 0),
(1705, 1705, 13, 248, 12, 109, 1),
(1706, 1706, 13, 248, 12, 110, 0),
(1707, 1707, 13, 248, 12, 111, 0),
(1708, 1708, 13, 249, 13, 1, 1),
(1709, 1709, 13, 249, 13, 2, 1),
(1710, 1710, 13, 249, 13, 3, 0),
(1711, 1711, 13, 249, 13, 4, 0),
(1712, 1712, 13, 249, 13, 5, 0),
(1713, 1713, 13, 250, 13, 6, 0),
(1714, 1714, 13, 250, 13, 7, 1);
INSERT INTO `mushaf` (`id`, `urut`, `juz`, `halaman`, `surat`, `ayat`, `mutasyabihat`) VALUES
(1715, 1715, 13, 250, 13, 8, 0),
(1716, 1716, 13, 250, 13, 9, 0),
(1717, 1717, 13, 250, 13, 10, 0),
(1718, 1718, 13, 250, 13, 11, 1),
(1719, 1719, 13, 250, 13, 12, 0),
(1720, 1720, 13, 250, 13, 13, 0),
(1721, 1721, 13, 251, 13, 14, 0),
(1722, 1722, 13, 251, 13, 15, 0),
(1723, 1723, 13, 251, 13, 16, 0),
(1724, 1724, 13, 251, 13, 17, 1),
(1725, 1725, 13, 251, 13, 18, 1),
(1726, 1726, 13, 252, 13, 19, 0),
(1727, 1727, 13, 252, 13, 20, 0),
(1728, 1728, 13, 252, 13, 21, 0),
(1729, 1729, 13, 252, 13, 22, 0),
(1730, 1730, 13, 252, 13, 23, 1),
(1731, 1731, 13, 252, 13, 24, 0),
(1732, 1732, 13, 252, 13, 25, 0),
(1733, 1733, 13, 252, 13, 26, 1),
(1734, 1734, 13, 252, 13, 27, 1),
(1735, 1735, 13, 252, 13, 28, 0),
(1736, 1736, 13, 253, 13, 29, 0),
(1737, 1737, 13, 253, 13, 30, 0),
(1738, 1738, 13, 253, 13, 31, 0),
(1739, 1739, 13, 253, 13, 32, 1),
(1740, 1740, 13, 253, 13, 33, 0),
(1741, 1741, 13, 253, 13, 34, 0),
(1742, 1742, 13, 254, 13, 35, 1),
(1743, 1743, 13, 254, 13, 36, 1),
(1744, 1744, 13, 254, 13, 37, 1),
(1745, 1745, 13, 254, 13, 38, 1),
(1746, 1746, 13, 254, 13, 39, 0),
(1747, 1747, 13, 254, 13, 40, 1),
(1748, 1748, 13, 254, 13, 41, 1),
(1749, 1749, 13, 254, 13, 42, 1),
(1750, 1750, 13, 255, 13, 43, 1),
(1751, 1751, 13, 255, 14, 1, 1),
(1752, 1752, 13, 255, 14, 2, 0),
(1753, 1753, 13, 255, 14, 3, 0),
(1754, 1754, 13, 255, 14, 4, 1),
(1755, 1755, 13, 255, 14, 5, 1),
(1756, 1756, 13, 256, 14, 6, 0),
(1757, 1757, 13, 256, 14, 7, 0),
(1758, 1758, 13, 256, 14, 8, 0),
(1759, 1759, 13, 256, 14, 9, 1),
(1760, 1760, 13, 256, 14, 10, 0),
(1761, 1761, 13, 257, 14, 11, 0),
(1762, 1762, 13, 257, 14, 12, 0),
(1763, 1763, 13, 257, 14, 13, 0),
(1764, 1764, 13, 257, 14, 14, 0),
(1765, 1765, 13, 257, 14, 15, 0),
(1766, 1766, 13, 257, 14, 16, 0),
(1767, 1767, 13, 257, 14, 17, 0),
(1768, 1768, 13, 257, 14, 18, 1),
(1769, 1769, 13, 258, 14, 19, 1),
(1770, 1770, 13, 258, 14, 20, 1),
(1771, 1771, 13, 258, 14, 21, 0),
(1772, 1772, 13, 258, 14, 22, 0),
(1773, 1773, 13, 258, 14, 23, 0),
(1774, 1774, 13, 258, 14, 24, 1),
(1775, 1775, 13, 259, 14, 25, 1),
(1776, 1776, 13, 259, 14, 26, 0),
(1777, 1777, 13, 259, 14, 27, 0),
(1778, 1778, 13, 259, 14, 28, 0),
(1779, 1779, 13, 259, 14, 29, 0),
(1780, 1780, 13, 259, 14, 30, 0),
(1781, 1781, 13, 259, 14, 31, 0),
(1782, 1782, 13, 259, 14, 32, 1),
(1783, 1783, 13, 259, 14, 33, 0),
(1784, 1784, 13, 260, 14, 34, 1),
(1785, 1785, 13, 260, 14, 35, 0),
(1786, 1786, 13, 260, 14, 36, 0),
(1787, 1787, 13, 260, 14, 37, 0),
(1788, 1788, 13, 260, 14, 38, 0),
(1789, 1789, 13, 260, 14, 39, 0),
(1790, 1790, 13, 260, 14, 40, 0),
(1791, 1791, 13, 260, 14, 41, 0),
(1792, 1792, 13, 260, 14, 42, 0),
(1793, 1793, 13, 261, 14, 43, 0),
(1794, 1794, 13, 261, 14, 44, 0),
(1795, 1795, 13, 261, 14, 45, 0),
(1796, 1796, 13, 261, 14, 46, 0),
(1797, 1797, 13, 261, 14, 47, 0),
(1798, 1798, 13, 261, 14, 48, 0),
(1799, 1799, 13, 261, 14, 49, 0),
(1800, 1800, 13, 261, 14, 50, 0),
(1801, 1801, 13, 261, 14, 51, 0),
(1802, 1802, 13, 261, 14, 52, 0),
(1803, 1803, 14, 262, 15, 1, 1),
(1804, 1804, 14, 262, 15, 2, 0),
(1805, 1805, 14, 262, 15, 3, 0),
(1806, 1806, 14, 262, 15, 4, 1),
(1807, 1807, 14, 262, 15, 5, 1),
(1808, 1808, 14, 262, 15, 6, 0),
(1809, 1809, 14, 262, 15, 7, 0),
(1810, 1810, 14, 262, 15, 8, 0),
(1811, 1811, 14, 262, 15, 9, 0),
(1812, 1812, 14, 262, 15, 10, 0),
(1813, 1813, 14, 262, 15, 11, 1),
(1814, 1814, 14, 262, 15, 12, 1),
(1815, 1815, 14, 262, 15, 13, 0),
(1816, 1816, 14, 262, 15, 14, 0),
(1817, 1817, 14, 262, 15, 15, 0),
(1818, 1818, 14, 263, 15, 16, 0),
(1819, 1819, 14, 263, 15, 17, 0),
(1820, 1820, 14, 263, 15, 18, 0),
(1821, 1821, 14, 263, 15, 19, 0),
(1822, 1822, 14, 263, 15, 20, 0),
(1823, 1823, 14, 263, 15, 21, 0),
(1824, 1824, 14, 263, 15, 22, 0),
(1825, 1825, 14, 263, 15, 23, 0),
(1826, 1826, 14, 263, 15, 24, 0),
(1827, 1827, 14, 263, 15, 25, 0),
(1828, 1828, 14, 263, 15, 26, 1),
(1829, 1829, 14, 263, 15, 27, 0),
(1830, 1830, 14, 263, 15, 28, 0),
(1831, 1831, 14, 263, 15, 29, 0),
(1832, 1832, 14, 263, 15, 30, 0),
(1833, 1833, 14, 263, 15, 31, 1),
(1834, 1834, 14, 264, 15, 32, 0),
(1835, 1835, 14, 264, 15, 33, 0),
(1836, 1836, 14, 264, 15, 34, 0),
(1837, 1837, 14, 264, 15, 35, 0),
(1838, 1838, 14, 264, 15, 36, 1),
(1839, 1839, 14, 264, 15, 37, 1),
(1840, 1840, 14, 264, 15, 38, 1),
(1841, 1841, 14, 264, 15, 39, 1),
(1842, 1842, 14, 264, 15, 40, 0),
(1843, 1843, 14, 264, 15, 41, 0),
(1844, 1844, 14, 264, 15, 42, 0),
(1845, 1845, 14, 264, 15, 43, 0),
(1846, 1846, 14, 264, 15, 44, 0),
(1847, 1847, 14, 264, 15, 45, 1),
(1848, 1848, 14, 264, 15, 46, 0),
(1849, 1849, 14, 264, 15, 47, 1),
(1850, 1850, 14, 264, 15, 48, 0),
(1851, 1851, 14, 264, 15, 49, 0),
(1852, 1852, 14, 264, 15, 50, 0),
(1853, 1853, 14, 264, 15, 51, 1),
(1854, 1854, 14, 265, 15, 52, 1),
(1855, 1855, 14, 265, 15, 53, 0),
(1856, 1856, 14, 265, 15, 54, 0),
(1857, 1857, 14, 265, 15, 55, 0),
(1858, 1858, 14, 265, 15, 56, 0),
(1859, 1859, 14, 265, 15, 57, 1),
(1860, 1860, 14, 265, 15, 58, 1),
(1861, 1861, 14, 265, 15, 59, 0),
(1862, 1862, 14, 265, 15, 60, 1),
(1863, 1863, 14, 265, 15, 61, 0),
(1864, 1864, 14, 265, 15, 62, 0),
(1865, 1865, 14, 265, 15, 63, 0),
(1866, 1866, 14, 265, 15, 64, 0),
(1867, 1867, 14, 265, 15, 65, 1),
(1868, 1868, 14, 265, 15, 66, 0),
(1869, 1869, 14, 265, 15, 67, 0),
(1870, 1870, 14, 265, 15, 68, 0),
(1871, 1871, 14, 265, 15, 69, 0),
(1872, 1872, 14, 265, 15, 70, 0),
(1873, 1873, 14, 266, 15, 71, 0),
(1874, 1874, 14, 266, 15, 72, 0),
(1875, 1875, 14, 266, 15, 73, 1),
(1876, 1876, 14, 266, 15, 74, 0),
(1877, 1877, 14, 266, 15, 75, 0),
(1878, 1878, 14, 266, 15, 76, 0),
(1879, 1879, 14, 266, 15, 77, 0),
(1880, 1880, 14, 266, 15, 78, 0),
(1881, 1881, 14, 266, 15, 79, 0),
(1882, 1882, 14, 266, 15, 80, 0),
(1883, 1883, 14, 266, 15, 81, 0),
(1884, 1884, 14, 266, 15, 82, 0),
(1885, 1885, 14, 266, 15, 83, 1),
(1886, 1886, 14, 266, 15, 84, 1),
(1887, 1887, 14, 266, 15, 85, 1),
(1888, 1888, 14, 266, 15, 86, 0),
(1889, 1889, 14, 266, 15, 87, 0),
(1890, 1890, 14, 266, 15, 88, 1),
(1891, 1891, 14, 266, 15, 89, 0),
(1892, 1892, 14, 266, 15, 90, 0),
(1893, 1893, 14, 267, 15, 91, 0),
(1894, 1894, 14, 267, 15, 92, 0),
(1895, 1895, 14, 267, 15, 93, 0),
(1896, 1896, 14, 267, 15, 94, 0),
(1897, 1897, 14, 267, 15, 95, 0),
(1898, 1898, 14, 267, 15, 96, 0),
(1899, 1899, 14, 267, 15, 97, 0),
(1900, 1900, 14, 267, 15, 98, 0),
(1901, 1901, 14, 267, 15, 99, 0),
(1902, 1902, 14, 267, 16, 1, 0),
(1903, 1903, 14, 267, 16, 2, 0),
(1904, 1904, 14, 267, 16, 3, 1),
(1905, 1905, 14, 267, 16, 4, 0),
(1906, 1906, 14, 267, 16, 5, 0),
(1907, 1907, 14, 267, 16, 6, 0),
(1908, 1908, 14, 268, 16, 7, 0),
(1909, 1909, 14, 268, 16, 8, 0),
(1910, 1910, 14, 268, 16, 9, 0),
(1911, 1911, 14, 268, 16, 10, 1),
(1912, 1912, 14, 268, 16, 11, 0),
(1913, 1913, 14, 268, 16, 12, 0),
(1914, 1914, 14, 268, 16, 13, 0),
(1915, 1915, 14, 268, 16, 14, 1),
(1916, 1916, 14, 269, 16, 15, 1),
(1917, 1917, 14, 269, 16, 16, 0),
(1918, 1918, 14, 269, 16, 17, 0),
(1919, 1919, 14, 269, 16, 18, 1),
(1920, 1920, 14, 269, 16, 19, 0),
(1921, 1921, 14, 269, 16, 20, 0),
(1922, 1922, 14, 269, 16, 21, 0),
(1923, 1923, 14, 269, 16, 22, 0),
(1924, 1924, 14, 269, 16, 23, 0),
(1925, 1925, 14, 269, 16, 24, 0),
(1926, 1926, 14, 269, 16, 25, 0),
(1927, 1927, 14, 269, 16, 26, 1),
(1928, 1928, 14, 270, 16, 27, 0),
(1929, 1929, 14, 270, 16, 28, 1),
(1930, 1930, 14, 270, 16, 29, 1),
(1931, 1931, 14, 270, 16, 30, 0),
(1932, 1932, 14, 270, 16, 31, 1),
(1933, 1933, 14, 270, 16, 32, 1),
(1934, 1934, 14, 270, 16, 33, 1),
(1935, 1935, 14, 270, 16, 34, 1),
(1936, 1936, 14, 271, 16, 35, 1),
(1937, 1937, 14, 271, 16, 36, 0),
(1938, 1938, 14, 271, 16, 37, 0),
(1939, 1939, 14, 271, 16, 38, 1),
(1940, 1940, 14, 271, 16, 39, 0),
(1941, 1941, 14, 271, 16, 40, 0),
(1942, 1942, 14, 271, 16, 41, 1),
(1943, 1943, 14, 271, 16, 42, 1),
(1944, 1944, 14, 272, 16, 43, 1),
(1945, 1945, 14, 272, 16, 44, 0),
(1946, 1946, 14, 272, 16, 45, 0),
(1947, 1947, 14, 272, 16, 46, 0),
(1948, 1948, 14, 272, 16, 47, 0),
(1949, 1949, 14, 272, 16, 48, 0),
(1950, 1950, 14, 272, 16, 49, 0),
(1951, 1951, 14, 272, 16, 50, 0),
(1952, 1952, 14, 272, 16, 51, 0),
(1953, 1953, 14, 272, 16, 52, 0),
(1954, 1954, 14, 272, 16, 53, 0),
(1955, 1955, 14, 272, 16, 54, 1),
(1956, 1956, 14, 273, 16, 55, 1),
(1957, 1957, 14, 273, 16, 56, 0),
(1958, 1958, 14, 273, 16, 57, 0),
(1959, 1959, 14, 273, 16, 58, 1),
(1960, 1960, 14, 273, 16, 59, 0),
(1961, 1961, 14, 273, 16, 60, 0),
(1962, 1962, 14, 273, 16, 61, 1),
(1963, 1963, 14, 273, 16, 62, 0),
(1964, 1964, 14, 273, 16, 63, 0),
(1965, 1965, 14, 273, 16, 64, 0),
(1966, 1966, 14, 274, 16, 65, 1),
(1967, 1967, 14, 274, 16, 66, 1),
(1968, 1968, 14, 274, 16, 67, 0),
(1969, 1969, 14, 274, 16, 68, 0),
(1970, 1970, 14, 274, 16, 69, 0),
(1971, 1971, 14, 274, 16, 70, 1),
(1972, 1972, 14, 274, 16, 71, 0),
(1973, 1973, 14, 274, 16, 72, 1),
(1974, 1974, 14, 275, 16, 73, 1),
(1975, 1975, 14, 275, 16, 74, 0),
(1976, 1976, 14, 275, 16, 75, 1),
(1977, 1977, 14, 275, 16, 76, 1),
(1978, 1978, 14, 275, 16, 77, 1),
(1979, 1979, 14, 275, 16, 78, 1),
(1980, 1980, 14, 275, 16, 79, 1),
(1981, 1981, 14, 276, 16, 80, 0),
(1982, 1982, 14, 276, 16, 81, 0),
(1983, 1983, 14, 276, 16, 82, 1),
(1984, 1984, 14, 276, 16, 83, 0),
(1985, 1985, 14, 276, 16, 84, 1),
(1986, 1986, 14, 276, 16, 85, 0),
(1987, 1987, 14, 276, 16, 86, 0),
(1988, 1988, 14, 276, 16, 87, 0),
(1989, 1989, 14, 277, 16, 88, 0),
(1990, 1990, 14, 277, 16, 89, 1),
(1991, 1991, 14, 277, 16, 90, 0),
(1992, 1992, 14, 277, 16, 91, 0),
(1993, 1993, 14, 277, 16, 92, 0),
(1994, 1994, 14, 277, 16, 93, 1),
(1995, 1995, 14, 278, 16, 94, 0),
(1996, 1996, 14, 278, 16, 95, 0),
(1997, 1997, 14, 278, 16, 96, 0),
(1998, 1998, 14, 278, 16, 97, 1),
(1999, 1999, 14, 278, 16, 98, 1),
(2000, 2000, 14, 278, 16, 99, 0),
(2001, 2001, 14, 278, 16, 100, 0),
(2002, 2002, 14, 278, 16, 101, 0),
(2003, 2003, 14, 278, 16, 102, 0),
(2004, 2004, 14, 279, 16, 103, 0),
(2005, 2005, 14, 279, 16, 104, 0),
(2006, 2006, 14, 279, 16, 105, 0),
(2007, 2007, 14, 279, 16, 106, 0),
(2008, 2008, 14, 279, 16, 107, 0),
(2009, 2009, 14, 279, 16, 108, 0),
(2010, 2010, 14, 279, 16, 109, 1),
(2011, 2011, 14, 279, 16, 110, 1),
(2012, 2012, 14, 280, 16, 111, 0),
(2013, 2013, 14, 280, 16, 112, 1),
(2014, 2014, 14, 280, 16, 113, 0),
(2015, 2015, 14, 280, 16, 114, 1),
(2016, 2016, 14, 280, 16, 115, 1),
(2017, 2017, 14, 280, 16, 116, 0),
(2018, 2018, 14, 280, 16, 117, 0),
(2019, 2019, 14, 280, 16, 118, 1),
(2020, 2020, 14, 281, 16, 119, 1),
(2021, 2021, 14, 281, 16, 120, 0),
(2022, 2022, 14, 281, 16, 121, 0),
(2023, 2023, 14, 281, 16, 122, 0),
(2024, 2024, 14, 281, 16, 123, 0),
(2025, 2025, 14, 281, 16, 124, 0),
(2026, 2026, 14, 281, 16, 125, 0),
(2027, 2027, 14, 281, 16, 126, 0),
(2028, 2028, 14, 281, 16, 127, 1),
(2029, 2029, 14, 281, 16, 128, 0),
(2030, 2030, 15, 282, 17, 1, 0),
(2031, 2031, 15, 282, 17, 2, 0),
(2032, 2032, 15, 282, 17, 3, 0),
(2033, 2033, 15, 282, 17, 4, 0),
(2034, 2034, 15, 282, 17, 5, 0),
(2035, 2035, 15, 282, 17, 6, 0),
(2036, 2036, 15, 282, 17, 7, 0),
(2037, 2037, 15, 283, 17, 8, 0),
(2038, 2038, 15, 283, 17, 9, 1),
(2039, 2039, 15, 283, 17, 10, 0),
(2040, 2040, 15, 283, 17, 11, 0),
(2041, 2041, 15, 283, 17, 12, 1),
(2042, 2042, 15, 283, 17, 13, 0),
(2043, 2043, 15, 283, 17, 14, 0),
(2044, 2044, 15, 283, 17, 15, 1),
(2045, 2045, 15, 283, 17, 16, 0),
(2046, 2046, 15, 283, 17, 17, 0),
(2047, 2047, 15, 284, 17, 18, 0),
(2048, 2048, 15, 284, 17, 19, 0),
(2049, 2049, 15, 284, 17, 20, 0),
(2050, 2050, 15, 284, 17, 21, 1),
(2051, 2051, 15, 284, 17, 22, 0),
(2052, 2052, 15, 284, 17, 23, 0),
(2053, 2053, 15, 284, 17, 24, 0),
(2054, 2054, 15, 284, 17, 25, 0),
(2055, 2055, 15, 284, 17, 26, 0),
(2056, 2056, 15, 284, 17, 27, 0),
(2057, 2057, 15, 285, 17, 28, 0),
(2058, 2058, 15, 285, 17, 29, 0),
(2059, 2059, 15, 285, 17, 30, 1),
(2060, 2060, 15, 285, 17, 31, 0),
(2061, 2061, 15, 285, 17, 32, 0),
(2062, 2062, 15, 285, 17, 33, 0),
(2063, 2063, 15, 285, 17, 34, 0),
(2064, 2064, 15, 285, 17, 35, 0),
(2065, 2065, 15, 285, 17, 36, 0),
(2066, 2066, 15, 285, 17, 37, 0),
(2067, 2067, 15, 285, 17, 38, 0),
(2068, 2068, 15, 286, 17, 39, 0),
(2069, 2069, 15, 286, 17, 40, 0),
(2070, 2070, 15, 286, 17, 41, 1),
(2071, 2071, 15, 286, 17, 42, 0),
(2072, 2072, 15, 286, 17, 43, 0),
(2073, 2073, 15, 286, 17, 44, 0),
(2074, 2074, 15, 286, 17, 45, 0),
(2075, 2075, 15, 286, 17, 46, 1),
(2076, 2076, 15, 286, 17, 47, 0),
(2077, 2077, 15, 286, 17, 48, 1),
(2078, 2078, 15, 286, 17, 49, 1),
(2079, 2079, 15, 287, 17, 50, 0),
(2080, 2080, 15, 287, 17, 51, 0),
(2081, 2081, 15, 287, 17, 52, 0),
(2082, 2082, 15, 287, 17, 53, 0),
(2083, 2083, 15, 287, 17, 54, 0),
(2084, 2084, 15, 287, 17, 55, 0),
(2085, 2085, 15, 287, 17, 56, 1),
(2086, 2086, 15, 287, 17, 57, 0),
(2087, 2087, 15, 287, 17, 58, 0),
(2088, 2088, 15, 288, 17, 59, 0),
(2089, 2089, 15, 288, 17, 60, 0),
(2090, 2090, 15, 288, 17, 61, 1),
(2091, 2091, 15, 288, 17, 62, 0),
(2092, 2092, 15, 288, 17, 63, 0),
(2093, 2093, 15, 288, 17, 64, 0),
(2094, 2094, 15, 288, 17, 65, 0),
(2095, 2095, 15, 288, 17, 66, 0),
(2096, 2096, 15, 289, 17, 67, 0),
(2097, 2097, 15, 289, 17, 68, 0),
(2098, 2098, 15, 289, 17, 69, 0),
(2099, 2099, 15, 289, 17, 70, 0),
(2100, 2100, 15, 289, 17, 71, 0),
(2101, 2101, 15, 289, 17, 72, 0),
(2102, 2102, 15, 289, 17, 73, 0),
(2103, 2103, 15, 289, 17, 74, 0),
(2104, 2104, 15, 289, 17, 75, 0),
(2105, 2105, 15, 290, 17, 76, 0),
(2106, 2106, 15, 290, 17, 77, 0),
(2107, 2107, 15, 290, 17, 78, 0),
(2108, 2108, 15, 290, 17, 79, 0),
(2109, 2109, 15, 290, 17, 80, 0),
(2110, 2110, 15, 290, 17, 81, 1),
(2111, 2111, 15, 290, 17, 82, 0),
(2112, 2112, 15, 290, 17, 83, 1),
(2113, 2113, 15, 290, 17, 84, 0),
(2114, 2114, 15, 290, 17, 85, 0),
(2115, 2115, 15, 290, 17, 86, 0),
(2116, 2116, 15, 291, 17, 87, 0),
(2117, 2117, 15, 291, 17, 88, 0),
(2118, 2118, 15, 291, 17, 89, 1),
(2119, 2119, 15, 291, 17, 90, 0),
(2120, 2120, 15, 291, 17, 91, 0),
(2121, 2121, 15, 291, 17, 92, 0),
(2122, 2122, 15, 291, 17, 93, 0),
(2123, 2123, 15, 291, 17, 94, 1),
(2124, 2124, 15, 291, 17, 95, 0),
(2125, 2125, 15, 291, 17, 96, 1),
(2126, 2126, 15, 292, 17, 97, 1),
(2127, 2127, 15, 292, 17, 98, 1),
(2128, 2128, 15, 292, 17, 99, 1),
(2129, 2129, 15, 292, 17, 100, 0),
(2130, 2130, 15, 292, 17, 101, 0),
(2131, 2131, 15, 292, 17, 102, 0),
(2132, 2132, 15, 292, 17, 103, 0),
(2133, 2133, 15, 292, 17, 104, 0),
(2134, 2134, 15, 293, 17, 105, 1),
(2135, 2135, 15, 293, 17, 106, 0),
(2136, 2136, 15, 293, 17, 107, 0),
(2137, 2137, 15, 293, 17, 108, 0),
(2138, 2138, 15, 293, 17, 109, 0),
(2139, 2139, 15, 293, 17, 110, 0),
(2140, 2140, 15, 293, 17, 111, 1),
(2141, 2141, 15, 293, 18, 1, 1),
(2142, 2142, 15, 293, 18, 2, 1),
(2143, 2143, 15, 293, 18, 3, 0),
(2144, 2144, 15, 293, 18, 4, 0),
(2145, 2145, 15, 294, 18, 5, 0),
(2146, 2146, 15, 294, 18, 6, 0),
(2147, 2147, 15, 294, 18, 7, 0),
(2148, 2148, 15, 294, 18, 8, 0),
(2149, 2149, 15, 294, 18, 9, 0),
(2150, 2150, 15, 294, 18, 10, 0),
(2151, 2151, 15, 294, 18, 11, 0),
(2152, 2152, 15, 294, 18, 12, 1),
(2153, 2153, 15, 294, 18, 13, 0),
(2154, 2154, 15, 294, 18, 14, 0),
(2155, 2155, 15, 294, 18, 15, 1),
(2156, 2156, 15, 295, 18, 16, 0),
(2157, 2157, 15, 295, 18, 17, 1),
(2158, 2158, 15, 295, 18, 18, 0),
(2159, 2159, 15, 295, 18, 19, 0),
(2160, 2160, 15, 295, 18, 20, 0),
(2161, 2161, 15, 296, 18, 21, 0),
(2162, 2162, 15, 296, 18, 22, 0),
(2163, 2163, 15, 296, 18, 23, 0),
(2164, 2164, 15, 296, 18, 24, 0),
(2165, 2165, 15, 296, 18, 25, 0),
(2166, 2166, 15, 296, 18, 26, 1),
(2167, 2167, 15, 296, 18, 27, 1),
(2168, 2168, 15, 297, 18, 28, 0),
(2169, 2169, 15, 297, 18, 29, 0),
(2170, 2170, 15, 297, 18, 30, 1),
(2171, 2171, 15, 297, 18, 31, 0),
(2172, 2172, 15, 297, 18, 32, 0),
(2173, 2173, 15, 297, 18, 33, 0),
(2174, 2174, 15, 297, 18, 34, 0),
(2175, 2175, 15, 298, 18, 35, 0),
(2176, 2176, 15, 298, 18, 36, 1),
(2177, 2177, 15, 298, 18, 37, 0),
(2178, 2178, 15, 298, 18, 38, 0),
(2179, 2179, 15, 298, 18, 39, 0),
(2180, 2180, 15, 298, 18, 40, 0),
(2181, 2181, 15, 298, 18, 41, 0),
(2182, 2182, 15, 298, 18, 42, 0),
(2183, 2183, 15, 298, 18, 43, 0),
(2184, 2184, 15, 298, 18, 44, 0),
(2185, 2185, 15, 298, 18, 45, 1),
(2186, 2186, 15, 299, 18, 46, 1),
(2187, 2187, 15, 299, 18, 47, 0),
(2188, 2188, 15, 299, 18, 48, 0),
(2189, 2189, 15, 299, 18, 49, 1),
(2190, 2190, 15, 299, 18, 50, 1),
(2191, 2191, 15, 299, 18, 51, 0),
(2192, 2192, 15, 299, 18, 52, 0),
(2193, 2193, 15, 299, 18, 53, 0),
(2194, 2194, 15, 300, 18, 54, 1),
(2195, 2195, 15, 300, 18, 55, 1),
(2196, 2196, 15, 300, 18, 56, 0),
(2197, 2197, 15, 300, 18, 57, 1),
(2198, 2198, 15, 300, 18, 58, 1),
(2199, 2199, 15, 300, 18, 59, 0),
(2200, 2200, 15, 300, 18, 60, 0),
(2201, 2201, 15, 300, 18, 61, 0),
(2202, 2202, 15, 301, 18, 62, 0),
(2203, 2203, 15, 301, 18, 63, 0),
(2204, 2204, 15, 301, 18, 64, 0),
(2205, 2205, 15, 301, 18, 65, 0),
(2206, 2206, 15, 301, 18, 66, 0),
(2207, 2207, 15, 301, 18, 67, 0),
(2208, 2208, 15, 301, 18, 68, 0),
(2209, 2209, 15, 301, 18, 69, 0),
(2210, 2210, 15, 301, 18, 70, 0),
(2211, 2211, 15, 301, 18, 71, 0),
(2212, 2212, 15, 301, 18, 72, 0),
(2213, 2213, 15, 301, 18, 73, 0),
(2214, 2214, 15, 301, 18, 74, 0),
(2215, 2215, 16, 302, 18, 75, 0),
(2216, 2216, 16, 302, 18, 76, 0),
(2217, 2217, 16, 302, 18, 77, 0),
(2218, 2218, 16, 302, 18, 78, 0),
(2219, 2219, 16, 302, 18, 79, 0),
(2220, 2220, 16, 302, 18, 80, 0),
(2221, 2221, 16, 302, 18, 81, 0),
(2222, 2222, 16, 302, 18, 82, 0),
(2223, 2223, 16, 302, 18, 83, 0),
(2224, 2224, 16, 303, 18, 84, 0),
(2225, 2225, 16, 303, 18, 85, 0),
(2226, 2226, 16, 303, 18, 86, 0),
(2227, 2227, 16, 303, 18, 87, 0),
(2228, 2228, 16, 303, 18, 88, 0),
(2229, 2229, 16, 303, 18, 89, 0),
(2230, 2230, 16, 303, 18, 90, 0),
(2231, 2231, 16, 303, 18, 91, 0),
(2232, 2232, 16, 303, 18, 92, 0),
(2233, 2233, 16, 303, 18, 93, 0),
(2234, 2234, 16, 303, 18, 94, 0),
(2235, 2235, 16, 303, 18, 95, 0),
(2236, 2236, 16, 303, 18, 96, 0),
(2237, 2237, 16, 303, 18, 97, 0),
(2238, 2238, 16, 304, 18, 98, 0),
(2239, 2239, 16, 304, 18, 99, 1),
(2240, 2240, 16, 304, 18, 100, 0),
(2241, 2241, 16, 304, 18, 101, 0),
(2242, 2242, 16, 304, 18, 102, 0),
(2243, 2243, 16, 304, 18, 103, 0),
(2244, 2244, 16, 304, 18, 104, 0),
(2245, 2245, 16, 304, 18, 105, 0),
(2246, 2246, 16, 304, 18, 106, 0),
(2247, 2247, 16, 304, 18, 107, 1),
(2248, 2248, 16, 304, 18, 108, 0),
(2249, 2249, 16, 304, 18, 109, 0),
(2250, 2250, 16, 304, 18, 110, 1),
(2251, 2251, 16, 305, 19, 1, 0),
(2252, 2252, 16, 305, 19, 2, 0),
(2253, 2253, 16, 305, 19, 3, 0),
(2254, 2254, 16, 305, 19, 4, 0),
(2255, 2255, 16, 305, 19, 5, 0),
(2256, 2256, 16, 305, 19, 6, 0),
(2257, 2257, 16, 305, 19, 7, 0),
(2258, 2258, 16, 305, 19, 8, 1),
(2259, 2259, 16, 305, 19, 9, 0),
(2260, 2260, 16, 305, 19, 10, 0),
(2261, 2261, 16, 305, 19, 11, 1),
(2262, 2262, 16, 306, 19, 12, 0),
(2263, 2263, 16, 306, 19, 13, 0),
(2264, 2264, 16, 306, 19, 14, 1),
(2265, 2265, 16, 306, 19, 15, 1),
(2266, 2266, 16, 306, 19, 16, 0),
(2267, 2267, 16, 306, 19, 17, 0),
(2268, 2268, 16, 306, 19, 18, 0),
(2269, 2269, 16, 306, 19, 19, 0),
(2270, 2270, 16, 306, 19, 20, 1),
(2271, 2271, 16, 306, 19, 21, 0),
(2272, 2272, 16, 306, 19, 22, 0),
(2273, 2273, 16, 306, 19, 23, 0),
(2274, 2274, 16, 306, 19, 24, 0),
(2275, 2275, 16, 306, 19, 25, 0),
(2276, 2276, 16, 307, 19, 26, 0),
(2277, 2277, 16, 307, 19, 27, 0),
(2278, 2278, 16, 307, 19, 28, 0),
(2279, 2279, 16, 307, 19, 29, 0),
(2280, 2280, 16, 307, 19, 30, 0),
(2281, 2281, 16, 307, 19, 31, 0),
(2282, 2282, 16, 307, 19, 32, 1),
(2283, 2283, 16, 307, 19, 33, 1),
(2284, 2284, 16, 307, 19, 34, 0),
(2285, 2285, 16, 307, 19, 35, 0),
(2286, 2286, 16, 307, 19, 36, 1),
(2287, 2287, 16, 307, 19, 37, 0),
(2288, 2288, 16, 307, 19, 38, 1),
(2289, 2289, 16, 308, 19, 39, 0),
(2290, 2290, 16, 308, 19, 40, 0),
(2291, 2291, 16, 308, 19, 41, 0),
(2292, 2292, 16, 308, 19, 42, 0),
(2293, 2293, 16, 308, 19, 43, 0),
(2294, 2294, 16, 308, 19, 44, 0),
(2295, 2295, 16, 308, 19, 45, 0),
(2296, 2296, 16, 308, 19, 46, 0),
(2297, 2297, 16, 308, 19, 47, 0),
(2298, 2298, 16, 308, 19, 48, 0),
(2299, 2299, 16, 308, 19, 49, 1),
(2300, 2300, 16, 308, 19, 50, 0),
(2301, 2301, 16, 308, 19, 51, 0),
(2302, 2302, 16, 309, 19, 52, 0),
(2303, 2303, 16, 309, 19, 53, 0),
(2304, 2304, 16, 309, 19, 54, 0),
(2305, 2305, 16, 309, 19, 55, 0),
(2306, 2306, 16, 309, 19, 56, 0),
(2307, 2307, 16, 309, 19, 57, 0),
(2308, 2308, 16, 309, 19, 58, 0),
(2309, 2309, 16, 309, 19, 59, 0),
(2310, 2310, 16, 309, 19, 60, 1),
(2311, 2311, 16, 309, 19, 61, 0),
(2312, 2312, 16, 309, 19, 62, 0),
(2313, 2313, 16, 309, 19, 63, 0),
(2314, 2314, 16, 309, 19, 64, 0),
(2315, 2315, 16, 310, 19, 65, 1),
(2316, 2316, 16, 310, 19, 66, 0),
(2317, 2317, 16, 310, 19, 67, 0),
(2318, 2318, 16, 310, 19, 68, 0),
(2319, 2319, 16, 310, 19, 69, 0),
(2320, 2320, 16, 310, 19, 70, 0),
(2321, 2321, 16, 310, 19, 71, 0),
(2322, 2322, 16, 310, 19, 72, 0),
(2323, 2323, 16, 310, 19, 73, 1),
(2324, 2324, 16, 310, 19, 74, 1),
(2325, 2325, 16, 310, 19, 75, 1),
(2326, 2326, 16, 310, 19, 76, 1),
(2327, 2327, 16, 311, 19, 77, 0),
(2328, 2328, 16, 311, 19, 78, 0),
(2329, 2329, 16, 311, 19, 79, 0),
(2330, 2330, 16, 311, 19, 80, 0),
(2331, 2331, 16, 311, 19, 81, 1),
(2332, 2332, 16, 311, 19, 82, 0),
(2333, 2333, 16, 311, 19, 83, 0),
(2334, 2334, 16, 311, 19, 84, 0),
(2335, 2335, 16, 311, 19, 85, 0),
(2336, 2336, 16, 311, 19, 86, 0),
(2337, 2337, 16, 311, 19, 87, 0),
(2338, 2338, 16, 311, 19, 88, 1),
(2339, 2339, 16, 311, 19, 89, 0),
(2340, 2340, 16, 311, 19, 90, 0),
(2341, 2341, 16, 311, 19, 91, 0),
(2342, 2342, 16, 311, 19, 92, 0),
(2343, 2343, 16, 311, 19, 93, 0),
(2344, 2344, 16, 311, 19, 94, 0),
(2345, 2345, 16, 311, 19, 95, 0),
(2346, 2346, 16, 312, 19, 96, 1),
(2347, 2347, 16, 312, 19, 97, 1),
(2348, 2348, 16, 312, 19, 98, 1),
(2349, 2349, 16, 312, 20, 1, 0),
(2350, 2350, 16, 312, 20, 2, 0),
(2351, 2351, 16, 312, 20, 3, 0),
(2352, 2352, 16, 312, 20, 4, 0),
(2353, 2353, 16, 312, 20, 5, 0),
(2354, 2354, 16, 312, 20, 6, 0),
(2355, 2355, 16, 312, 20, 7, 0),
(2356, 2356, 16, 312, 20, 8, 0),
(2357, 2357, 16, 312, 20, 9, 0),
(2358, 2358, 16, 312, 20, 10, 1),
(2359, 2359, 16, 312, 20, 11, 0),
(2360, 2360, 16, 312, 20, 12, 0),
(2361, 2361, 16, 313, 20, 13, 0),
(2362, 2362, 16, 313, 20, 14, 0),
(2363, 2363, 16, 313, 20, 15, 0),
(2364, 2364, 16, 313, 20, 16, 0),
(2365, 2365, 16, 313, 20, 17, 0),
(2366, 2366, 16, 313, 20, 18, 0),
(2367, 2367, 16, 313, 20, 19, 1),
(2368, 2368, 16, 313, 20, 20, 0),
(2369, 2369, 16, 313, 20, 21, 0),
(2370, 2370, 16, 313, 20, 22, 0),
(2371, 2371, 16, 313, 20, 23, 0),
(2372, 2372, 16, 313, 20, 24, 0),
(2373, 2373, 16, 313, 20, 25, 0),
(2374, 2374, 16, 313, 20, 26, 0),
(2375, 2375, 16, 313, 20, 27, 0),
(2376, 2376, 16, 313, 20, 28, 0),
(2377, 2377, 16, 313, 20, 29, 0),
(2378, 2378, 16, 313, 20, 30, 0),
(2379, 2379, 16, 313, 20, 31, 0),
(2380, 2380, 16, 313, 20, 32, 0),
(2381, 2381, 16, 313, 20, 33, 0),
(2382, 2382, 16, 313, 20, 34, 0),
(2383, 2383, 16, 313, 20, 35, 0),
(2384, 2384, 16, 313, 20, 36, 0),
(2385, 2385, 16, 313, 20, 37, 0),
(2386, 2386, 16, 314, 20, 38, 0),
(2387, 2387, 16, 314, 20, 39, 0),
(2388, 2388, 16, 314, 20, 40, 0),
(2389, 2389, 16, 314, 20, 41, 0),
(2390, 2390, 16, 314, 20, 42, 0),
(2391, 2391, 16, 314, 20, 43, 0),
(2392, 2392, 16, 314, 20, 44, 0),
(2393, 2393, 16, 314, 20, 45, 0),
(2394, 2394, 16, 314, 20, 46, 0),
(2395, 2395, 16, 314, 20, 47, 1),
(2396, 2396, 16, 314, 20, 48, 0),
(2397, 2397, 16, 314, 20, 49, 0),
(2398, 2398, 16, 314, 20, 50, 0),
(2399, 2399, 16, 314, 20, 51, 0),
(2400, 2400, 16, 315, 20, 52, 0),
(2401, 2401, 16, 315, 20, 53, 1),
(2402, 2402, 16, 315, 20, 54, 0),
(2403, 2403, 16, 315, 20, 55, 0),
(2404, 2404, 16, 315, 20, 56, 0),
(2405, 2405, 16, 315, 20, 57, 0),
(2406, 2406, 16, 315, 20, 58, 0),
(2407, 2407, 16, 315, 20, 59, 0),
(2408, 2408, 16, 315, 20, 60, 0),
(2409, 2409, 16, 315, 20, 61, 0),
(2410, 2410, 16, 315, 20, 62, 1),
(2411, 2411, 16, 315, 20, 63, 0),
(2412, 2412, 16, 315, 20, 64, 0),
(2413, 2413, 16, 316, 20, 65, 0),
(2414, 2414, 16, 316, 20, 66, 0),
(2415, 2415, 16, 316, 20, 67, 0),
(2416, 2416, 16, 316, 20, 68, 0),
(2417, 2417, 16, 316, 20, 69, 1),
(2418, 2418, 16, 316, 20, 70, 0),
(2419, 2419, 16, 316, 20, 71, 1),
(2420, 2420, 16, 316, 20, 72, 0),
(2421, 2421, 16, 316, 20, 73, 0),
(2422, 2422, 16, 316, 20, 74, 0),
(2423, 2423, 16, 316, 20, 75, 0),
(2424, 2424, 16, 316, 20, 76, 0),
(2425, 2425, 16, 317, 20, 77, 0),
(2426, 2426, 16, 317, 20, 78, 0),
(2427, 2427, 16, 317, 20, 79, 0),
(2428, 2428, 16, 317, 20, 80, 0),
(2429, 2429, 16, 317, 20, 81, 0),
(2430, 2430, 16, 317, 20, 82, 0),
(2431, 2431, 16, 317, 20, 83, 0),
(2432, 2432, 16, 317, 20, 84, 0),
(2433, 2433, 16, 317, 20, 85, 0),
(2434, 2434, 16, 317, 20, 86, 0),
(2435, 2435, 16, 317, 20, 87, 0),
(2436, 2436, 16, 318, 20, 88, 0),
(2437, 2437, 16, 318, 20, 89, 0),
(2438, 2438, 16, 318, 20, 90, 0),
(2439, 2439, 16, 318, 20, 91, 0),
(2440, 2440, 16, 318, 20, 92, 0),
(2441, 2441, 16, 318, 20, 93, 0),
(2442, 2442, 16, 318, 20, 94, 0),
(2443, 2443, 16, 318, 20, 95, 0),
(2444, 2444, 16, 318, 20, 96, 0),
(2445, 2445, 16, 318, 20, 97, 0),
(2446, 2446, 16, 318, 20, 98, 0),
(2447, 2447, 16, 319, 20, 99, 0),
(2448, 2448, 16, 319, 20, 100, 0),
(2449, 2449, 16, 319, 20, 101, 0),
(2450, 2450, 16, 319, 20, 102, 1),
(2451, 2451, 16, 319, 20, 103, 0),
(2452, 2452, 16, 319, 20, 104, 1),
(2453, 2453, 16, 319, 20, 105, 0),
(2454, 2454, 16, 319, 20, 106, 0),
(2455, 2455, 16, 319, 20, 107, 0),
(2456, 2456, 16, 319, 20, 108, 0),
(2457, 2457, 16, 319, 20, 109, 1),
(2458, 2458, 16, 319, 20, 110, 1),
(2459, 2459, 16, 319, 20, 111, 0),
(2460, 2460, 16, 319, 20, 112, 1),
(2461, 2461, 16, 319, 20, 113, 1),
(2462, 2462, 16, 320, 20, 114, 1),
(2463, 2463, 16, 320, 20, 115, 0),
(2464, 2464, 16, 320, 20, 116, 1),
(2465, 2465, 16, 320, 20, 117, 0),
(2466, 2466, 16, 320, 20, 118, 0),
(2467, 2467, 16, 320, 20, 119, 0),
(2468, 2468, 16, 320, 20, 120, 0),
(2469, 2469, 16, 320, 20, 121, 1),
(2470, 2470, 16, 320, 20, 122, 0),
(2471, 2471, 16, 320, 20, 123, 0),
(2472, 2472, 16, 320, 20, 124, 0),
(2473, 2473, 16, 320, 20, 125, 0),
(2474, 2474, 16, 321, 20, 126, 0),
(2475, 2475, 16, 321, 20, 127, 0),
(2476, 2476, 16, 321, 20, 128, 1),
(2477, 2477, 16, 321, 20, 129, 1),
(2478, 2478, 16, 321, 20, 130, 1),
(2479, 2479, 16, 321, 20, 131, 1),
(2480, 2480, 16, 321, 20, 132, 0),
(2481, 2481, 16, 321, 20, 133, 0),
(2482, 2482, 16, 321, 20, 134, 0),
(2483, 2483, 16, 321, 20, 135, 0),
(2484, 2484, 17, 322, 21, 1, 0),
(2485, 2485, 17, 322, 21, 2, 1),
(2486, 2486, 17, 322, 21, 3, 0),
(2487, 2487, 17, 322, 21, 4, 0),
(2488, 2488, 17, 322, 21, 5, 0),
(2489, 2489, 17, 322, 21, 6, 0),
(2490, 2490, 17, 322, 21, 7, 1),
(2491, 2491, 17, 322, 21, 8, 0),
(2492, 2492, 17, 322, 21, 9, 0),
(2493, 2493, 17, 322, 21, 10, 0),
(2494, 2494, 17, 322, 21, 11, 0),
(2495, 2495, 17, 322, 21, 12, 0),
(2496, 2496, 17, 322, 21, 13, 0),
(2497, 2497, 17, 322, 21, 14, 0),
(2498, 2498, 17, 322, 21, 15, 0),
(2499, 2499, 17, 322, 21, 16, 1),
(2500, 2500, 17, 322, 21, 17, 0),
(2501, 2501, 17, 322, 21, 18, 0),
(2502, 2502, 17, 322, 21, 19, 1),
(2503, 2503, 17, 322, 21, 20, 0),
(2504, 2504, 17, 322, 21, 21, 0),
(2505, 2505, 17, 322, 21, 22, 0),
(2506, 2506, 17, 322, 21, 23, 0),
(2507, 2507, 17, 322, 21, 24, 1),
(2508, 2508, 17, 322, 21, 25, 1),
(2509, 2509, 17, 322, 21, 26, 1),
(2510, 2510, 17, 322, 21, 27, 0),
(2511, 2511, 17, 322, 21, 28, 1),
(2512, 2512, 17, 322, 21, 29, 0),
(2513, 2513, 17, 322, 21, 30, 0),
(2514, 2514, 17, 322, 21, 31, 1),
(2515, 2515, 17, 322, 21, 32, 0),
(2516, 2516, 17, 322, 21, 33, 0),
(2517, 2517, 17, 322, 21, 34, 0),
(2518, 2518, 17, 322, 21, 35, 1),
(2519, 2519, 17, 322, 21, 36, 1),
(2520, 2520, 17, 322, 21, 37, 0),
(2521, 2521, 17, 322, 21, 38, 1),
(2522, 2522, 17, 322, 21, 39, 0),
(2523, 2523, 17, 322, 21, 40, 0),
(2524, 2524, 17, 322, 21, 41, 1),
(2525, 2525, 17, 322, 21, 42, 0),
(2526, 2526, 17, 322, 21, 43, 0),
(2527, 2527, 17, 322, 21, 44, 1),
(2528, 2528, 17, 322, 21, 45, 0),
(2529, 2529, 17, 322, 21, 46, 0),
(2530, 2530, 17, 322, 21, 47, 0),
(2531, 2531, 17, 322, 21, 48, 0),
(2532, 2532, 17, 322, 21, 49, 0),
(2533, 2533, 17, 322, 21, 50, 1),
(2534, 2534, 17, 322, 21, 51, 0),
(2535, 2535, 17, 322, 21, 52, 1),
(2536, 2536, 17, 322, 21, 53, 0),
(2537, 2537, 17, 322, 21, 54, 0),
(2538, 2538, 17, 322, 21, 55, 1),
(2539, 2539, 17, 322, 21, 56, 0),
(2540, 2540, 17, 322, 21, 57, 0),
(2541, 2541, 17, 322, 21, 58, 0),
(2542, 2542, 17, 322, 21, 59, 0),
(2543, 2543, 17, 322, 21, 60, 0),
(2544, 2544, 17, 322, 21, 61, 0),
(2545, 2545, 17, 322, 21, 62, 0),
(2546, 2546, 17, 322, 21, 63, 0),
(2547, 2547, 17, 322, 21, 64, 0),
(2548, 2548, 17, 322, 21, 65, 0),
(2549, 2549, 17, 322, 21, 66, 0),
(2550, 2550, 17, 322, 21, 67, 0),
(2551, 2551, 17, 322, 21, 68, 0),
(2552, 2552, 17, 322, 21, 69, 0),
(2553, 2553, 17, 322, 21, 70, 1),
(2554, 2554, 17, 322, 21, 71, 0),
(2555, 2555, 17, 322, 21, 72, 1),
(2556, 2556, 17, 322, 21, 73, 1),
(2557, 2557, 17, 322, 21, 74, 0),
(2558, 2558, 17, 322, 21, 75, 0),
(2559, 2559, 17, 322, 21, 76, 0),
(2560, 2560, 17, 322, 21, 77, 0),
(2561, 2561, 17, 322, 21, 78, 0),
(2562, 2562, 17, 322, 21, 79, 0),
(2563, 2563, 17, 322, 21, 80, 0),
(2564, 2564, 17, 322, 21, 81, 0),
(2565, 2565, 17, 322, 21, 82, 0),
(2566, 2566, 17, 322, 21, 83, 0),
(2567, 2567, 17, 322, 21, 84, 0),
(2568, 2568, 17, 322, 21, 85, 0),
(2569, 2569, 17, 322, 21, 86, 0),
(2570, 2570, 17, 322, 21, 87, 0),
(2571, 2571, 17, 322, 21, 88, 0),
(2572, 2572, 17, 322, 21, 89, 0),
(2573, 2573, 17, 322, 21, 90, 0),
(2574, 2574, 17, 322, 21, 91, 1),
(2575, 2575, 17, 322, 21, 92, 1),
(2576, 2576, 17, 322, 21, 93, 1),
(2577, 2577, 17, 322, 21, 94, 0),
(2578, 2578, 17, 322, 21, 95, 0),
(2579, 2579, 17, 322, 21, 96, 0),
(2580, 2580, 17, 322, 21, 97, 0),
(2581, 2581, 17, 322, 21, 98, 1),
(2582, 2582, 17, 322, 21, 99, 0),
(2583, 2583, 17, 322, 21, 100, 0),
(2584, 2584, 17, 322, 21, 101, 0),
(2585, 2585, 17, 322, 21, 102, 0),
(2586, 2586, 17, 322, 21, 103, 0),
(2587, 2587, 17, 322, 21, 104, 0),
(2588, 2588, 17, 322, 21, 105, 0),
(2589, 2589, 17, 322, 21, 106, 0),
(2590, 2590, 17, 322, 21, 107, 0),
(2591, 2591, 17, 322, 21, 108, 1),
(2592, 2592, 17, 322, 21, 109, 1),
(2593, 2593, 17, 322, 21, 110, 0),
(2594, 2594, 17, 322, 21, 111, 0),
(2595, 2595, 17, 322, 21, 112, 0),
(2596, 2596, 17, 332, 22, 1, 1),
(2597, 2597, 17, 332, 22, 2, 0),
(2598, 2598, 17, 332, 22, 3, 1),
(2599, 2599, 17, 332, 22, 4, 0),
(2600, 2600, 17, 332, 22, 5, 1),
(2601, 2601, 17, 333, 22, 6, 1),
(2602, 2602, 17, 333, 22, 7, 1),
(2603, 2603, 17, 333, 22, 8, 0),
(2604, 2604, 17, 333, 22, 9, 0),
(2605, 2605, 17, 333, 22, 10, 1),
(2606, 2606, 17, 323, 22, 11, 0),
(2607, 2607, 17, 323, 22, 12, 0),
(2608, 2608, 17, 323, 22, 13, 0),
(2609, 2609, 17, 323, 22, 14, 1),
(2610, 2610, 17, 323, 22, 15, 0),
(2611, 2611, 17, 334, 22, 16, 1),
(2612, 2612, 17, 334, 22, 17, 1),
(2613, 2613, 17, 334, 22, 18, 0),
(2614, 2614, 17, 334, 22, 19, 0),
(2615, 2615, 17, 334, 22, 20, 0),
(2616, 2616, 17, 334, 22, 21, 0),
(2617, 2617, 17, 334, 22, 22, 1),
(2618, 2618, 17, 334, 22, 23, 1),
(2619, 2619, 17, 335, 22, 24, 0),
(2620, 2620, 17, 335, 22, 25, 1),
(2621, 2621, 17, 335, 22, 26, 0),
(2622, 2622, 17, 335, 22, 27, 0),
(2623, 2623, 17, 335, 22, 28, 0),
(2624, 2624, 17, 335, 22, 29, 0),
(2625, 2625, 17, 335, 22, 30, 0),
(2626, 2626, 17, 336, 22, 31, 0),
(2627, 2627, 17, 336, 22, 32, 0),
(2628, 2628, 17, 336, 22, 33, 0),
(2629, 2629, 17, 336, 22, 34, 1),
(2630, 2630, 17, 336, 22, 35, 1),
(2631, 2631, 17, 336, 22, 36, 0),
(2632, 2632, 17, 336, 22, 37, 0),
(2633, 2633, 17, 336, 22, 38, 0),
(2634, 2634, 17, 337, 22, 39, 0),
(2635, 2635, 17, 337, 22, 40, 0),
(2636, 2636, 17, 337, 22, 41, 0),
(2637, 2637, 17, 337, 22, 42, 1),
(2638, 2638, 17, 337, 22, 43, 0),
(2639, 2639, 17, 337, 22, 44, 0),
(2640, 2640, 17, 337, 22, 45, 1),
(2641, 2641, 17, 337, 22, 46, 1),
(2642, 2642, 17, 338, 22, 47, 1),
(2643, 2643, 17, 338, 22, 48, 1),
(2644, 2644, 17, 338, 22, 49, 0),
(2645, 2645, 17, 338, 22, 50, 0),
(2646, 2646, 17, 338, 22, 51, 1),
(2647, 2647, 17, 338, 22, 52, 1),
(2648, 2648, 17, 338, 22, 53, 0),
(2649, 2649, 17, 338, 22, 54, 0),
(2650, 2650, 17, 338, 22, 55, 0),
(2651, 2651, 17, 339, 22, 56, 1),
(2652, 2652, 17, 339, 22, 57, 1),
(2653, 2653, 17, 339, 22, 58, 1),
(2654, 2654, 17, 339, 22, 59, 0),
(2655, 2655, 17, 339, 22, 60, 0),
(2656, 2656, 17, 339, 22, 61, 1),
(2657, 2657, 17, 339, 22, 62, 1),
(2658, 2658, 17, 339, 22, 63, 1),
(2659, 2659, 17, 339, 22, 64, 1),
(2660, 2660, 17, 340, 22, 65, 0),
(2661, 2661, 17, 340, 22, 66, 0),
(2662, 2662, 17, 340, 22, 67, 1),
(2663, 2663, 17, 340, 22, 68, 0),
(2664, 2664, 17, 340, 22, 69, 0),
(2665, 2665, 17, 340, 22, 70, 1),
(2666, 2666, 17, 340, 22, 71, 1),
(2667, 2667, 17, 340, 22, 72, 1),
(2668, 2668, 17, 341, 22, 73, 0),
(2669, 2669, 17, 341, 22, 74, 0),
(2670, 2670, 17, 341, 22, 75, 0),
(2671, 2671, 17, 341, 22, 76, 1),
(2672, 2672, 17, 341, 22, 77, 0),
(2673, 2673, 17, 341, 22, 78, 1),
(2674, 2674, 18, 342, 23, 1, 0),
(2675, 2675, 18, 342, 23, 2, 0),
(2676, 2676, 18, 342, 23, 3, 0),
(2677, 2677, 18, 342, 23, 4, 0),
(2678, 2678, 18, 342, 23, 5, 0),
(2679, 2679, 18, 342, 23, 6, 0),
(2680, 2680, 18, 342, 23, 7, 0),
(2681, 2681, 18, 342, 23, 8, 0),
(2682, 2682, 18, 342, 23, 9, 0),
(2683, 2683, 18, 342, 23, 10, 0),
(2684, 2684, 18, 342, 23, 11, 0),
(2685, 2685, 18, 342, 23, 12, 0),
(2686, 2686, 18, 342, 23, 13, 0),
(2687, 2687, 18, 342, 23, 14, 0),
(2688, 2688, 18, 342, 23, 15, 0),
(2689, 2689, 18, 342, 23, 16, 1),
(2690, 2690, 18, 342, 23, 17, 0),
(2691, 2691, 18, 343, 23, 18, 0),
(2692, 2692, 18, 343, 23, 19, 0),
(2693, 2693, 18, 343, 23, 20, 0),
(2694, 2694, 18, 343, 23, 21, 1),
(2695, 2695, 18, 343, 23, 22, 1),
(2696, 2696, 18, 343, 23, 23, 1),
(2697, 2697, 18, 343, 23, 24, 1),
(2698, 2698, 17, 324, 23, 25, 0),
(2699, 2699, 17, 324, 23, 26, 0),
(2700, 2700, 17, 324, 23, 27, 1),
(2701, 2701, 18, 344, 23, 28, 0),
(2702, 2702, 18, 344, 23, 29, 0),
(2703, 2703, 18, 344, 23, 30, 0),
(2704, 2704, 18, 344, 23, 31, 0),
(2705, 2705, 18, 344, 23, 32, 0),
(2706, 2706, 18, 344, 23, 33, 0),
(2707, 2707, 18, 344, 23, 34, 1),
(2708, 2708, 18, 344, 23, 35, 0),
(2709, 2709, 18, 344, 23, 36, 0),
(2710, 2710, 18, 344, 23, 37, 1),
(2711, 2711, 18, 344, 23, 38, 0),
(2712, 2712, 18, 344, 23, 39, 0),
(2713, 2713, 18, 344, 23, 40, 0),
(2714, 2714, 18, 344, 23, 41, 1),
(2715, 2715, 18, 344, 23, 42, 0),
(2716, 2716, 18, 345, 23, 43, 1),
(2717, 2717, 18, 345, 23, 44, 0),
(2718, 2718, 18, 345, 23, 45, 1),
(2719, 2719, 18, 345, 23, 46, 0),
(2720, 2720, 18, 345, 23, 47, 0),
(2721, 2721, 18, 345, 23, 48, 0),
(2722, 2722, 18, 345, 23, 49, 1),
(2723, 2723, 18, 345, 23, 50, 0),
(2724, 2724, 18, 345, 23, 51, 0),
(2725, 2725, 18, 345, 23, 52, 1),
(2726, 2726, 18, 345, 23, 53, 1),
(2727, 2727, 18, 345, 23, 54, 1),
(2728, 2728, 18, 345, 23, 55, 0),
(2729, 2729, 18, 345, 23, 56, 0),
(2730, 2730, 18, 345, 23, 57, 0),
(2731, 2731, 18, 345, 23, 58, 0),
(2732, 2732, 18, 345, 23, 59, 0),
(2733, 2733, 18, 346, 23, 60, 0),
(2734, 2734, 18, 346, 23, 61, 0),
(2735, 2735, 18, 346, 23, 62, 0),
(2736, 2736, 18, 346, 23, 63, 0),
(2737, 2737, 18, 346, 23, 64, 0),
(2738, 2738, 18, 346, 23, 65, 0),
(2739, 2739, 18, 346, 23, 66, 0),
(2740, 2740, 18, 346, 23, 67, 0),
(2741, 2741, 18, 346, 23, 68, 0),
(2742, 2742, 18, 346, 23, 69, 0),
(2743, 2743, 18, 346, 23, 70, 0),
(2744, 2744, 18, 346, 23, 71, 0),
(2745, 2745, 18, 346, 23, 72, 1),
(2746, 2746, 18, 346, 23, 73, 0),
(2747, 2747, 18, 346, 23, 74, 1),
(2748, 2748, 18, 347, 23, 75, 0),
(2749, 2749, 18, 347, 23, 76, 0),
(2750, 2750, 18, 347, 23, 77, 0),
(2751, 2751, 18, 347, 23, 78, 0),
(2752, 2752, 18, 347, 23, 79, 0),
(2753, 2753, 18, 347, 23, 80, 1),
(2754, 2754, 18, 347, 23, 81, 0),
(2755, 2755, 18, 347, 23, 82, 1),
(2756, 2756, 18, 347, 23, 83, 1),
(2757, 2757, 18, 347, 23, 84, 0),
(2758, 2758, 18, 347, 23, 85, 0),
(2759, 2759, 18, 347, 23, 86, 0),
(2760, 2760, 18, 347, 23, 87, 0),
(2761, 2761, 18, 347, 23, 88, 0),
(2762, 2762, 18, 347, 23, 89, 0),
(2763, 2763, 18, 348, 23, 90, 0),
(2764, 2764, 18, 348, 23, 91, 0),
(2765, 2765, 18, 348, 23, 92, 0),
(2766, 2766, 18, 348, 23, 93, 0),
(2767, 2767, 18, 348, 23, 94, 0),
(2768, 2768, 18, 348, 23, 95, 0),
(2769, 2769, 18, 348, 23, 96, 0),
(2770, 2770, 18, 348, 23, 97, 0),
(2771, 2771, 18, 348, 23, 98, 0),
(2772, 2772, 18, 348, 23, 99, 0),
(2773, 2773, 18, 348, 23, 100, 0),
(2774, 2774, 18, 348, 23, 101, 0),
(2775, 2775, 18, 348, 23, 102, 0),
(2776, 2776, 18, 348, 23, 103, 1),
(2777, 2777, 18, 348, 23, 104, 0),
(2778, 2778, 18, 349, 23, 105, 0),
(2779, 2779, 18, 349, 23, 106, 0),
(2780, 2780, 18, 349, 23, 107, 0),
(2781, 2781, 18, 349, 23, 108, 0),
(2782, 2782, 18, 349, 23, 109, 0),
(2783, 2783, 18, 349, 23, 110, 0),
(2784, 2784, 18, 349, 23, 111, 0),
(2785, 2785, 18, 349, 23, 112, 0),
(2786, 2786, 18, 349, 23, 113, 0),
(2787, 2787, 18, 349, 23, 114, 0),
(2788, 2788, 18, 349, 23, 115, 0),
(2789, 2789, 18, 349, 23, 116, 1),
(2790, 2790, 18, 349, 23, 117, 0),
(2791, 2791, 18, 349, 23, 118, 0),
(2792, 2792, 18, 350, 24, 1, 0),
(2793, 2793, 18, 350, 24, 2, 0),
(2794, 2794, 18, 350, 24, 3, 0),
(2795, 2795, 18, 350, 24, 4, 0),
(2796, 2796, 18, 350, 24, 5, 1),
(2797, 2797, 18, 350, 24, 6, 0),
(2798, 2798, 18, 350, 24, 7, 0),
(2799, 2799, 18, 350, 24, 8, 0),
(2800, 2800, 18, 350, 24, 9, 0),
(2801, 2801, 18, 350, 24, 10, 0),
(2802, 2802, 18, 351, 24, 11, 0),
(2803, 2803, 18, 351, 24, 12, 0),
(2804, 2804, 18, 351, 24, 13, 0),
(2805, 2805, 18, 351, 24, 14, 0),
(2806, 2806, 18, 351, 24, 15, 0),
(2807, 2807, 18, 351, 24, 16, 0),
(2808, 2808, 18, 351, 24, 17, 0),
(2809, 2809, 18, 351, 24, 18, 0),
(2810, 2810, 18, 351, 24, 19, 0),
(2811, 2811, 18, 351, 24, 20, 0),
(2812, 2812, 18, 352, 24, 21, 0),
(2813, 2813, 18, 352, 24, 22, 0),
(2814, 2814, 18, 352, 24, 23, 0),
(2815, 2815, 18, 352, 24, 24, 0),
(2816, 2816, 18, 352, 24, 25, 0),
(2817, 2817, 18, 352, 24, 26, 0),
(2818, 2818, 18, 352, 24, 27, 0),
(2819, 2819, 18, 353, 24, 28, 0),
(2820, 2820, 18, 353, 24, 29, 1),
(2821, 2821, 18, 353, 24, 30, 0),
(2822, 2822, 18, 353, 24, 31, 0),
(2823, 2823, 18, 354, 24, 32, 0),
(2824, 2824, 18, 354, 24, 33, 0),
(2825, 2825, 18, 354, 24, 34, 0),
(2826, 2826, 18, 354, 24, 35, 1),
(2827, 2827, 17, 325, 24, 36, 0),
(2828, 2828, 18, 355, 24, 37, 0),
(2829, 2829, 18, 355, 24, 38, 0),
(2830, 2830, 18, 355, 24, 39, 0),
(2831, 2831, 18, 355, 24, 40, 0),
(2832, 2832, 18, 355, 24, 41, 0),
(2833, 2833, 18, 355, 24, 42, 0),
(2834, 2834, 18, 355, 24, 43, 0),
(2835, 2835, 18, 356, 24, 44, 0),
(2836, 2836, 18, 356, 24, 45, 0),
(2837, 2837, 18, 356, 24, 46, 0),
(2838, 2838, 18, 356, 24, 47, 0),
(2839, 2839, 18, 356, 24, 48, 0),
(2840, 2840, 18, 356, 24, 49, 0),
(2841, 2841, 18, 356, 24, 50, 0),
(2842, 2842, 18, 356, 24, 51, 0),
(2843, 2843, 18, 356, 24, 52, 0),
(2844, 2844, 18, 356, 24, 53, 1),
(2845, 2845, 18, 357, 24, 54, 1),
(2846, 2846, 18, 357, 24, 55, 1),
(2847, 2847, 18, 357, 24, 56, 0),
(2848, 2848, 18, 357, 24, 57, 1),
(2849, 2849, 18, 357, 24, 58, 0),
(2850, 2850, 18, 358, 24, 59, 0),
(2851, 2851, 18, 358, 24, 60, 0),
(2852, 2852, 18, 358, 24, 61, 1),
(2853, 2853, 18, 359, 24, 62, 1),
(2854, 2854, 18, 359, 24, 63, 0),
(2855, 2855, 18, 359, 24, 64, 1),
(2856, 2856, 18, 359, 25, 1, 1),
(2857, 2857, 18, 359, 25, 2, 0),
(2858, 2858, 18, 360, 25, 3, 1),
(2859, 2859, 18, 360, 25, 4, 0),
(2860, 2860, 18, 360, 25, 5, 0),
(2861, 2861, 18, 360, 25, 6, 0),
(2862, 2862, 18, 360, 25, 7, 1),
(2863, 2863, 18, 360, 25, 8, 0),
(2864, 2864, 18, 360, 25, 9, 1),
(2865, 2865, 18, 360, 25, 10, 0),
(2866, 2866, 18, 360, 25, 11, 0),
(2867, 2867, 18, 360, 25, 12, 0),
(2868, 2868, 18, 360, 25, 13, 0),
(2869, 2869, 18, 360, 25, 14, 0),
(2870, 2870, 18, 360, 25, 15, 0),
(2871, 2871, 18, 360, 25, 16, 0),
(2872, 2872, 18, 360, 25, 17, 1),
(2873, 2873, 18, 360, 25, 18, 1),
(2874, 2874, 18, 360, 25, 19, 0),
(2875, 2875, 18, 360, 25, 20, 0),
(2876, 2876, 18, 360, 25, 21, 1),
(2877, 2877, 18, 360, 25, 22, 0),
(2878, 2878, 18, 360, 25, 23, 0),
(2879, 2879, 18, 360, 25, 24, 0),
(2880, 2880, 18, 360, 25, 25, 0),
(2881, 2881, 18, 360, 25, 26, 1),
(2882, 2882, 18, 360, 25, 27, 0),
(2883, 2883, 18, 360, 25, 28, 0),
(2884, 2884, 18, 360, 25, 29, 0),
(2885, 2885, 18, 360, 25, 30, 0),
(2886, 2886, 18, 360, 25, 31, 1),
(2887, 2887, 18, 360, 25, 32, 1),
(2888, 2888, 18, 360, 25, 33, 0),
(2889, 2889, 18, 360, 25, 34, 0),
(2890, 2890, 18, 360, 25, 35, 1),
(2891, 2891, 18, 360, 25, 36, 0),
(2892, 2892, 18, 360, 25, 37, 0),
(2893, 2893, 18, 360, 25, 38, 0),
(2894, 2894, 18, 360, 25, 39, 0),
(2895, 2895, 18, 360, 25, 40, 0),
(2896, 2896, 18, 360, 25, 41, 1),
(2897, 2897, 18, 360, 25, 42, 0),
(2898, 2898, 18, 360, 25, 43, 0),
(2899, 2899, 18, 360, 25, 44, 0),
(2900, 2900, 17, 326, 25, 45, 0),
(2901, 2901, 17, 326, 25, 46, 0),
(2902, 2902, 17, 326, 25, 47, 0),
(2903, 2903, 17, 326, 25, 48, 0),
(2904, 2904, 17, 326, 25, 49, 0),
(2905, 2905, 17, 326, 25, 50, 0),
(2906, 2906, 17, 326, 25, 51, 0),
(2907, 2907, 17, 326, 25, 52, 0),
(2908, 2908, 17, 326, 25, 53, 1),
(2909, 2909, 17, 326, 25, 54, 0),
(2910, 2910, 17, 326, 25, 55, 1),
(2911, 2911, 17, 326, 25, 56, 1),
(2912, 2912, 17, 326, 25, 57, 0),
(2913, 2913, 17, 326, 25, 58, 0),
(2914, 2914, 17, 326, 25, 59, 1),
(2915, 2915, 17, 326, 25, 60, 0),
(2916, 2916, 17, 326, 25, 61, 0),
(2917, 2917, 17, 326, 25, 62, 0),
(2918, 2918, 17, 326, 25, 63, 0),
(2919, 2919, 17, 326, 25, 64, 0),
(2920, 2920, 17, 326, 25, 65, 0),
(2921, 2921, 17, 326, 25, 66, 0),
(2922, 2922, 17, 326, 25, 67, 0),
(2923, 2923, 17, 326, 25, 68, 0),
(2924, 2924, 17, 326, 25, 69, 0),
(2925, 2925, 17, 326, 25, 70, 1),
(2926, 2926, 17, 326, 25, 71, 0),
(2927, 2927, 17, 326, 25, 72, 0),
(2928, 2928, 17, 326, 25, 73, 0),
(2929, 2929, 17, 326, 25, 74, 0),
(2930, 2930, 17, 326, 25, 75, 0),
(2931, 2931, 17, 326, 25, 76, 0),
(2932, 2932, 17, 326, 25, 77, 0),
(2933, 2933, 19, 367, 26, 1, 1),
(2934, 2934, 19, 367, 26, 2, 1),
(2935, 2935, 19, 367, 26, 3, 0),
(2936, 2936, 19, 367, 26, 4, 0),
(2937, 2937, 19, 367, 26, 5, 1),
(2938, 2938, 19, 367, 26, 6, 1),
(2939, 2939, 19, 367, 26, 7, 0),
(2940, 2940, 19, 367, 26, 8, 0),
(2941, 2941, 19, 367, 26, 9, 0),
(2942, 2942, 19, 367, 26, 10, 0),
(2943, 2943, 19, 367, 26, 11, 0),
(2944, 2944, 18, 361, 26, 12, 0),
(2945, 2945, 18, 361, 26, 13, 0),
(2946, 2946, 18, 361, 26, 14, 1),
(2947, 2947, 18, 361, 26, 15, 0),
(2948, 2948, 18, 361, 26, 16, 1),
(2949, 2949, 18, 361, 26, 17, 0),
(2950, 2950, 18, 361, 26, 18, 0),
(2951, 2951, 18, 361, 26, 19, 0),
(2952, 2952, 19, 368, 26, 20, 0),
(2953, 2953, 19, 368, 26, 21, 0),
(2954, 2954, 19, 368, 26, 22, 0),
(2955, 2955, 19, 368, 26, 23, 0),
(2956, 2956, 19, 368, 26, 24, 1),
(2957, 2957, 19, 368, 26, 25, 0),
(2958, 2958, 19, 368, 26, 26, 0),
(2959, 2959, 19, 368, 26, 27, 0),
(2960, 2960, 19, 368, 26, 28, 0),
(2961, 2961, 19, 368, 26, 29, 0),
(2962, 2962, 19, 368, 26, 30, 0),
(2963, 2963, 19, 368, 26, 31, 1),
(2964, 2964, 19, 368, 26, 32, 0),
(2965, 2965, 19, 368, 26, 33, 0),
(2966, 2966, 19, 368, 26, 34, 0),
(2967, 2967, 19, 368, 26, 35, 1),
(2968, 2968, 19, 368, 26, 36, 1),
(2969, 2969, 19, 368, 26, 37, 1),
(2970, 2970, 19, 368, 26, 38, 0),
(2971, 2971, 19, 368, 26, 39, 0),
(2972, 2972, 19, 369, 26, 40, 0),
(2973, 2973, 19, 369, 26, 41, 0),
(2974, 2974, 19, 369, 26, 42, 0),
(2975, 2975, 19, 369, 26, 43, 0),
(2976, 2976, 19, 369, 26, 44, 0),
(2977, 2977, 19, 369, 26, 45, 0),
(2978, 2978, 19, 369, 26, 46, 0),
(2979, 2979, 19, 369, 26, 47, 0),
(2980, 2980, 19, 369, 26, 48, 0),
(2981, 2981, 19, 369, 26, 49, 0),
(2982, 2982, 19, 369, 26, 50, 0),
(2983, 2983, 19, 369, 26, 51, 0),
(2984, 2984, 19, 369, 26, 52, 0),
(2985, 2985, 19, 369, 26, 53, 0),
(2986, 2986, 19, 369, 26, 54, 0),
(2987, 2987, 19, 369, 26, 55, 0),
(2988, 2988, 19, 369, 26, 56, 0),
(2989, 2989, 19, 369, 26, 57, 1),
(2990, 2990, 17, 327, 26, 58, 0),
(2991, 2991, 17, 327, 26, 59, 0),
(2992, 2992, 17, 327, 26, 60, 0),
(2993, 2993, 19, 370, 26, 61, 0),
(2994, 2994, 19, 370, 26, 62, 0),
(2995, 2995, 19, 370, 26, 63, 0),
(2996, 2996, 19, 370, 26, 64, 0),
(2997, 2997, 19, 370, 26, 65, 0),
(2998, 2998, 19, 370, 26, 66, 0),
(2999, 2999, 19, 370, 26, 67, 0),
(3000, 3000, 19, 370, 26, 68, 0),
(3001, 3001, 19, 370, 26, 69, 0),
(3002, 3002, 19, 370, 26, 70, 1),
(3003, 3003, 19, 370, 26, 71, 0),
(3004, 3004, 19, 370, 26, 72, 0),
(3005, 3005, 19, 370, 26, 73, 0),
(3006, 3006, 19, 370, 26, 74, 0),
(3007, 3007, 19, 370, 26, 75, 0),
(3008, 3008, 19, 370, 26, 76, 0),
(3009, 3009, 19, 370, 26, 77, 0),
(3010, 3010, 19, 370, 26, 78, 0),
(3011, 3011, 19, 370, 26, 79, 0),
(3012, 3012, 19, 370, 26, 80, 0),
(3013, 3013, 19, 370, 26, 81, 0),
(3014, 3014, 19, 370, 26, 82, 0),
(3015, 3015, 19, 370, 26, 83, 0),
(3016, 3016, 19, 371, 26, 84, 0),
(3017, 3017, 19, 371, 26, 85, 0),
(3018, 3018, 19, 371, 26, 86, 0),
(3019, 3019, 19, 371, 26, 87, 0),
(3020, 3020, 19, 371, 26, 88, 0),
(3021, 3021, 19, 371, 26, 89, 0),
(3022, 3022, 19, 371, 26, 90, 0),
(3023, 3023, 19, 371, 26, 91, 0),
(3024, 3024, 19, 371, 26, 92, 1),
(3025, 3025, 19, 371, 26, 93, 0),
(3026, 3026, 19, 371, 26, 94, 0),
(3027, 3027, 19, 371, 26, 95, 0),
(3028, 3028, 19, 371, 26, 96, 0),
(3029, 3029, 19, 371, 26, 97, 0),
(3030, 3030, 19, 371, 26, 98, 0),
(3031, 3031, 19, 371, 26, 99, 0),
(3032, 3032, 19, 371, 26, 100, 0),
(3033, 3033, 19, 371, 26, 101, 0),
(3034, 3034, 19, 371, 26, 102, 0),
(3035, 3035, 19, 371, 26, 103, 0),
(3036, 3036, 19, 371, 26, 104, 0),
(3037, 3037, 19, 371, 26, 105, 0),
(3038, 3038, 19, 371, 26, 106, 0),
(3039, 3039, 19, 371, 26, 107, 0),
(3040, 3040, 19, 371, 26, 108, 0),
(3041, 3041, 19, 371, 26, 109, 0),
(3042, 3042, 19, 371, 26, 110, 0),
(3043, 3043, 19, 371, 26, 111, 0),
(3044, 3044, 19, 372, 26, 112, 0),
(3045, 3045, 19, 372, 26, 113, 0),
(3046, 3046, 19, 372, 26, 114, 0),
(3047, 3047, 19, 372, 26, 115, 0),
(3048, 3048, 19, 372, 26, 116, 0),
(3049, 3049, 19, 372, 26, 117, 0),
(3050, 3050, 19, 372, 26, 118, 0),
(3051, 3051, 19, 372, 26, 119, 0),
(3052, 3052, 19, 372, 26, 120, 0),
(3053, 3053, 19, 372, 26, 121, 0),
(3054, 3054, 19, 372, 26, 122, 0),
(3055, 3055, 19, 372, 26, 123, 0),
(3056, 3056, 19, 372, 26, 124, 0),
(3057, 3057, 19, 372, 26, 125, 0),
(3058, 3058, 19, 372, 26, 126, 0),
(3059, 3059, 19, 372, 26, 127, 0),
(3060, 3060, 19, 372, 26, 128, 0),
(3061, 3061, 19, 372, 26, 129, 0),
(3062, 3062, 19, 372, 26, 130, 0),
(3063, 3063, 19, 372, 26, 131, 0),
(3064, 3064, 19, 372, 26, 132, 0),
(3065, 3065, 19, 372, 26, 133, 0),
(3066, 3066, 19, 372, 26, 134, 1),
(3067, 3067, 19, 372, 26, 135, 0),
(3068, 3068, 19, 372, 26, 136, 0),
(3069, 3069, 19, 373, 26, 137, 0),
(3070, 3070, 19, 373, 26, 138, 0),
(3071, 3071, 19, 373, 26, 139, 1),
(3072, 3072, 19, 373, 26, 140, 0),
(3073, 3073, 19, 373, 26, 141, 0),
(3074, 3074, 19, 373, 26, 142, 0),
(3075, 3075, 19, 373, 26, 143, 0),
(3076, 3076, 19, 373, 26, 144, 0),
(3077, 3077, 19, 373, 26, 145, 0),
(3078, 3078, 19, 373, 26, 146, 0),
(3079, 3079, 19, 373, 26, 147, 1),
(3080, 3080, 19, 373, 26, 148, 0),
(3081, 3081, 19, 373, 26, 149, 1),
(3082, 3082, 19, 373, 26, 150, 0),
(3083, 3083, 19, 373, 26, 151, 0),
(3084, 3084, 19, 373, 26, 152, 0),
(3085, 3085, 19, 373, 26, 153, 0),
(3086, 3086, 19, 373, 26, 154, 0),
(3087, 3087, 19, 373, 26, 155, 0),
(3088, 3088, 19, 373, 26, 156, 0),
(3089, 3089, 19, 373, 26, 157, 0),
(3090, 3090, 19, 373, 26, 158, 0),
(3091, 3091, 19, 373, 26, 159, 0),
(3092, 3092, 19, 374, 26, 160, 0),
(3093, 3093, 19, 374, 26, 161, 0),
(3094, 3094, 19, 374, 26, 162, 0),
(3095, 3095, 19, 374, 26, 163, 0),
(3096, 3096, 19, 374, 26, 164, 0),
(3097, 3097, 19, 374, 26, 165, 0),
(3098, 3098, 19, 374, 26, 166, 0),
(3099, 3099, 19, 374, 26, 167, 0),
(3100, 3100, 19, 374, 26, 168, 0),
(3101, 3101, 19, 374, 26, 169, 0),
(3102, 3102, 19, 374, 26, 170, 1),
(3103, 3103, 19, 374, 26, 171, 1),
(3104, 3104, 19, 374, 26, 172, 1),
(3105, 3105, 19, 374, 26, 173, 1),
(3106, 3106, 19, 374, 26, 174, 0),
(3107, 3107, 19, 374, 26, 175, 0),
(3108, 3108, 19, 374, 26, 176, 0),
(3109, 3109, 19, 374, 26, 177, 0),
(3110, 3110, 19, 374, 26, 178, 0),
(3111, 3111, 19, 374, 26, 179, 0),
(3112, 3112, 19, 374, 26, 180, 0),
(3113, 3113, 19, 374, 26, 181, 0),
(3114, 3114, 19, 374, 26, 182, 0),
(3115, 3115, 19, 374, 26, 183, 0),
(3116, 3116, 19, 375, 26, 184, 0),
(3117, 3117, 19, 375, 26, 185, 0),
(3118, 3118, 19, 375, 26, 186, 0),
(3119, 3119, 19, 375, 26, 187, 0),
(3120, 3120, 19, 375, 26, 188, 0),
(3121, 3121, 19, 375, 26, 189, 1),
(3122, 3122, 19, 375, 26, 190, 0),
(3123, 3123, 19, 375, 26, 191, 0),
(3124, 3124, 19, 375, 26, 192, 0),
(3125, 3125, 19, 375, 26, 193, 0),
(3126, 3126, 19, 375, 26, 194, 0),
(3127, 3127, 19, 375, 26, 195, 0),
(3128, 3128, 19, 375, 26, 196, 0),
(3129, 3129, 19, 375, 26, 197, 0),
(3130, 3130, 19, 375, 26, 198, 0),
(3131, 3131, 19, 375, 26, 199, 0),
(3132, 3132, 19, 375, 26, 200, 1),
(3133, 3133, 19, 375, 26, 201, 0),
(3134, 3134, 19, 375, 26, 202, 0),
(3135, 3135, 19, 375, 26, 203, 0),
(3136, 3136, 19, 375, 26, 204, 1),
(3137, 3137, 19, 375, 26, 205, 0),
(3138, 3138, 19, 375, 26, 206, 0),
(3139, 3139, 19, 376, 26, 207, 0),
(3140, 3140, 19, 376, 26, 208, 0),
(3141, 3141, 19, 376, 26, 209, 0),
(3142, 3142, 19, 376, 26, 210, 0),
(3143, 3143, 19, 376, 26, 211, 0),
(3144, 3144, 19, 376, 26, 212, 0),
(3145, 3145, 19, 376, 26, 213, 1),
(3146, 3146, 19, 376, 26, 214, 0),
(3147, 3147, 19, 376, 26, 215, 1),
(3148, 3148, 19, 376, 26, 216, 0),
(3149, 3149, 19, 376, 26, 217, 0),
(3150, 3150, 19, 376, 26, 218, 0),
(3151, 3151, 19, 376, 26, 219, 0),
(3152, 3152, 19, 376, 26, 220, 0),
(3153, 3153, 19, 376, 26, 221, 0),
(3154, 3154, 19, 376, 26, 222, 0),
(3155, 3155, 19, 376, 26, 223, 0),
(3156, 3156, 19, 376, 26, 224, 0),
(3157, 3157, 19, 376, 26, 225, 0),
(3158, 3158, 19, 376, 26, 226, 0),
(3159, 3159, 19, 376, 26, 227, 0),
(3160, 3160, 19, 377, 27, 1, 1),
(3161, 3161, 19, 377, 27, 2, 0),
(3162, 3162, 19, 377, 27, 3, 1),
(3163, 3163, 19, 377, 27, 4, 1),
(3164, 3164, 19, 377, 27, 5, 0),
(3165, 3165, 19, 377, 27, 6, 0),
(3166, 3166, 19, 377, 27, 7, 1),
(3167, 3167, 19, 377, 27, 8, 1),
(3168, 3168, 19, 377, 27, 9, 0),
(3169, 3169, 19, 377, 27, 10, 1),
(3170, 3170, 19, 377, 27, 11, 0),
(3171, 3171, 19, 377, 27, 12, 0),
(3172, 3172, 19, 377, 27, 13, 0),
(3173, 3173, 19, 378, 27, 14, 0),
(3174, 3174, 19, 378, 27, 15, 0),
(3175, 3175, 19, 378, 27, 16, 0),
(3176, 3176, 19, 378, 27, 17, 0),
(3177, 3177, 19, 378, 27, 18, 0),
(3178, 3178, 19, 378, 27, 19, 1),
(3179, 3179, 19, 378, 27, 20, 0),
(3180, 3180, 19, 362, 27, 21, 0),
(3181, 3181, 19, 362, 27, 22, 0),
(3182, 3182, 19, 379, 27, 23, 0),
(3183, 3183, 19, 379, 27, 24, 0),
(3184, 3184, 19, 379, 27, 25, 0),
(3185, 3185, 19, 379, 27, 26, 0),
(3186, 3186, 19, 379, 27, 27, 0),
(3187, 3187, 19, 379, 27, 28, 0),
(3188, 3188, 19, 379, 27, 29, 0),
(3189, 3189, 19, 379, 27, 30, 0),
(3190, 3190, 19, 379, 27, 31, 0),
(3191, 3191, 19, 379, 27, 32, 0),
(3192, 3192, 19, 379, 27, 33, 0),
(3193, 3193, 19, 379, 27, 34, 0),
(3194, 3194, 19, 379, 27, 35, 0),
(3195, 3195, 19, 380, 27, 36, 0),
(3196, 3196, 19, 380, 27, 37, 0),
(3197, 3197, 19, 380, 27, 38, 0),
(3198, 3198, 19, 380, 27, 39, 0),
(3199, 3199, 19, 380, 27, 40, 1),
(3200, 3200, 19, 380, 27, 41, 0),
(3201, 3201, 19, 380, 27, 42, 0),
(3202, 3202, 19, 380, 27, 43, 0),
(3203, 3203, 19, 380, 27, 44, 0),
(3204, 3204, 19, 381, 27, 45, 1),
(3205, 3205, 19, 381, 27, 46, 0),
(3206, 3206, 19, 381, 27, 47, 0),
(3207, 3207, 19, 381, 27, 48, 0),
(3208, 3208, 19, 381, 27, 49, 0),
(3209, 3209, 19, 381, 27, 50, 0),
(3210, 3210, 19, 381, 27, 51, 0),
(3211, 3211, 19, 381, 27, 52, 0),
(3212, 3212, 19, 381, 27, 53, 1),
(3213, 3213, 19, 381, 27, 54, 0),
(3214, 3214, 19, 381, 27, 55, 1),
(3215, 3215, 20, 382, 27, 56, 1),
(3216, 3216, 20, 382, 27, 57, 1),
(3217, 3217, 20, 382, 27, 58, 1),
(3218, 3218, 20, 382, 27, 59, 0),
(3219, 3219, 20, 382, 27, 60, 0),
(3220, 3220, 20, 382, 27, 61, 0),
(3221, 3221, 20, 382, 27, 62, 0),
(3222, 3222, 20, 382, 27, 63, 0),
(3223, 3223, 20, 383, 27, 64, 0),
(3224, 3224, 20, 383, 27, 65, 0),
(3225, 3225, 20, 383, 27, 66, 0),
(3226, 3226, 20, 383, 27, 67, 0),
(3227, 3227, 20, 383, 27, 68, 1),
(3228, 3228, 20, 383, 27, 69, 1),
(3229, 3229, 20, 383, 27, 70, 1),
(3230, 3230, 20, 383, 27, 71, 1),
(3231, 3231, 20, 383, 27, 72, 0),
(3232, 3232, 17, 328, 27, 73, 0),
(3233, 3233, 17, 328, 27, 74, 1),
(3234, 3234, 17, 328, 27, 75, 0),
(3235, 3235, 17, 328, 27, 76, 0),
(3236, 3236, 20, 384, 27, 77, 0),
(3237, 3237, 20, 384, 27, 78, 1),
(3238, 3238, 20, 384, 27, 79, 0),
(3239, 3239, 20, 384, 27, 80, 1),
(3240, 3240, 20, 384, 27, 81, 1),
(3241, 3241, 20, 384, 27, 82, 0),
(3242, 3242, 20, 384, 27, 83, 0),
(3243, 3243, 20, 384, 27, 84, 0),
(3244, 3244, 20, 384, 27, 85, 0),
(3245, 3245, 20, 384, 27, 86, 0),
(3246, 3246, 20, 384, 27, 87, 1),
(3247, 3247, 20, 384, 27, 88, 0),
(3248, 3248, 20, 385, 27, 89, 1),
(3249, 3249, 20, 385, 27, 90, 1),
(3250, 3250, 20, 385, 27, 91, 1),
(3251, 3251, 20, 385, 27, 92, 1),
(3252, 3252, 20, 385, 27, 93, 1),
(3253, 3253, 20, 385, 28, 1, 1),
(3254, 3254, 20, 385, 28, 2, 1),
(3255, 3255, 20, 385, 28, 3, 0),
(3256, 3256, 20, 385, 28, 4, 0),
(3257, 3257, 20, 385, 28, 5, 0),
(3258, 3258, 20, 386, 28, 6, 0),
(3259, 3259, 20, 386, 28, 7, 0),
(3260, 3260, 20, 386, 28, 8, 0),
(3261, 3261, 20, 386, 28, 9, 0),
(3262, 3262, 20, 386, 28, 10, 0),
(3263, 3263, 20, 386, 28, 11, 0),
(3264, 3264, 20, 386, 28, 12, 0),
(3265, 3265, 20, 386, 28, 13, 0),
(3266, 3266, 20, 387, 28, 14, 1),
(3267, 3267, 20, 387, 28, 15, 0),
(3268, 3268, 20, 387, 28, 16, 0),
(3269, 3269, 20, 387, 28, 17, 0),
(3270, 3270, 20, 387, 28, 18, 0);
INSERT INTO `mushaf` (`id`, `urut`, `juz`, `halaman`, `surat`, `ayat`, `mutasyabihat`) VALUES
(3271, 3271, 20, 387, 28, 19, 0),
(3272, 3272, 20, 387, 28, 20, 1),
(3273, 3273, 20, 387, 28, 21, 0),
(3274, 3274, 20, 388, 28, 22, 0),
(3275, 3275, 20, 388, 28, 23, 0),
(3276, 3276, 20, 388, 28, 24, 0),
(3277, 3277, 20, 388, 28, 25, 0),
(3278, 3278, 20, 388, 28, 26, 0),
(3279, 3279, 20, 388, 28, 27, 0),
(3280, 3280, 20, 388, 28, 28, 0),
(3281, 3281, 20, 389, 28, 29, 1),
(3282, 3282, 20, 389, 28, 30, 1),
(3283, 3283, 20, 389, 28, 31, 1),
(3284, 3284, 20, 389, 28, 32, 0),
(3285, 3285, 19, 363, 28, 33, 0),
(3286, 3286, 19, 363, 28, 34, 0),
(3287, 3287, 19, 363, 28, 35, 0),
(3288, 3288, 20, 390, 28, 36, 0),
(3289, 3289, 20, 390, 28, 37, 0),
(3290, 3290, 20, 390, 28, 38, 0),
(3291, 3291, 20, 390, 28, 39, 0),
(3292, 3292, 20, 390, 28, 40, 0),
(3293, 3293, 20, 390, 28, 41, 0),
(3294, 3294, 20, 390, 28, 42, 0),
(3295, 3295, 20, 390, 28, 43, 1),
(3296, 3296, 20, 391, 28, 44, 0),
(3297, 3297, 20, 391, 28, 45, 0),
(3298, 3298, 20, 391, 28, 46, 1),
(3299, 3299, 20, 391, 28, 47, 0),
(3300, 3300, 20, 391, 28, 48, 1),
(3301, 3301, 20, 391, 28, 49, 1),
(3302, 3302, 20, 391, 28, 50, 0),
(3303, 3303, 20, 392, 28, 51, 0),
(3304, 3304, 20, 392, 28, 52, 1),
(3305, 3305, 20, 392, 28, 53, 0),
(3306, 3306, 20, 392, 28, 54, 0),
(3307, 3307, 20, 392, 28, 55, 0),
(3308, 3308, 20, 392, 28, 56, 0),
(3309, 3309, 20, 392, 28, 57, 0),
(3310, 3310, 20, 392, 28, 58, 0),
(3311, 3311, 20, 392, 28, 59, 1),
(3312, 3312, 20, 393, 28, 60, 1),
(3313, 3313, 20, 393, 28, 61, 0),
(3314, 3314, 20, 393, 28, 62, 1),
(3315, 3315, 20, 393, 28, 63, 0),
(3316, 3316, 20, 393, 28, 64, 0),
(3317, 3317, 20, 393, 28, 65, 1),
(3318, 3318, 20, 393, 28, 66, 0),
(3319, 3319, 20, 393, 28, 67, 1),
(3320, 3320, 20, 393, 28, 68, 0),
(3321, 3321, 20, 393, 28, 69, 1),
(3322, 3322, 20, 393, 28, 70, 0),
(3323, 3323, 20, 394, 28, 71, 0),
(3324, 3324, 20, 394, 28, 72, 0),
(3325, 3325, 20, 394, 28, 73, 0),
(3326, 3326, 20, 394, 28, 74, 1),
(3327, 3327, 20, 394, 28, 75, 0),
(3328, 3328, 20, 394, 28, 76, 0),
(3329, 3329, 20, 394, 28, 77, 0),
(3330, 3330, 20, 395, 28, 78, 0),
(3331, 3331, 20, 395, 28, 79, 0),
(3332, 3332, 20, 395, 28, 80, 1),
(3333, 3333, 20, 395, 28, 81, 0),
(3334, 3334, 17, 329, 28, 82, 1),
(3335, 3335, 17, 329, 28, 83, 0),
(3336, 3336, 17, 329, 28, 84, 1),
(3337, 3337, 20, 396, 28, 85, 0),
(3338, 3338, 20, 396, 28, 86, 0),
(3339, 3339, 20, 396, 28, 87, 0),
(3340, 3340, 20, 396, 28, 88, 1),
(3341, 3341, 20, 396, 29, 1, 1),
(3342, 3342, 20, 396, 29, 2, 1),
(3343, 3343, 20, 396, 29, 3, 0),
(3344, 3344, 20, 396, 29, 4, 0),
(3345, 3345, 20, 396, 29, 5, 0),
(3346, 3346, 20, 396, 29, 6, 0),
(3347, 3347, 20, 397, 29, 7, 0),
(3348, 3348, 20, 397, 29, 8, 1),
(3349, 3349, 20, 397, 29, 9, 0),
(3350, 3350, 20, 397, 29, 10, 1),
(3351, 3351, 20, 397, 29, 11, 0),
(3352, 3352, 20, 397, 29, 12, 1),
(3353, 3353, 20, 397, 29, 13, 0),
(3354, 3354, 20, 397, 29, 14, 1),
(3355, 3355, 20, 398, 29, 15, 0),
(3356, 3356, 20, 398, 29, 16, 0),
(3357, 3357, 20, 398, 29, 17, 0),
(3358, 3358, 20, 398, 29, 18, 1),
(3359, 3359, 20, 398, 29, 19, 0),
(3360, 3360, 20, 398, 29, 20, 1),
(3361, 3361, 20, 398, 29, 21, 0),
(3362, 3362, 20, 398, 29, 22, 1),
(3363, 3363, 20, 398, 29, 23, 0),
(3364, 3364, 20, 399, 29, 24, 1),
(3365, 3365, 20, 399, 29, 25, 0),
(3366, 3366, 20, 399, 29, 26, 0),
(3367, 3367, 20, 399, 29, 27, 1),
(3368, 3368, 20, 399, 29, 28, 1),
(3369, 3369, 20, 399, 29, 29, 1),
(3370, 3370, 20, 399, 29, 30, 0),
(3371, 3371, 20, 400, 29, 31, 0),
(3372, 3372, 20, 400, 29, 32, 1),
(3373, 3373, 20, 400, 29, 33, 1),
(3374, 3374, 20, 400, 29, 34, 0),
(3375, 3375, 20, 400, 29, 35, 0),
(3376, 3376, 20, 400, 29, 36, 1),
(3377, 3377, 20, 400, 29, 37, 1),
(3378, 3378, 20, 400, 29, 38, 0),
(3379, 3379, 20, 401, 29, 39, 0),
(3380, 3380, 20, 401, 29, 40, 0),
(3381, 3381, 20, 401, 29, 41, 0),
(3382, 3382, 20, 401, 29, 42, 0),
(3383, 3383, 20, 401, 29, 43, 1),
(3384, 3384, 19, 364, 29, 44, 1),
(3385, 3385, 19, 364, 29, 45, 1),
(3386, 3386, 21, 402, 29, 46, 0),
(3387, 3387, 21, 402, 29, 47, 1),
(3388, 3388, 21, 402, 29, 48, 0),
(3389, 3389, 21, 402, 29, 49, 1),
(3390, 3390, 21, 402, 29, 50, 1),
(3391, 3391, 21, 402, 29, 51, 0),
(3392, 3392, 21, 402, 29, 52, 0),
(3393, 3393, 21, 403, 29, 53, 1),
(3394, 3394, 21, 403, 29, 54, 1),
(3395, 3395, 21, 403, 29, 55, 0),
(3396, 3396, 21, 403, 29, 56, 0),
(3397, 3397, 21, 403, 29, 57, 1),
(3398, 3398, 21, 403, 29, 58, 0),
(3399, 3399, 21, 403, 29, 59, 1),
(3400, 3400, 21, 403, 29, 60, 1),
(3401, 3401, 21, 403, 29, 61, 1),
(3402, 3402, 21, 403, 29, 62, 1),
(3403, 3403, 21, 403, 29, 63, 1),
(3404, 3404, 21, 404, 29, 64, 0),
(3405, 3405, 21, 404, 29, 65, 0),
(3406, 3406, 21, 404, 29, 66, 1),
(3407, 3407, 21, 404, 29, 67, 0),
(3408, 3408, 21, 404, 29, 68, 1),
(3409, 3409, 21, 404, 29, 69, 0),
(3410, 3410, 21, 404, 30, 1, 1),
(3411, 3411, 21, 404, 30, 2, 1),
(3412, 3412, 21, 404, 30, 3, 0),
(3413, 3413, 21, 404, 30, 4, 0),
(3414, 3414, 21, 404, 30, 5, 0),
(3415, 3415, 21, 405, 30, 6, 0),
(3416, 3416, 21, 405, 30, 7, 0),
(3417, 3417, 21, 405, 30, 8, 1),
(3418, 3418, 21, 405, 30, 9, 1),
(3419, 3419, 21, 405, 30, 10, 0),
(3420, 3420, 21, 405, 30, 11, 0),
(3421, 3421, 21, 405, 30, 12, 1),
(3422, 3422, 21, 405, 30, 13, 0),
(3423, 3423, 21, 405, 30, 14, 1),
(3424, 3424, 21, 405, 30, 15, 1),
(3425, 3425, 21, 406, 30, 16, 1),
(3426, 3426, 21, 406, 30, 17, 0),
(3427, 3427, 21, 406, 30, 18, 0),
(3428, 3428, 21, 406, 30, 19, 0),
(3429, 3429, 21, 406, 30, 20, 0),
(3430, 3430, 21, 406, 30, 21, 0),
(3431, 3431, 21, 406, 30, 22, 0),
(3432, 3432, 21, 406, 30, 23, 0),
(3433, 3433, 21, 406, 30, 24, 0),
(3434, 3434, 21, 407, 30, 25, 0),
(3435, 3435, 21, 407, 30, 26, 1),
(3436, 3436, 21, 407, 30, 27, 0),
(3437, 3437, 21, 407, 30, 28, 1),
(3438, 3438, 21, 407, 30, 29, 0),
(3439, 3439, 21, 407, 30, 30, 1),
(3440, 3440, 21, 407, 30, 31, 0),
(3441, 3441, 21, 407, 30, 32, 1),
(3442, 3442, 21, 408, 30, 33, 1),
(3443, 3443, 21, 408, 30, 34, 1),
(3444, 3444, 21, 408, 30, 35, 0),
(3445, 3445, 21, 408, 30, 36, 1),
(3446, 3446, 21, 408, 30, 37, 1),
(3447, 3447, 21, 408, 30, 38, 1),
(3448, 3448, 21, 408, 30, 39, 0),
(3449, 3449, 21, 408, 30, 40, 0),
(3450, 3450, 21, 408, 30, 41, 0),
(3451, 3451, 21, 409, 30, 42, 1),
(3452, 3452, 21, 409, 30, 43, 1),
(3453, 3453, 21, 409, 30, 44, 0),
(3454, 3454, 21, 409, 30, 45, 1),
(3455, 3455, 21, 409, 30, 46, 0),
(3456, 3456, 21, 409, 30, 47, 1),
(3457, 3457, 21, 409, 30, 48, 1),
(3458, 3458, 21, 409, 30, 49, 0),
(3459, 3459, 21, 409, 30, 50, 0),
(3460, 3460, 21, 410, 30, 51, 0),
(3461, 3461, 21, 410, 30, 52, 1),
(3462, 3462, 21, 410, 30, 53, 1),
(3463, 3463, 21, 410, 30, 54, 0),
(3464, 3464, 21, 410, 30, 55, 1),
(3465, 3465, 19, 365, 30, 56, 1),
(3466, 3466, 19, 365, 30, 57, 1),
(3467, 3467, 19, 365, 30, 58, 1),
(3468, 3468, 19, 365, 30, 59, 0),
(3469, 3469, 19, 365, 30, 60, 1),
(3470, 3470, 21, 411, 31, 1, 1),
(3471, 3471, 21, 411, 31, 2, 1),
(3472, 3472, 21, 411, 31, 3, 0),
(3473, 3473, 21, 411, 31, 4, 1),
(3474, 3474, 21, 411, 31, 5, 1),
(3475, 3475, 21, 411, 31, 6, 0),
(3476, 3476, 21, 411, 31, 7, 1),
(3477, 3477, 21, 411, 31, 8, 1),
(3478, 3478, 21, 411, 31, 9, 0),
(3479, 3479, 21, 411, 31, 10, 1),
(3480, 3480, 21, 411, 31, 11, 0),
(3481, 3481, 21, 412, 31, 12, 1),
(3482, 3482, 21, 412, 31, 13, 0),
(3483, 3483, 21, 412, 31, 14, 1),
(3484, 3484, 21, 412, 31, 15, 1),
(3485, 3485, 21, 412, 31, 16, 0),
(3486, 3486, 21, 412, 31, 17, 0),
(3487, 3487, 21, 412, 31, 18, 0),
(3488, 3488, 21, 412, 31, 19, 0),
(3489, 3489, 21, 413, 31, 20, 1),
(3490, 3490, 21, 413, 31, 21, 1),
(3491, 3491, 21, 413, 31, 22, 0),
(3492, 3492, 21, 413, 31, 23, 0),
(3493, 3493, 21, 413, 31, 24, 1),
(3494, 3494, 21, 413, 31, 25, 0),
(3495, 3495, 21, 413, 31, 26, 1),
(3496, 3496, 21, 413, 31, 27, 0),
(3497, 3497, 21, 413, 31, 28, 0),
(3498, 3498, 21, 414, 31, 29, 1),
(3499, 3499, 21, 414, 31, 30, 1),
(3500, 3500, 21, 414, 31, 31, 1),
(3501, 3501, 21, 414, 31, 32, 1),
(3502, 3502, 21, 414, 31, 33, 1),
(3503, 3503, 21, 414, 31, 34, 0),
(3504, 3504, 21, 415, 32, 1, 1),
(3505, 3505, 21, 415, 32, 2, 1),
(3506, 3506, 21, 415, 32, 3, 1),
(3507, 3507, 21, 415, 32, 4, 1),
(3508, 3508, 21, 415, 32, 5, 1),
(3509, 3509, 21, 415, 32, 6, 0),
(3510, 3510, 21, 415, 32, 7, 0),
(3511, 3511, 21, 415, 32, 8, 0),
(3512, 3512, 21, 415, 32, 9, 1),
(3513, 3513, 21, 415, 32, 10, 0),
(3514, 3514, 21, 415, 32, 11, 0),
(3515, 3515, 21, 416, 32, 12, 0),
(3516, 3516, 21, 416, 32, 13, 0),
(3517, 3517, 21, 416, 32, 14, 0),
(3518, 3518, 21, 416, 32, 15, 0),
(3519, 3519, 21, 416, 32, 16, 0),
(3520, 3520, 21, 416, 32, 17, 0),
(3521, 3521, 21, 416, 32, 18, 0),
(3522, 3522, 21, 416, 32, 19, 0),
(3523, 3523, 21, 416, 32, 20, 1),
(3524, 3524, 21, 417, 32, 21, 0),
(3525, 3525, 21, 417, 32, 22, 1),
(3526, 3526, 21, 417, 32, 23, 1),
(3527, 3527, 21, 417, 32, 24, 0),
(3528, 3528, 21, 417, 32, 25, 1),
(3529, 3529, 21, 417, 32, 26, 1),
(3530, 3530, 21, 417, 32, 27, 0),
(3531, 3531, 21, 417, 32, 28, 1),
(3532, 3532, 21, 417, 32, 29, 1),
(3533, 3533, 21, 417, 32, 30, 0),
(3534, 3534, 21, 418, 33, 1, 1),
(3535, 3535, 21, 418, 33, 2, 1),
(3536, 3536, 21, 418, 33, 3, 1),
(3537, 3537, 21, 418, 33, 4, 0),
(3538, 3538, 21, 418, 33, 5, 0),
(3539, 3539, 21, 418, 33, 6, 1),
(3540, 3540, 21, 419, 33, 7, 0),
(3541, 3541, 21, 419, 33, 8, 0),
(3542, 3542, 21, 419, 33, 9, 1),
(3543, 3543, 21, 419, 33, 10, 0),
(3544, 3544, 21, 419, 33, 11, 0),
(3545, 3545, 21, 419, 33, 12, 1),
(3546, 3546, 21, 419, 33, 13, 0),
(3547, 3547, 21, 419, 33, 14, 0),
(3548, 3548, 21, 419, 33, 15, 0),
(3549, 3549, 21, 420, 33, 16, 0),
(3550, 3550, 21, 420, 33, 17, 0),
(3551, 3551, 21, 420, 33, 18, 0),
(3552, 3552, 21, 420, 33, 19, 0),
(3553, 3553, 21, 420, 33, 20, 0),
(3554, 3554, 21, 420, 33, 21, 1),
(3555, 3555, 21, 420, 33, 22, 0),
(3556, 3556, 21, 421, 33, 23, 0),
(3557, 3557, 21, 421, 33, 24, 1),
(3558, 3558, 21, 421, 33, 25, 0),
(3559, 3559, 21, 421, 33, 26, 1),
(3560, 3560, 21, 421, 33, 27, 0),
(3561, 3561, 21, 421, 33, 28, 0),
(3562, 3562, 21, 421, 33, 29, 0),
(3563, 3563, 21, 421, 33, 30, 0),
(3564, 3564, 22, 422, 33, 31, 0),
(3565, 3565, 22, 422, 33, 32, 0),
(3566, 3566, 22, 422, 33, 33, 0),
(3567, 3567, 22, 422, 33, 34, 0),
(3568, 3568, 22, 422, 33, 35, 0),
(3569, 3569, 22, 423, 33, 36, 0),
(3570, 3570, 22, 423, 33, 37, 0),
(3571, 3571, 22, 423, 33, 38, 1),
(3572, 3572, 22, 423, 33, 39, 0),
(3573, 3573, 22, 423, 33, 40, 0),
(3574, 3574, 22, 423, 33, 41, 0),
(3575, 3575, 22, 423, 33, 42, 0),
(3576, 3576, 22, 423, 33, 43, 0),
(3577, 3577, 22, 424, 33, 44, 0),
(3578, 3578, 22, 424, 33, 45, 1),
(3579, 3579, 22, 424, 33, 46, 0),
(3580, 3580, 22, 424, 33, 47, 0),
(3581, 3581, 22, 424, 33, 48, 1),
(3582, 3582, 22, 424, 33, 49, 0),
(3583, 3583, 22, 424, 33, 50, 0),
(3584, 3584, 22, 425, 33, 51, 0),
(3585, 3585, 22, 425, 33, 52, 0),
(3586, 3586, 22, 425, 33, 53, 0),
(3587, 3587, 22, 425, 33, 54, 1),
(3588, 3588, 22, 426, 33, 55, 0),
(3589, 3589, 22, 426, 33, 56, 0),
(3590, 3590, 22, 426, 33, 57, 0),
(3591, 3591, 22, 426, 33, 58, 0),
(3592, 3592, 22, 426, 33, 59, 0),
(3593, 3593, 22, 426, 33, 60, 0),
(3594, 3594, 22, 426, 33, 61, 0),
(3595, 3595, 22, 426, 33, 62, 1),
(3596, 3596, 22, 427, 33, 63, 0),
(3597, 3597, 22, 427, 33, 64, 0),
(3598, 3598, 22, 427, 33, 65, 1),
(3599, 3599, 22, 427, 33, 66, 0),
(3600, 3600, 22, 427, 33, 67, 0),
(3601, 3601, 22, 427, 33, 68, 0),
(3602, 3602, 22, 427, 33, 69, 0),
(3603, 3603, 22, 427, 33, 70, 1),
(3604, 3604, 22, 427, 33, 71, 0),
(3605, 3605, 22, 427, 33, 72, 0),
(3606, 3606, 22, 427, 33, 73, 1),
(3607, 3607, 22, 428, 34, 1, 1),
(3608, 3608, 22, 428, 34, 2, 1),
(3609, 3609, 22, 428, 34, 3, 1),
(3610, 3610, 22, 428, 34, 4, 1),
(3611, 3611, 22, 428, 34, 5, 1),
(3612, 3612, 22, 428, 34, 6, 0),
(3613, 3613, 22, 428, 34, 7, 0),
(3614, 3614, 22, 429, 34, 8, 0),
(3615, 3615, 22, 429, 34, 9, 0),
(3616, 3616, 22, 429, 34, 10, 0),
(3617, 3617, 22, 429, 34, 11, 0),
(3618, 3618, 22, 429, 34, 12, 0),
(3619, 3619, 22, 429, 34, 13, 0),
(3620, 3620, 22, 429, 34, 14, 0),
(3621, 3621, 22, 430, 34, 15, 0),
(3622, 3622, 22, 430, 34, 16, 0),
(3623, 3623, 22, 430, 34, 17, 0),
(3624, 3624, 22, 430, 34, 18, 0),
(3625, 3625, 22, 430, 34, 19, 1),
(3626, 3626, 22, 430, 34, 20, 0),
(3627, 3627, 22, 430, 34, 21, 0),
(3628, 3628, 22, 430, 34, 22, 1),
(3629, 3629, 22, 431, 34, 23, 1),
(3630, 3630, 22, 431, 34, 24, 1),
(3631, 3631, 22, 431, 34, 25, 0),
(3632, 3632, 22, 431, 34, 26, 0),
(3633, 3633, 22, 431, 34, 27, 0),
(3634, 3634, 22, 431, 34, 28, 1),
(3635, 3635, 22, 431, 34, 29, 1),
(3636, 3636, 22, 431, 34, 30, 0),
(3637, 3637, 22, 431, 34, 31, 1),
(3638, 3638, 22, 432, 34, 32, 1),
(3639, 3639, 22, 432, 34, 33, 0),
(3640, 3640, 22, 432, 34, 34, 1),
(3641, 3641, 22, 432, 34, 35, 0),
(3642, 3642, 22, 432, 34, 36, 1),
(3643, 3643, 22, 432, 34, 37, 0),
(3644, 3644, 22, 432, 34, 38, 1),
(3645, 3645, 22, 432, 34, 39, 1),
(3646, 3646, 22, 433, 34, 40, 1),
(3647, 3647, 22, 433, 34, 41, 1),
(3648, 3648, 22, 433, 34, 42, 0),
(3649, 3649, 22, 433, 34, 43, 1),
(3650, 3650, 22, 433, 34, 44, 0),
(3651, 3651, 22, 433, 34, 45, 0),
(3652, 3652, 22, 433, 34, 46, 0),
(3653, 3653, 22, 433, 34, 47, 0),
(3654, 3654, 22, 433, 34, 48, 0),
(3655, 3655, 22, 434, 34, 49, 1),
(3656, 3656, 22, 434, 34, 50, 0),
(3657, 3657, 22, 434, 34, 51, 0),
(3658, 3658, 22, 434, 34, 52, 0),
(3659, 3659, 22, 434, 34, 53, 0),
(3660, 3660, 22, 434, 34, 54, 0),
(3661, 3661, 22, 434, 35, 1, 1),
(3662, 3662, 22, 434, 35, 2, 0),
(3663, 3663, 22, 434, 35, 3, 1),
(3664, 3664, 22, 435, 35, 4, 1),
(3665, 3665, 22, 435, 35, 5, 1),
(3666, 3666, 22, 435, 35, 6, 0),
(3667, 3667, 22, 435, 35, 7, 0),
(3668, 3668, 22, 435, 35, 8, 0),
(3669, 3669, 22, 435, 35, 9, 1),
(3670, 3670, 22, 435, 35, 10, 0),
(3671, 3671, 22, 435, 35, 11, 0),
(3672, 3672, 22, 436, 35, 12, 1),
(3673, 3673, 22, 436, 35, 13, 1),
(3674, 3674, 22, 436, 35, 14, 0),
(3675, 3675, 22, 436, 35, 15, 0),
(3676, 3676, 22, 436, 35, 16, 1),
(3677, 3677, 22, 436, 35, 17, 1),
(3678, 3678, 22, 436, 35, 18, 0),
(3679, 3679, 22, 437, 35, 19, 1),
(3680, 3680, 22, 437, 35, 20, 0),
(3681, 3681, 22, 437, 35, 21, 0),
(3682, 3682, 22, 437, 35, 22, 0),
(3683, 3683, 22, 437, 35, 23, 0),
(3684, 3684, 22, 437, 35, 24, 1),
(3685, 3685, 22, 437, 35, 25, 1),
(3686, 3686, 22, 437, 35, 26, 0),
(3687, 3687, 22, 437, 35, 27, 1),
(3688, 3688, 22, 437, 35, 28, 0),
(3689, 3689, 22, 437, 35, 29, 0),
(3690, 3690, 22, 437, 35, 30, 1),
(3691, 3691, 22, 438, 35, 31, 0),
(3692, 3692, 22, 438, 35, 32, 0),
(3693, 3693, 22, 438, 35, 33, 1),
(3694, 3694, 22, 438, 35, 34, 1),
(3695, 3695, 22, 438, 35, 35, 0),
(3696, 3696, 22, 438, 35, 36, 0),
(3697, 3697, 22, 438, 35, 37, 0),
(3698, 3698, 22, 438, 35, 38, 0),
(3699, 3699, 22, 439, 35, 39, 1),
(3700, 3700, 22, 439, 35, 40, 0),
(3701, 3701, 22, 439, 35, 41, 0),
(3702, 3702, 22, 439, 35, 42, 1),
(3703, 3703, 22, 439, 35, 43, 0),
(3704, 3704, 22, 439, 35, 44, 1),
(3705, 3705, 22, 440, 35, 45, 1),
(3706, 3706, 22, 440, 36, 1, 0),
(3707, 3707, 22, 440, 36, 2, 0),
(3708, 3708, 22, 440, 36, 3, 0),
(3709, 3709, 22, 440, 36, 4, 0),
(3710, 3710, 22, 440, 36, 5, 0),
(3711, 3711, 22, 440, 36, 6, 0),
(3712, 3712, 22, 440, 36, 7, 0),
(3713, 3713, 22, 440, 36, 8, 0),
(3714, 3714, 22, 440, 36, 9, 0),
(3715, 3715, 22, 440, 36, 10, 1),
(3716, 3716, 22, 440, 36, 11, 0),
(3717, 3717, 22, 440, 36, 12, 0),
(3718, 3718, 22, 441, 36, 13, 0),
(3719, 3719, 22, 441, 36, 14, 0),
(3720, 3720, 22, 441, 36, 15, 0),
(3721, 3721, 22, 441, 36, 16, 0),
(3722, 3722, 22, 441, 36, 17, 0),
(3723, 3723, 22, 441, 36, 18, 0),
(3724, 3724, 22, 441, 36, 19, 0),
(3725, 3725, 22, 441, 36, 20, 1),
(3726, 3726, 22, 441, 36, 21, 0),
(3727, 3727, 22, 441, 36, 22, 0),
(3728, 3728, 22, 441, 36, 23, 0),
(3729, 3729, 22, 441, 36, 24, 0),
(3730, 3730, 22, 441, 36, 25, 0),
(3731, 3731, 22, 441, 36, 26, 0),
(3732, 3732, 22, 441, 36, 27, 0),
(3733, 3733, 23, 442, 36, 28, 0),
(3734, 3734, 23, 442, 36, 29, 1),
(3735, 3735, 23, 442, 36, 30, 1),
(3736, 3736, 23, 442, 36, 31, 1),
(3737, 3737, 23, 442, 36, 32, 0),
(3738, 3738, 23, 442, 36, 33, 0),
(3739, 3739, 23, 442, 36, 34, 0),
(3740, 3740, 23, 442, 36, 35, 0),
(3741, 3741, 23, 442, 36, 36, 0),
(3742, 3742, 23, 442, 36, 37, 0),
(3743, 3743, 23, 442, 36, 38, 0),
(3744, 3744, 23, 442, 36, 39, 0),
(3745, 3745, 23, 442, 36, 40, 0),
(3746, 3746, 23, 443, 36, 41, 0),
(3747, 3747, 23, 443, 36, 42, 0),
(3748, 3748, 23, 443, 36, 43, 0),
(3749, 3749, 23, 443, 36, 44, 0),
(3750, 3750, 23, 443, 36, 45, 0),
(3751, 3751, 23, 443, 36, 46, 1),
(3752, 3752, 23, 443, 36, 47, 0),
(3753, 3753, 23, 443, 36, 48, 1),
(3754, 3754, 23, 443, 36, 49, 0),
(3755, 3755, 23, 443, 36, 50, 0),
(3756, 3756, 23, 443, 36, 51, 1),
(3757, 3757, 23, 443, 36, 52, 0),
(3758, 3758, 23, 443, 36, 53, 1),
(3759, 3759, 23, 443, 36, 54, 0),
(3760, 3760, 23, 444, 36, 55, 0),
(3761, 3761, 23, 444, 36, 56, 0),
(3762, 3762, 23, 444, 36, 57, 0),
(3763, 3763, 23, 444, 36, 58, 0),
(3764, 3764, 23, 444, 36, 59, 0),
(3765, 3765, 23, 444, 36, 60, 0),
(3766, 3766, 23, 444, 36, 61, 0),
(3767, 3767, 23, 444, 36, 62, 0),
(3768, 3768, 23, 444, 36, 63, 0),
(3769, 3769, 23, 444, 36, 64, 0),
(3770, 3770, 23, 444, 36, 65, 0),
(3771, 3771, 23, 444, 36, 66, 0),
(3772, 3772, 23, 444, 36, 67, 0),
(3773, 3773, 23, 444, 36, 68, 0),
(3774, 3774, 23, 444, 36, 69, 0),
(3775, 3775, 23, 444, 36, 70, 0),
(3776, 3776, 23, 445, 36, 71, 0),
(3777, 3777, 23, 445, 36, 72, 0),
(3778, 3778, 23, 445, 36, 73, 0),
(3779, 3779, 23, 445, 36, 74, 1),
(3780, 3780, 23, 445, 36, 75, 0),
(3781, 3781, 23, 445, 36, 76, 1),
(3782, 3782, 23, 445, 36, 77, 0),
(3783, 3783, 23, 445, 36, 78, 0),
(3784, 3784, 23, 445, 36, 79, 0),
(3785, 3785, 23, 445, 36, 80, 0),
(3786, 3786, 23, 445, 36, 81, 1),
(3787, 3787, 23, 445, 36, 82, 0),
(3788, 3788, 23, 445, 36, 83, 0),
(3789, 3789, 23, 446, 37, 1, 0),
(3790, 3790, 23, 446, 37, 2, 0),
(3791, 3791, 23, 446, 37, 3, 0),
(3792, 3792, 23, 446, 37, 4, 0),
(3793, 3793, 23, 446, 37, 5, 1),
(3794, 3794, 23, 446, 37, 6, 0),
(3795, 3795, 23, 446, 37, 7, 0),
(3796, 3796, 23, 446, 37, 8, 0),
(3797, 3797, 23, 446, 37, 9, 0),
(3798, 3798, 23, 446, 37, 10, 0),
(3799, 3799, 23, 446, 37, 11, 0),
(3800, 3800, 23, 446, 37, 12, 0),
(3801, 3801, 23, 446, 37, 13, 0),
(3802, 3802, 23, 446, 37, 14, 0),
(3803, 3803, 23, 446, 37, 15, 0),
(3804, 3804, 23, 446, 37, 16, 1),
(3805, 3805, 23, 446, 37, 17, 1),
(3806, 3806, 23, 446, 37, 18, 0),
(3807, 3807, 23, 446, 37, 19, 1),
(3808, 3808, 23, 446, 37, 20, 0),
(3809, 3809, 23, 446, 37, 21, 0),
(3810, 3810, 23, 446, 37, 22, 0),
(3811, 3811, 23, 446, 37, 23, 0),
(3812, 3812, 23, 446, 37, 24, 0),
(3813, 3813, 23, 447, 37, 25, 0),
(3814, 3814, 23, 447, 37, 26, 0),
(3815, 3815, 23, 447, 37, 27, 1),
(3816, 3816, 23, 447, 37, 28, 0),
(3817, 3817, 23, 447, 37, 29, 0),
(3818, 3818, 23, 447, 37, 30, 0),
(3819, 3819, 23, 447, 37, 31, 0),
(3820, 3820, 23, 447, 37, 32, 0),
(3821, 3821, 23, 447, 37, 33, 0),
(3822, 3822, 23, 447, 37, 34, 0),
(3823, 3823, 23, 447, 37, 35, 0),
(3824, 3824, 23, 447, 37, 36, 0),
(3825, 3825, 23, 447, 37, 37, 0),
(3826, 3826, 23, 447, 37, 38, 0),
(3827, 3827, 23, 447, 37, 39, 0),
(3828, 3828, 23, 447, 37, 40, 0),
(3829, 3829, 23, 447, 37, 41, 0),
(3830, 3830, 23, 447, 37, 42, 0),
(3831, 3831, 23, 447, 37, 43, 0),
(3832, 3832, 23, 447, 37, 44, 0),
(3833, 3833, 23, 447, 37, 45, 0),
(3834, 3834, 23, 447, 37, 46, 0),
(3835, 3835, 23, 447, 37, 47, 0),
(3836, 3836, 23, 447, 37, 48, 0),
(3837, 3837, 23, 447, 37, 49, 0),
(3838, 3838, 23, 447, 37, 50, 1),
(3839, 3839, 23, 447, 37, 51, 0),
(3840, 3840, 23, 448, 37, 52, 0),
(3841, 3841, 23, 448, 37, 53, 1),
(3842, 3842, 23, 448, 37, 54, 0),
(3843, 3843, 23, 448, 37, 55, 0),
(3844, 3844, 23, 448, 37, 56, 0),
(3845, 3845, 23, 448, 37, 57, 0),
(3846, 3846, 23, 448, 37, 58, 0),
(3847, 3847, 23, 448, 37, 59, 1),
(3848, 3848, 23, 448, 37, 60, 0),
(3849, 3849, 23, 448, 37, 61, 0),
(3850, 3850, 23, 448, 37, 62, 0),
(3851, 3851, 23, 448, 37, 63, 0),
(3852, 3852, 23, 448, 37, 64, 0),
(3853, 3853, 23, 448, 37, 65, 0),
(3854, 3854, 23, 448, 37, 66, 0),
(3855, 3855, 23, 448, 37, 67, 0),
(3856, 3856, 23, 448, 37, 68, 0),
(3857, 3857, 23, 448, 37, 69, 0),
(3858, 3858, 23, 448, 37, 70, 0),
(3859, 3859, 23, 448, 37, 71, 0),
(3860, 3860, 23, 448, 37, 72, 0),
(3861, 3861, 23, 448, 37, 73, 0),
(3862, 3862, 23, 448, 37, 74, 0),
(3863, 3863, 23, 448, 37, 75, 0),
(3864, 3864, 23, 448, 37, 76, 0),
(3865, 3865, 23, 449, 37, 77, 0),
(3866, 3866, 23, 449, 37, 78, 0),
(3867, 3867, 23, 449, 37, 79, 0),
(3868, 3868, 23, 449, 37, 80, 0),
(3869, 3869, 23, 449, 37, 81, 0),
(3870, 3870, 23, 449, 37, 82, 0),
(3871, 3871, 23, 449, 37, 83, 0),
(3872, 3872, 23, 449, 37, 84, 0),
(3873, 3873, 23, 449, 37, 85, 1),
(3874, 3874, 23, 449, 37, 86, 0),
(3875, 3875, 23, 449, 37, 87, 0),
(3876, 3876, 23, 449, 37, 88, 0),
(3877, 3877, 23, 449, 37, 89, 0),
(3878, 3878, 23, 449, 37, 90, 0),
(3879, 3879, 23, 449, 37, 91, 0),
(3880, 3880, 23, 449, 37, 92, 0),
(3881, 3881, 23, 449, 37, 93, 0),
(3882, 3882, 23, 449, 37, 94, 0),
(3883, 3883, 23, 449, 37, 95, 0),
(3884, 3884, 23, 449, 37, 96, 0),
(3885, 3885, 23, 449, 37, 97, 0),
(3886, 3886, 23, 449, 37, 98, 1),
(3887, 3887, 23, 449, 37, 99, 0),
(3888, 3888, 23, 449, 37, 100, 0),
(3889, 3889, 23, 449, 37, 101, 0),
(3890, 3890, 23, 449, 37, 102, 0),
(3891, 3891, 23, 450, 37, 103, 0),
(3892, 3892, 23, 450, 37, 104, 0),
(3893, 3893, 23, 450, 37, 105, 0),
(3894, 3894, 23, 450, 37, 106, 0),
(3895, 3895, 23, 450, 37, 107, 0),
(3896, 3896, 23, 450, 37, 108, 0),
(3897, 3897, 23, 450, 37, 109, 0),
(3898, 3898, 23, 450, 37, 110, 0),
(3899, 3899, 23, 450, 37, 111, 0),
(3900, 3900, 23, 450, 37, 112, 0),
(3901, 3901, 23, 450, 37, 113, 0),
(3902, 3902, 23, 450, 37, 114, 0),
(3903, 3903, 23, 450, 37, 115, 0),
(3904, 3904, 23, 450, 37, 116, 0),
(3905, 3905, 23, 450, 37, 117, 0),
(3906, 3906, 23, 450, 37, 118, 0),
(3907, 3907, 23, 450, 37, 119, 0),
(3908, 3908, 23, 450, 37, 120, 0),
(3909, 3909, 23, 450, 37, 121, 0),
(3910, 3910, 23, 450, 37, 122, 0),
(3911, 3911, 23, 450, 37, 123, 0),
(3912, 3912, 23, 450, 37, 124, 0),
(3913, 3913, 23, 450, 37, 125, 0),
(3914, 3914, 23, 450, 37, 126, 0),
(3915, 3915, 23, 451, 37, 127, 1),
(3916, 3916, 23, 451, 37, 128, 0),
(3917, 3917, 23, 451, 37, 129, 0),
(3918, 3918, 23, 451, 37, 130, 0),
(3919, 3919, 23, 451, 37, 131, 0),
(3920, 3920, 23, 451, 37, 132, 0),
(3921, 3921, 23, 451, 37, 133, 0),
(3922, 3922, 23, 451, 37, 134, 1),
(3923, 3923, 23, 451, 37, 135, 1),
(3924, 3924, 23, 451, 37, 136, 1),
(3925, 3925, 23, 451, 37, 137, 0),
(3926, 3926, 23, 451, 37, 138, 0),
(3927, 3927, 23, 451, 37, 139, 0),
(3928, 3928, 23, 451, 37, 140, 0),
(3929, 3929, 23, 451, 37, 141, 0),
(3930, 3930, 23, 451, 37, 142, 0),
(3931, 3931, 23, 451, 37, 143, 0),
(3932, 3932, 23, 451, 37, 144, 0),
(3933, 3933, 23, 451, 37, 145, 0),
(3934, 3934, 23, 451, 37, 146, 0),
(3935, 3935, 23, 451, 37, 147, 0),
(3936, 3936, 23, 451, 37, 148, 0),
(3937, 3937, 23, 451, 37, 149, 0),
(3938, 3938, 23, 451, 37, 150, 0),
(3939, 3939, 23, 451, 37, 151, 0),
(3940, 3940, 23, 451, 37, 152, 0),
(3941, 3941, 23, 451, 37, 153, 0),
(3942, 3942, 23, 452, 37, 154, 0),
(3943, 3943, 23, 452, 37, 155, 0),
(3944, 3944, 23, 452, 37, 156, 0),
(3945, 3945, 23, 452, 37, 157, 0),
(3946, 3946, 23, 452, 37, 158, 0),
(3947, 3947, 23, 452, 37, 159, 0),
(3948, 3948, 23, 452, 37, 160, 0),
(3949, 3949, 23, 452, 37, 161, 1),
(3950, 3950, 23, 452, 37, 162, 0),
(3951, 3951, 23, 452, 37, 163, 0),
(3952, 3952, 23, 452, 37, 164, 0),
(3953, 3953, 23, 452, 37, 165, 0),
(3954, 3954, 23, 452, 37, 166, 0),
(3955, 3955, 23, 452, 37, 167, 0),
(3956, 3956, 23, 452, 37, 168, 0),
(3957, 3957, 23, 452, 37, 169, 0),
(3958, 3958, 23, 452, 37, 170, 0),
(3959, 3959, 23, 452, 37, 171, 0),
(3960, 3960, 23, 452, 37, 172, 0),
(3961, 3961, 23, 452, 37, 173, 0),
(3962, 3962, 23, 452, 37, 174, 1),
(3963, 3963, 23, 452, 37, 175, 0),
(3964, 3964, 23, 452, 37, 176, 1),
(3965, 3965, 23, 452, 37, 177, 0),
(3966, 3966, 23, 452, 37, 178, 0),
(3967, 3967, 23, 452, 37, 179, 0),
(3968, 3968, 23, 452, 37, 180, 0),
(3969, 3969, 23, 452, 37, 181, 0),
(3970, 3970, 23, 452, 37, 182, 0),
(3971, 3971, 23, 453, 38, 1, 0),
(3972, 3972, 23, 453, 38, 2, 0),
(3973, 3973, 23, 453, 38, 3, 0),
(3974, 3974, 23, 453, 38, 4, 0),
(3975, 3975, 23, 453, 38, 5, 0),
(3976, 3976, 23, 453, 38, 6, 0),
(3977, 3977, 23, 453, 38, 7, 0),
(3978, 3978, 23, 453, 38, 8, 0),
(3979, 3979, 23, 453, 38, 9, 1),
(3980, 3980, 23, 453, 38, 10, 0),
(3981, 3981, 23, 453, 38, 11, 0),
(3982, 3982, 23, 453, 38, 12, 1),
(3983, 3983, 23, 453, 38, 13, 0),
(3984, 3984, 23, 453, 38, 14, 0),
(3985, 3985, 23, 453, 38, 15, 0),
(3986, 3986, 23, 453, 38, 16, 0),
(3987, 3987, 23, 454, 38, 17, 1),
(3988, 3988, 23, 454, 38, 18, 0),
(3989, 3989, 23, 454, 38, 19, 0),
(3990, 3990, 23, 454, 38, 20, 0),
(3991, 3991, 23, 454, 38, 21, 0),
(3992, 3992, 23, 454, 38, 22, 0),
(3993, 3993, 23, 454, 38, 23, 0),
(3994, 3994, 23, 454, 38, 24, 0),
(3995, 3995, 23, 454, 38, 25, 0),
(3996, 3996, 23, 454, 38, 26, 0),
(3997, 3997, 23, 455, 38, 27, 1),
(3998, 3998, 23, 455, 38, 28, 0),
(3999, 3999, 23, 455, 38, 29, 1),
(4000, 4000, 23, 455, 38, 30, 0),
(4001, 4001, 23, 455, 38, 31, 0),
(4002, 4002, 23, 455, 38, 32, 0),
(4003, 4003, 23, 455, 38, 33, 0),
(4004, 4004, 23, 455, 38, 34, 0),
(4005, 4005, 23, 455, 38, 35, 0),
(4006, 4006, 23, 455, 38, 36, 0),
(4007, 4007, 23, 455, 38, 37, 0),
(4008, 4008, 23, 455, 38, 38, 0),
(4009, 4009, 23, 455, 38, 39, 0),
(4010, 4010, 23, 455, 38, 40, 0),
(4011, 4011, 23, 455, 38, 41, 0),
(4012, 4012, 23, 455, 38, 42, 0),
(4013, 4013, 23, 456, 38, 43, 1),
(4014, 4014, 23, 456, 38, 44, 0),
(4015, 4015, 23, 456, 38, 45, 0),
(4016, 4016, 23, 456, 38, 46, 0),
(4017, 4017, 23, 456, 38, 47, 0),
(4018, 4018, 23, 456, 38, 48, 0),
(4019, 4019, 23, 456, 38, 49, 0),
(4020, 4020, 23, 456, 38, 50, 0),
(4021, 4021, 23, 456, 38, 51, 0),
(4022, 4022, 23, 456, 38, 52, 0),
(4023, 4023, 23, 456, 38, 53, 0),
(4024, 4024, 23, 456, 38, 54, 0),
(4025, 4025, 23, 456, 38, 55, 0),
(4026, 4026, 23, 456, 38, 56, 0),
(4027, 4027, 23, 456, 38, 57, 0),
(4028, 4028, 23, 456, 38, 58, 0),
(4029, 4029, 23, 456, 38, 59, 0),
(4030, 4030, 23, 456, 38, 60, 0),
(4031, 4031, 23, 456, 38, 61, 0),
(4032, 4032, 23, 457, 38, 62, 0),
(4033, 4033, 23, 457, 38, 63, 0),
(4034, 4034, 23, 457, 38, 64, 0),
(4035, 4035, 23, 457, 38, 65, 0),
(4036, 4036, 23, 457, 38, 66, 1),
(4037, 4037, 23, 457, 38, 67, 0),
(4038, 4038, 23, 457, 38, 68, 0),
(4039, 4039, 23, 457, 38, 69, 0),
(4040, 4040, 23, 457, 38, 70, 0),
(4041, 4041, 23, 457, 38, 71, 0),
(4042, 4042, 23, 457, 38, 72, 0),
(4043, 4043, 23, 457, 38, 73, 0),
(4044, 4044, 23, 457, 38, 74, 1),
(4045, 4045, 23, 457, 38, 75, 0),
(4046, 4046, 23, 457, 38, 76, 1),
(4047, 4047, 23, 457, 38, 77, 0),
(4048, 4048, 23, 457, 38, 78, 0),
(4049, 4049, 23, 457, 38, 79, 1),
(4050, 4050, 23, 457, 38, 80, 1),
(4051, 4051, 23, 457, 38, 81, 1),
(4052, 4052, 23, 457, 38, 82, 1),
(4053, 4053, 23, 457, 38, 83, 0),
(4054, 4054, 23, 458, 38, 84, 0),
(4055, 4055, 23, 458, 38, 85, 0),
(4056, 4056, 23, 458, 38, 86, 0),
(4057, 4057, 23, 458, 38, 87, 0),
(4058, 4058, 23, 458, 38, 88, 0),
(4059, 4059, 23, 458, 39, 1, 1),
(4060, 4060, 23, 458, 39, 2, 1),
(4061, 4061, 23, 458, 39, 3, 1),
(4062, 4062, 23, 458, 39, 4, 0),
(4063, 4063, 23, 458, 39, 5, 1),
(4064, 4064, 23, 459, 39, 6, 0),
(4065, 4065, 23, 459, 39, 7, 0),
(4066, 4066, 23, 459, 39, 8, 1),
(4067, 4067, 23, 459, 39, 9, 0),
(4068, 4068, 23, 459, 39, 10, 0),
(4069, 4069, 23, 460, 39, 11, 0),
(4070, 4070, 23, 460, 39, 12, 0),
(4071, 4071, 23, 460, 39, 13, 1),
(4072, 4072, 23, 460, 39, 14, 0),
(4073, 4073, 23, 460, 39, 15, 0),
(4074, 4074, 23, 460, 39, 16, 0),
(4075, 4075, 23, 460, 39, 17, 0),
(4076, 4076, 23, 460, 39, 18, 0),
(4077, 4077, 23, 460, 39, 19, 0),
(4078, 4078, 23, 460, 39, 20, 1),
(4079, 4079, 23, 460, 39, 21, 1),
(4080, 4080, 23, 461, 39, 22, 0),
(4081, 4081, 23, 461, 39, 23, 1),
(4082, 4082, 23, 461, 39, 24, 0),
(4083, 4083, 23, 461, 39, 25, 0),
(4084, 4084, 23, 461, 39, 26, 0),
(4085, 4085, 23, 461, 39, 27, 1),
(4086, 4086, 23, 461, 39, 28, 0),
(4087, 4087, 23, 461, 39, 29, 1),
(4088, 4088, 23, 461, 39, 30, 0),
(4089, 4089, 23, 461, 39, 31, 1),
(4090, 4090, 24, 462, 39, 32, 1),
(4091, 4091, 24, 462, 39, 33, 0),
(4092, 4092, 24, 462, 39, 34, 0),
(4093, 4093, 24, 462, 39, 35, 0),
(4094, 4094, 24, 462, 39, 36, 0),
(4095, 4095, 24, 462, 39, 37, 0),
(4096, 4096, 24, 462, 39, 38, 1),
(4097, 4097, 24, 462, 39, 39, 1),
(4098, 4098, 24, 462, 39, 40, 1),
(4099, 4099, 24, 463, 39, 41, 1),
(4100, 4100, 24, 463, 39, 42, 0),
(4101, 4101, 24, 463, 39, 43, 0),
(4102, 4102, 24, 463, 39, 44, 0),
(4103, 4103, 24, 463, 39, 45, 0),
(4104, 4104, 24, 463, 39, 46, 0),
(4105, 4105, 24, 463, 39, 47, 0),
(4106, 4106, 24, 464, 39, 48, 1),
(4107, 4107, 24, 464, 39, 49, 1),
(4108, 4108, 24, 464, 39, 50, 1),
(4109, 4109, 24, 464, 39, 51, 1),
(4110, 4110, 24, 464, 39, 52, 1),
(4111, 4111, 24, 464, 39, 53, 0),
(4112, 4112, 24, 464, 39, 54, 0),
(4113, 4113, 24, 464, 39, 55, 0),
(4114, 4114, 24, 464, 39, 56, 0),
(4115, 4115, 24, 465, 39, 57, 0),
(4116, 4116, 24, 465, 39, 58, 0),
(4117, 4117, 24, 465, 39, 59, 0),
(4118, 4118, 24, 465, 39, 60, 0),
(4119, 4119, 24, 465, 39, 61, 0),
(4120, 4120, 24, 465, 39, 62, 0),
(4121, 4121, 24, 465, 39, 63, 1),
(4122, 4122, 24, 465, 39, 64, 0),
(4123, 4123, 24, 465, 39, 65, 0),
(4124, 4124, 24, 465, 39, 66, 0),
(4125, 4125, 24, 465, 39, 67, 1),
(4126, 4126, 24, 466, 39, 68, 1),
(4127, 4127, 24, 466, 39, 69, 1),
(4128, 4128, 24, 466, 39, 70, 0),
(4129, 4129, 24, 466, 39, 71, 1),
(4130, 4130, 24, 466, 39, 72, 1),
(4131, 4131, 24, 466, 39, 73, 0),
(4132, 4132, 24, 466, 39, 74, 1),
(4133, 4133, 24, 467, 39, 75, 0),
(4134, 4134, 24, 467, 40, 1, 1),
(4135, 4135, 24, 467, 40, 2, 1),
(4136, 4136, 24, 467, 40, 3, 0),
(4137, 4137, 24, 467, 40, 4, 0),
(4138, 4138, 24, 467, 40, 5, 1),
(4139, 4139, 24, 467, 40, 6, 1),
(4140, 4140, 24, 467, 40, 7, 0),
(4141, 4141, 24, 468, 40, 8, 0),
(4142, 4142, 24, 468, 40, 9, 0),
(4143, 4143, 24, 468, 40, 10, 0),
(4144, 4144, 24, 468, 40, 11, 0),
(4145, 4145, 24, 468, 40, 12, 0),
(4146, 4146, 24, 468, 40, 13, 0),
(4147, 4147, 24, 468, 40, 14, 0),
(4148, 4148, 24, 468, 40, 15, 0),
(4149, 4149, 24, 468, 40, 16, 0),
(4150, 4150, 24, 469, 40, 17, 0),
(4151, 4151, 24, 469, 40, 18, 0),
(4152, 4152, 24, 469, 40, 19, 0),
(4153, 4153, 24, 469, 40, 20, 0),
(4154, 4154, 24, 469, 40, 21, 1),
(4155, 4155, 24, 469, 40, 22, 1),
(4156, 4156, 24, 469, 40, 23, 1),
(4157, 4157, 24, 469, 40, 24, 0),
(4158, 4158, 24, 469, 40, 25, 1),
(4159, 4159, 24, 470, 40, 26, 0),
(4160, 4160, 24, 470, 40, 27, 0),
(4161, 4161, 24, 470, 40, 28, 0),
(4162, 4162, 24, 470, 40, 29, 0),
(4163, 4163, 24, 470, 40, 30, 0),
(4164, 4164, 24, 470, 40, 31, 0),
(4165, 4165, 24, 470, 40, 32, 0),
(4166, 4166, 24, 470, 40, 33, 0),
(4167, 4167, 24, 471, 40, 34, 0),
(4168, 4168, 24, 471, 40, 35, 0),
(4169, 4169, 24, 471, 40, 36, 0),
(4170, 4170, 24, 471, 40, 37, 0),
(4171, 4171, 24, 471, 40, 38, 0),
(4172, 4172, 24, 471, 40, 39, 0),
(4173, 4173, 24, 471, 40, 40, 1),
(4174, 4174, 24, 472, 40, 41, 0),
(4175, 4175, 24, 472, 40, 42, 0),
(4176, 4176, 24, 472, 40, 43, 0),
(4177, 4177, 24, 472, 40, 44, 0),
(4178, 4178, 24, 472, 40, 45, 0),
(4179, 4179, 24, 472, 40, 46, 1),
(4180, 4180, 24, 472, 40, 47, 0),
(4181, 4181, 24, 472, 40, 48, 0),
(4182, 4182, 24, 472, 40, 49, 0),
(4183, 4183, 24, 473, 40, 50, 0),
(4184, 4184, 24, 473, 40, 51, 0),
(4185, 4185, 24, 473, 40, 52, 1),
(4186, 4186, 24, 473, 40, 53, 0),
(4187, 4187, 24, 473, 40, 54, 0),
(4188, 4188, 24, 473, 40, 55, 1),
(4189, 4189, 24, 473, 40, 56, 1),
(4190, 4190, 24, 473, 40, 57, 0),
(4191, 4191, 24, 473, 40, 58, 1),
(4192, 4192, 24, 474, 40, 59, 1),
(4193, 4193, 24, 474, 40, 60, 0),
(4194, 4194, 24, 474, 40, 61, 0),
(4195, 4195, 24, 474, 40, 62, 1),
(4196, 4196, 24, 474, 40, 63, 0),
(4197, 4197, 24, 474, 40, 64, 1),
(4198, 4198, 24, 474, 40, 65, 0),
(4199, 4199, 24, 474, 40, 66, 1),
(4200, 4200, 24, 475, 40, 67, 0),
(4201, 4201, 24, 475, 40, 68, 1),
(4202, 4202, 24, 475, 40, 69, 0),
(4203, 4203, 24, 475, 40, 70, 0),
(4204, 4204, 24, 475, 40, 71, 0),
(4205, 4205, 24, 475, 40, 72, 0),
(4206, 4206, 24, 475, 40, 73, 0),
(4207, 4207, 24, 475, 40, 74, 0),
(4208, 4208, 24, 475, 40, 75, 0),
(4209, 4209, 24, 475, 40, 76, 1),
(4210, 4210, 24, 475, 40, 77, 1),
(4211, 4211, 24, 476, 40, 78, 1),
(4212, 4212, 24, 476, 40, 79, 0),
(4213, 4213, 24, 476, 40, 80, 1),
(4214, 4214, 24, 476, 40, 81, 0),
(4215, 4215, 24, 476, 40, 82, 1),
(4216, 4216, 24, 476, 40, 83, 0),
(4217, 4217, 24, 476, 40, 84, 0),
(4218, 4218, 24, 476, 40, 85, 0),
(4219, 4219, 24, 477, 41, 1, 1),
(4220, 4220, 24, 477, 41, 2, 1),
(4221, 4221, 24, 477, 41, 3, 0),
(4222, 4222, 24, 477, 41, 4, 0),
(4223, 4223, 24, 477, 41, 5, 1),
(4224, 4224, 24, 477, 41, 6, 1),
(4225, 4225, 24, 477, 41, 7, 0),
(4226, 4226, 24, 477, 41, 8, 1),
(4227, 4227, 24, 477, 41, 9, 0),
(4228, 4228, 24, 477, 41, 10, 0),
(4229, 4229, 24, 477, 41, 11, 0),
(4230, 4230, 24, 478, 41, 12, 0),
(4231, 4231, 24, 478, 41, 13, 1),
(4232, 4232, 24, 478, 41, 14, 0),
(4233, 4233, 24, 478, 41, 15, 0),
(4234, 4234, 24, 478, 41, 16, 0),
(4235, 4235, 24, 478, 41, 17, 0),
(4236, 4236, 24, 478, 41, 18, 1),
(4237, 4237, 24, 478, 41, 19, 0),
(4238, 4238, 24, 478, 41, 20, 0),
(4239, 4239, 24, 479, 41, 21, 0),
(4240, 4240, 24, 479, 41, 22, 0),
(4241, 4241, 24, 479, 41, 23, 0),
(4242, 4242, 24, 479, 41, 24, 0),
(4243, 4243, 24, 479, 41, 25, 0),
(4244, 4244, 24, 479, 41, 26, 0),
(4245, 4245, 24, 479, 41, 27, 0),
(4246, 4246, 24, 479, 41, 28, 0),
(4247, 4247, 24, 479, 41, 29, 0),
(4248, 4248, 24, 480, 41, 30, 1),
(4249, 4249, 24, 480, 41, 31, 0),
(4250, 4250, 24, 480, 41, 32, 0),
(4251, 4251, 24, 480, 41, 33, 1),
(4252, 4252, 24, 480, 41, 34, 0),
(4253, 4253, 24, 480, 41, 35, 0),
(4254, 4254, 24, 480, 41, 36, 1),
(4255, 4255, 24, 480, 41, 37, 0),
(4256, 4256, 24, 480, 41, 38, 0),
(4257, 4257, 24, 481, 41, 39, 0),
(4258, 4258, 24, 481, 41, 40, 0),
(4259, 4259, 24, 481, 41, 41, 0),
(4260, 4260, 24, 481, 41, 42, 0),
(4261, 4261, 24, 481, 41, 43, 0),
(4262, 4262, 24, 481, 41, 44, 0),
(4263, 4263, 24, 481, 41, 45, 1),
(4264, 4264, 24, 481, 41, 46, 1),
(4265, 4265, 25, 482, 41, 47, 0),
(4266, 4266, 25, 482, 41, 48, 0),
(4267, 4267, 25, 482, 41, 49, 0),
(4268, 4268, 25, 482, 41, 50, 1),
(4269, 4269, 25, 482, 41, 51, 1),
(4270, 4270, 25, 482, 41, 52, 1),
(4271, 4271, 25, 482, 41, 53, 0),
(4272, 4272, 25, 482, 41, 54, 0),
(4273, 4273, 25, 483, 42, 1, 1),
(4274, 4274, 25, 483, 42, 2, 1),
(4275, 4275, 25, 483, 42, 3, 0),
(4276, 4276, 25, 483, 42, 4, 0),
(4277, 4277, 25, 483, 42, 5, 0),
(4278, 4278, 25, 483, 42, 6, 1),
(4279, 4279, 25, 483, 42, 7, 1),
(4280, 4280, 25, 483, 42, 8, 0),
(4281, 4281, 25, 483, 42, 9, 0),
(4282, 4282, 25, 483, 42, 10, 0),
(4283, 4283, 25, 484, 42, 11, 0),
(4284, 4284, 25, 484, 42, 12, 1),
(4285, 4285, 25, 484, 42, 13, 0),
(4286, 4286, 25, 484, 42, 14, 0),
(4287, 4287, 25, 484, 42, 15, 0),
(4288, 4288, 25, 485, 42, 16, 0),
(4289, 4289, 25, 485, 42, 17, 1),
(4290, 4290, 25, 485, 42, 18, 0),
(4291, 4291, 25, 485, 42, 19, 0),
(4292, 4292, 25, 485, 42, 20, 0),
(4293, 4293, 25, 485, 42, 21, 0),
(4294, 4294, 25, 485, 42, 22, 0),
(4295, 4295, 25, 486, 42, 23, 0),
(4296, 4296, 25, 486, 42, 24, 0),
(4297, 4297, 25, 486, 42, 25, 0),
(4298, 4298, 25, 486, 42, 26, 0),
(4299, 4299, 25, 486, 42, 27, 0),
(4300, 4300, 25, 486, 42, 28, 0),
(4301, 4301, 25, 486, 42, 29, 0),
(4302, 4302, 25, 486, 42, 30, 0),
(4303, 4303, 25, 486, 42, 31, 0),
(4304, 4304, 25, 487, 42, 32, 0),
(4305, 4305, 25, 487, 42, 33, 1),
(4306, 4306, 25, 487, 42, 34, 0),
(4307, 4307, 25, 487, 42, 35, 0),
(4308, 4308, 25, 487, 42, 36, 1),
(4309, 4309, 25, 487, 42, 37, 0),
(4310, 4310, 25, 487, 42, 38, 1),
(4311, 4311, 25, 487, 42, 39, 0),
(4312, 4312, 25, 487, 42, 40, 0),
(4313, 4313, 25, 487, 42, 41, 0),
(4314, 4314, 25, 487, 42, 42, 1),
(4315, 4315, 25, 487, 42, 43, 0),
(4316, 4316, 25, 487, 42, 44, 0),
(4317, 4317, 25, 488, 42, 45, 0),
(4318, 4318, 25, 488, 42, 46, 0),
(4319, 4319, 25, 488, 42, 47, 1),
(4320, 4320, 25, 488, 42, 48, 1),
(4321, 4321, 25, 488, 42, 49, 1),
(4322, 4322, 25, 488, 42, 50, 0),
(4323, 4323, 25, 488, 42, 51, 0),
(4324, 4324, 25, 489, 42, 52, 1),
(4325, 4325, 25, 489, 42, 53, 0),
(4326, 4326, 25, 489, 43, 1, 1),
(4327, 4327, 25, 489, 43, 2, 1),
(4328, 4328, 25, 489, 43, 3, 1),
(4329, 4329, 25, 489, 43, 4, 0),
(4330, 4330, 25, 489, 43, 5, 0),
(4331, 4331, 25, 489, 43, 6, 0),
(4332, 4332, 25, 489, 43, 7, 1),
(4333, 4333, 25, 489, 43, 8, 0),
(4334, 4334, 25, 489, 43, 9, 1),
(4335, 4335, 25, 489, 43, 10, 1),
(4336, 4336, 25, 490, 43, 11, 0),
(4337, 4337, 25, 490, 43, 12, 0),
(4338, 4338, 25, 490, 43, 13, 0),
(4339, 4339, 25, 490, 43, 14, 0),
(4340, 4340, 25, 490, 43, 15, 0),
(4341, 4341, 25, 490, 43, 16, 0),
(4342, 4342, 25, 490, 43, 17, 1),
(4343, 4343, 25, 490, 43, 18, 0),
(4344, 4344, 25, 490, 43, 19, 0),
(4345, 4345, 25, 490, 43, 20, 1),
(4346, 4346, 25, 490, 43, 21, 0),
(4347, 4347, 25, 490, 43, 22, 0),
(4348, 4348, 25, 491, 43, 23, 1),
(4349, 4349, 25, 491, 43, 24, 0),
(4350, 4350, 25, 491, 43, 25, 0),
(4351, 4351, 25, 491, 43, 26, 0),
(4352, 4352, 25, 491, 43, 27, 0),
(4353, 4353, 25, 491, 43, 28, 0),
(4354, 4354, 25, 491, 43, 29, 0),
(4355, 4355, 25, 491, 43, 30, 0),
(4356, 4356, 25, 491, 43, 31, 0),
(4357, 4357, 25, 491, 43, 32, 0),
(4358, 4358, 25, 491, 43, 33, 0),
(4359, 4359, 25, 492, 43, 34, 0),
(4360, 4360, 25, 492, 43, 35, 0),
(4361, 4361, 25, 492, 43, 36, 0),
(4362, 4362, 25, 492, 43, 37, 0),
(4363, 4363, 25, 492, 43, 38, 0),
(4364, 4364, 25, 492, 43, 39, 0),
(4365, 4365, 25, 492, 43, 40, 0),
(4366, 4366, 25, 492, 43, 41, 0),
(4367, 4367, 25, 492, 43, 42, 1),
(4368, 4368, 25, 492, 43, 43, 0),
(4369, 4369, 25, 492, 43, 44, 0),
(4370, 4370, 25, 492, 43, 45, 0),
(4371, 4371, 25, 492, 43, 46, 1),
(4372, 4372, 25, 492, 43, 47, 0),
(4373, 4373, 25, 493, 43, 48, 0),
(4374, 4374, 25, 493, 43, 49, 0),
(4375, 4375, 25, 493, 43, 50, 0),
(4376, 4376, 25, 493, 43, 51, 0),
(4377, 4377, 25, 493, 43, 52, 0),
(4378, 4378, 25, 493, 43, 53, 0),
(4379, 4379, 25, 493, 43, 54, 0),
(4380, 4380, 25, 493, 43, 55, 0),
(4381, 4381, 25, 493, 43, 56, 0),
(4382, 4382, 25, 493, 43, 57, 0),
(4383, 4383, 25, 493, 43, 58, 0),
(4384, 4384, 25, 493, 43, 59, 0),
(4385, 4385, 25, 493, 43, 60, 0),
(4386, 4386, 25, 494, 43, 61, 0),
(4387, 4387, 25, 494, 43, 62, 0),
(4388, 4388, 25, 494, 43, 63, 0),
(4389, 4389, 25, 494, 43, 64, 1),
(4390, 4390, 25, 494, 43, 65, 0),
(4391, 4391, 25, 494, 43, 66, 1),
(4392, 4392, 25, 494, 43, 67, 0),
(4393, 4393, 25, 494, 43, 68, 0),
(4394, 4394, 25, 494, 43, 69, 0),
(4395, 4395, 25, 494, 43, 70, 0),
(4396, 4396, 25, 494, 43, 71, 0),
(4397, 4397, 25, 494, 43, 72, 0),
(4398, 4398, 25, 494, 43, 73, 0),
(4399, 4399, 25, 495, 43, 74, 0),
(4400, 4400, 25, 495, 43, 75, 0),
(4401, 4401, 25, 495, 43, 76, 0),
(4402, 4402, 25, 495, 43, 77, 0),
(4403, 4403, 25, 495, 43, 78, 0),
(4404, 4404, 25, 495, 43, 79, 0),
(4405, 4405, 25, 495, 43, 80, 0),
(4406, 4406, 25, 495, 43, 81, 0),
(4407, 4407, 25, 495, 43, 82, 0),
(4408, 4408, 25, 495, 43, 83, 1),
(4409, 4409, 25, 495, 43, 84, 0),
(4410, 4410, 25, 495, 43, 85, 0),
(4411, 4411, 25, 495, 43, 86, 0),
(4412, 4412, 25, 495, 43, 87, 1),
(4413, 4413, 25, 495, 43, 88, 0),
(4414, 4414, 25, 495, 43, 89, 0),
(4415, 4415, 25, 496, 44, 1, 1),
(4416, 4416, 25, 496, 44, 2, 1),
(4417, 4417, 25, 496, 44, 3, 1),
(4418, 4418, 25, 496, 44, 4, 0),
(4419, 4419, 25, 496, 44, 5, 0),
(4420, 4420, 25, 496, 44, 6, 0),
(4421, 4421, 25, 496, 44, 7, 1),
(4422, 4422, 25, 496, 44, 8, 0),
(4423, 4423, 25, 496, 44, 9, 0),
(4424, 4424, 25, 496, 44, 10, 0),
(4425, 4425, 25, 496, 44, 11, 0),
(4426, 4426, 25, 496, 44, 12, 0),
(4427, 4427, 25, 496, 44, 13, 0),
(4428, 4428, 25, 496, 44, 14, 0),
(4429, 4429, 25, 496, 44, 15, 0),
(4430, 4430, 25, 496, 44, 16, 0),
(4431, 4431, 25, 496, 44, 17, 0),
(4432, 4432, 25, 496, 44, 18, 0),
(4433, 4433, 25, 497, 44, 19, 0),
(4434, 4434, 25, 497, 44, 20, 0),
(4435, 4435, 25, 497, 44, 21, 0),
(4436, 4436, 25, 497, 44, 22, 0),
(4437, 4437, 25, 497, 44, 23, 0),
(4438, 4438, 25, 497, 44, 24, 0),
(4439, 4439, 25, 497, 44, 25, 1),
(4440, 4440, 25, 497, 44, 26, 0),
(4441, 4441, 25, 497, 44, 27, 0),
(4442, 4442, 25, 497, 44, 28, 0),
(4443, 4443, 25, 497, 44, 29, 0),
(4444, 4444, 25, 497, 44, 30, 0),
(4445, 4445, 25, 497, 44, 31, 0),
(4446, 4446, 25, 497, 44, 32, 0),
(4447, 4447, 25, 497, 44, 33, 0),
(4448, 4448, 25, 497, 44, 34, 0),
(4449, 4449, 25, 497, 44, 35, 1),
(4450, 4450, 25, 497, 44, 36, 0),
(4451, 4451, 25, 497, 44, 37, 0),
(4452, 4452, 25, 497, 44, 38, 1),
(4453, 4453, 25, 497, 44, 39, 0),
(4454, 4454, 25, 498, 44, 40, 0),
(4455, 4455, 25, 498, 44, 41, 1),
(4456, 4456, 25, 498, 44, 42, 0),
(4457, 4457, 25, 498, 44, 43, 0),
(4458, 4458, 25, 498, 44, 44, 0),
(4459, 4459, 25, 498, 44, 45, 0),
(4460, 4460, 25, 498, 44, 46, 0),
(4461, 4461, 25, 498, 44, 47, 0),
(4462, 4462, 25, 498, 44, 48, 1),
(4463, 4463, 25, 498, 44, 49, 0),
(4464, 4464, 25, 498, 44, 50, 0),
(4465, 4465, 25, 498, 44, 51, 1),
(4466, 4466, 25, 498, 44, 52, 0),
(4467, 4467, 25, 498, 44, 53, 0),
(4468, 4468, 25, 498, 44, 54, 0),
(4469, 4469, 25, 498, 44, 55, 0),
(4470, 4470, 25, 498, 44, 56, 0),
(4471, 4471, 25, 498, 44, 57, 0),
(4472, 4472, 25, 498, 44, 58, 0),
(4473, 4473, 25, 498, 44, 59, 0),
(4474, 4474, 25, 499, 45, 1, 1),
(4475, 4475, 25, 499, 45, 2, 1),
(4476, 4476, 25, 499, 45, 3, 0),
(4477, 4477, 25, 499, 45, 4, 0),
(4478, 4478, 25, 499, 45, 5, 1),
(4479, 4479, 25, 499, 45, 6, 1),
(4480, 4480, 25, 499, 45, 7, 0),
(4481, 4481, 25, 499, 45, 8, 1),
(4482, 4482, 25, 499, 45, 9, 0),
(4483, 4483, 25, 499, 45, 10, 0),
(4484, 4484, 25, 499, 45, 11, 0),
(4485, 4485, 25, 499, 45, 12, 0),
(4486, 4486, 25, 499, 45, 13, 0),
(4487, 4487, 25, 500, 45, 14, 0),
(4488, 4488, 25, 500, 45, 15, 1),
(4489, 4489, 25, 500, 45, 16, 0),
(4490, 4490, 25, 500, 45, 17, 1),
(4491, 4491, 25, 500, 45, 18, 0),
(4492, 4492, 25, 500, 45, 19, 0),
(4493, 4493, 25, 500, 45, 20, 0),
(4494, 4494, 25, 500, 45, 21, 1),
(4495, 4495, 25, 500, 45, 22, 1),
(4496, 4496, 25, 501, 45, 23, 1),
(4497, 4497, 25, 501, 45, 24, 1),
(4498, 4498, 25, 501, 45, 25, 1),
(4499, 4499, 25, 501, 45, 26, 0),
(4500, 4500, 25, 501, 45, 27, 1),
(4501, 4501, 25, 501, 45, 28, 0),
(4502, 4502, 25, 501, 45, 29, 0),
(4503, 4503, 25, 501, 45, 30, 1),
(4504, 4504, 25, 501, 45, 31, 0),
(4505, 4505, 25, 501, 45, 32, 0),
(4506, 4506, 26, 502, 45, 33, 1),
(4507, 4507, 26, 502, 45, 34, 0),
(4508, 4508, 26, 502, 45, 35, 0),
(4509, 4509, 26, 502, 45, 36, 0),
(4510, 4510, 26, 502, 45, 37, 0),
(4511, 4511, 26, 502, 46, 1, 1),
(4512, 4512, 26, 502, 46, 2, 1),
(4513, 4513, 26, 502, 46, 3, 0),
(4514, 4514, 26, 502, 46, 4, 0),
(4515, 4515, 26, 502, 46, 5, 0),
(4516, 4516, 26, 503, 46, 6, 0),
(4517, 4517, 26, 503, 46, 7, 1),
(4518, 4518, 26, 503, 46, 8, 1),
(4519, 4519, 26, 503, 46, 9, 0),
(4520, 4520, 26, 503, 46, 10, 1),
(4521, 4521, 26, 503, 46, 11, 1),
(4522, 4522, 26, 503, 46, 12, 1),
(4523, 4523, 26, 503, 46, 13, 1),
(4524, 4524, 26, 503, 46, 14, 0),
(4525, 4525, 26, 504, 46, 15, 1),
(4526, 4526, 26, 504, 46, 16, 0),
(4527, 4527, 26, 504, 46, 17, 0),
(4528, 4528, 26, 504, 46, 18, 0),
(4529, 4529, 26, 504, 46, 19, 1),
(4530, 4530, 26, 504, 46, 20, 1),
(4531, 4531, 26, 505, 46, 21, 0),
(4532, 4532, 26, 505, 46, 22, 1),
(4533, 4533, 26, 505, 46, 23, 1),
(4534, 4534, 26, 505, 46, 24, 0),
(4535, 4535, 26, 505, 46, 25, 0),
(4536, 4536, 26, 505, 46, 26, 0),
(4537, 4537, 26, 505, 46, 27, 0),
(4538, 4538, 26, 505, 46, 28, 0),
(4539, 4539, 26, 506, 46, 29, 0),
(4540, 4540, 26, 506, 46, 30, 0),
(4541, 4541, 26, 506, 46, 31, 0),
(4542, 4542, 26, 506, 46, 32, 0),
(4543, 4543, 26, 506, 46, 33, 1),
(4544, 4544, 26, 506, 46, 34, 1),
(4545, 4545, 26, 506, 46, 35, 0),
(4546, 4546, 26, 507, 47, 1, 0),
(4547, 4547, 26, 507, 47, 2, 0),
(4548, 4548, 26, 507, 47, 3, 0),
(4549, 4549, 26, 507, 47, 4, 0),
(4550, 4550, 26, 507, 47, 5, 0),
(4551, 4551, 26, 507, 47, 6, 0),
(4552, 4552, 26, 507, 47, 7, 0),
(4553, 4553, 26, 507, 47, 8, 0),
(4554, 4554, 26, 507, 47, 9, 0),
(4555, 4555, 26, 507, 47, 10, 1),
(4556, 4556, 26, 507, 47, 11, 0),
(4557, 4557, 26, 508, 47, 12, 1),
(4558, 4558, 26, 508, 47, 13, 1),
(4559, 4559, 26, 508, 47, 14, 1),
(4560, 4560, 26, 508, 47, 15, 1),
(4561, 4561, 26, 508, 47, 16, 1),
(4562, 4562, 26, 508, 47, 17, 0),
(4563, 4563, 26, 508, 47, 18, 1),
(4564, 4564, 26, 508, 47, 19, 0),
(4565, 4565, 26, 509, 47, 20, 0),
(4566, 4566, 26, 509, 47, 21, 0),
(4567, 4567, 26, 509, 47, 22, 0),
(4568, 4568, 26, 509, 47, 23, 0),
(4569, 4569, 26, 509, 47, 24, 1),
(4570, 4570, 26, 509, 47, 25, 0),
(4571, 4571, 26, 509, 47, 26, 0),
(4572, 4572, 26, 509, 47, 27, 0),
(4573, 4573, 26, 509, 47, 28, 0),
(4574, 4574, 26, 509, 47, 29, 0),
(4575, 4575, 26, 510, 47, 30, 0),
(4576, 4576, 26, 510, 47, 31, 0),
(4577, 4577, 26, 510, 47, 32, 1),
(4578, 4578, 26, 510, 47, 33, 1),
(4579, 4579, 26, 510, 47, 34, 1),
(4580, 4580, 26, 510, 47, 35, 0),
(4581, 4581, 26, 510, 47, 36, 1),
(4582, 4582, 26, 510, 47, 37, 0),
(4583, 4583, 26, 510, 47, 38, 1),
(4584, 4584, 26, 511, 48, 1, 0),
(4585, 4585, 26, 511, 48, 2, 0),
(4586, 4586, 26, 511, 48, 3, 0),
(4587, 4587, 26, 511, 48, 4, 0),
(4588, 4588, 26, 511, 48, 5, 0),
(4589, 4589, 26, 511, 48, 6, 1),
(4590, 4590, 26, 511, 48, 7, 0),
(4591, 4591, 26, 511, 48, 8, 1),
(4592, 4592, 26, 511, 48, 9, 0),
(4593, 4593, 26, 512, 48, 10, 0),
(4594, 4594, 26, 512, 48, 11, 0),
(4595, 4595, 26, 512, 48, 12, 0),
(4596, 4596, 26, 512, 48, 13, 0),
(4597, 4597, 26, 512, 48, 14, 0),
(4598, 4598, 26, 512, 48, 15, 0),
(4599, 4599, 26, 513, 48, 16, 0),
(4600, 4600, 26, 513, 48, 17, 1),
(4601, 4601, 26, 513, 48, 18, 0),
(4602, 4602, 26, 513, 48, 19, 0),
(4603, 4603, 26, 513, 48, 20, 0),
(4604, 4604, 26, 513, 48, 21, 0),
(4605, 4605, 26, 513, 48, 22, 0),
(4606, 4606, 26, 513, 48, 23, 1),
(4607, 4607, 26, 514, 48, 24, 0),
(4608, 4608, 26, 514, 48, 25, 0),
(4609, 4609, 26, 514, 48, 26, 0),
(4610, 4610, 26, 514, 48, 27, 0),
(4611, 4611, 26, 514, 48, 28, 0),
(4612, 4612, 26, 515, 48, 29, 0),
(4613, 4613, 26, 515, 49, 1, 1),
(4614, 4614, 26, 515, 49, 2, 0),
(4615, 4615, 26, 515, 49, 3, 0),
(4616, 4616, 26, 515, 49, 4, 0),
(4617, 4617, 26, 516, 49, 5, 0),
(4618, 4618, 26, 516, 49, 6, 0),
(4619, 4619, 26, 516, 49, 7, 0),
(4620, 4620, 26, 516, 49, 8, 0),
(4621, 4621, 26, 516, 49, 9, 0),
(4622, 4622, 26, 516, 49, 10, 1),
(4623, 4623, 26, 516, 49, 11, 0),
(4624, 4624, 26, 517, 49, 12, 0),
(4625, 4625, 26, 517, 49, 13, 0),
(4626, 4626, 26, 517, 49, 14, 0),
(4627, 4627, 26, 517, 49, 15, 1),
(4628, 4628, 26, 517, 49, 16, 0),
(4629, 4629, 26, 517, 49, 17, 0),
(4630, 4630, 26, 517, 49, 18, 0),
(4631, 4631, 26, 518, 50, 1, 0),
(4632, 4632, 26, 518, 50, 2, 0),
(4633, 4633, 26, 518, 50, 3, 1),
(4634, 4634, 26, 518, 50, 4, 0),
(4635, 4635, 26, 518, 50, 5, 0),
(4636, 4636, 26, 518, 50, 6, 0),
(4637, 4637, 26, 518, 50, 7, 0),
(4638, 4638, 26, 518, 50, 8, 0),
(4639, 4639, 26, 518, 50, 9, 0),
(4640, 4640, 26, 518, 50, 10, 0),
(4641, 4641, 26, 518, 50, 11, 0),
(4642, 4642, 26, 518, 50, 12, 1),
(4643, 4643, 26, 518, 50, 13, 0),
(4644, 4644, 26, 518, 50, 14, 0),
(4645, 4645, 26, 518, 50, 15, 0),
(4646, 4646, 26, 519, 50, 16, 1),
(4647, 4647, 26, 519, 50, 17, 0),
(4648, 4648, 26, 519, 50, 18, 0),
(4649, 4649, 26, 519, 50, 19, 0),
(4650, 4650, 26, 519, 50, 20, 1),
(4651, 4651, 26, 519, 50, 21, 0),
(4652, 4652, 26, 519, 50, 22, 0),
(4653, 4653, 26, 519, 50, 23, 0),
(4654, 4654, 26, 519, 50, 24, 0),
(4655, 4655, 26, 519, 50, 25, 1),
(4656, 4656, 26, 520, 50, 26, 0),
(4657, 4657, 26, 520, 50, 27, 0),
(4658, 4658, 26, 520, 50, 28, 0),
(4659, 4659, 26, 520, 50, 29, 0),
(4660, 4660, 26, 520, 50, 30, 0),
(4661, 4661, 26, 520, 50, 31, 0),
(4662, 4662, 26, 520, 50, 32, 0),
(4663, 4663, 26, 520, 50, 33, 0),
(4664, 4664, 26, 520, 50, 34, 0),
(4665, 4665, 26, 520, 50, 35, 0),
(4666, 4666, 26, 520, 50, 36, 1),
(4667, 4667, 26, 520, 50, 37, 0),
(4668, 4668, 26, 520, 50, 38, 1),
(4669, 4669, 26, 520, 50, 39, 1),
(4670, 4670, 26, 520, 50, 40, 1),
(4671, 4671, 26, 520, 50, 41, 0),
(4672, 4672, 26, 520, 50, 42, 0),
(4673, 4673, 26, 520, 50, 43, 0),
(4674, 4674, 26, 520, 50, 44, 0),
(4675, 4675, 26, 520, 50, 45, 1),
(4676, 4676, 26, 520, 51, 1, 0),
(4677, 4677, 26, 520, 51, 2, 0),
(4678, 4678, 26, 520, 51, 3, 0),
(4679, 4679, 26, 520, 51, 4, 0),
(4680, 4680, 26, 520, 51, 5, 1),
(4681, 4681, 26, 520, 51, 6, 0),
(4682, 4682, 26, 521, 51, 7, 0),
(4683, 4683, 26, 521, 51, 8, 0),
(4684, 4684, 26, 521, 51, 9, 0),
(4685, 4685, 26, 521, 51, 10, 0),
(4686, 4686, 26, 521, 51, 11, 0),
(4687, 4687, 26, 521, 51, 12, 0),
(4688, 4688, 26, 521, 51, 13, 0),
(4689, 4689, 26, 521, 51, 14, 0),
(4690, 4690, 26, 521, 51, 15, 0),
(4691, 4691, 26, 521, 51, 16, 0),
(4692, 4692, 26, 521, 51, 17, 0),
(4693, 4693, 26, 521, 51, 18, 0),
(4694, 4694, 26, 521, 51, 19, 0),
(4695, 4695, 26, 521, 51, 20, 0),
(4696, 4696, 26, 521, 51, 21, 0),
(4697, 4697, 26, 521, 51, 22, 0),
(4698, 4698, 26, 521, 51, 23, 0),
(4699, 4699, 26, 521, 51, 24, 1),
(4700, 4700, 26, 521, 51, 25, 1),
(4701, 4701, 26, 521, 51, 26, 0),
(4702, 4702, 26, 521, 51, 27, 0),
(4703, 4703, 26, 521, 51, 28, 0),
(4704, 4704, 26, 521, 51, 29, 0),
(4705, 4705, 26, 521, 51, 30, 0),
(4706, 4706, 27, 522, 51, 31, 0),
(4707, 4707, 27, 522, 51, 32, 1),
(4708, 4708, 27, 522, 51, 33, 0),
(4709, 4709, 27, 522, 51, 34, 1),
(4710, 4710, 27, 522, 51, 35, 0),
(4711, 4711, 27, 522, 51, 36, 0),
(4712, 4712, 27, 522, 51, 37, 0),
(4713, 4713, 27, 522, 51, 38, 0),
(4714, 4714, 27, 522, 51, 39, 0),
(4715, 4715, 27, 522, 51, 40, 0),
(4716, 4716, 27, 522, 51, 41, 0),
(4717, 4717, 27, 522, 51, 42, 0),
(4718, 4718, 27, 522, 51, 43, 0),
(4719, 4719, 27, 522, 51, 44, 0),
(4720, 4720, 27, 522, 51, 45, 0),
(4721, 4721, 27, 522, 51, 46, 1),
(4722, 4722, 27, 522, 51, 47, 0),
(4723, 4723, 27, 522, 51, 48, 0),
(4724, 4724, 27, 522, 51, 49, 0),
(4725, 4725, 27, 522, 51, 50, 0),
(4726, 4726, 27, 522, 51, 51, 0),
(4727, 4727, 27, 523, 51, 52, 0),
(4728, 4728, 27, 523, 51, 53, 0),
(4729, 4729, 27, 523, 51, 54, 1),
(4730, 4730, 27, 523, 51, 55, 0),
(4731, 4731, 27, 523, 51, 56, 0),
(4732, 4732, 27, 523, 51, 57, 0),
(4733, 4733, 27, 523, 51, 58, 0),
(4734, 4734, 27, 523, 51, 59, 1),
(4735, 4735, 27, 523, 51, 60, 0),
(4736, 4736, 27, 523, 52, 1, 0),
(4737, 4737, 27, 523, 52, 2, 0),
(4738, 4738, 27, 523, 52, 3, 0),
(4739, 4739, 27, 523, 52, 4, 0),
(4740, 4740, 27, 523, 52, 5, 0),
(4741, 4741, 27, 523, 52, 6, 0),
(4742, 4742, 27, 523, 52, 7, 0),
(4743, 4743, 27, 523, 52, 8, 0),
(4744, 4744, 27, 523, 52, 9, 0),
(4745, 4745, 27, 523, 52, 10, 0),
(4746, 4746, 27, 523, 52, 11, 0),
(4747, 4747, 27, 523, 52, 12, 0),
(4748, 4748, 27, 523, 52, 13, 0),
(4749, 4749, 27, 523, 52, 14, 0),
(4750, 4750, 27, 524, 52, 15, 0),
(4751, 4751, 27, 524, 52, 16, 0),
(4752, 4752, 27, 524, 52, 17, 1),
(4753, 4753, 27, 524, 52, 18, 0),
(4754, 4754, 27, 524, 52, 19, 1),
(4755, 4755, 27, 524, 52, 20, 0),
(4756, 4756, 27, 524, 52, 21, 0),
(4757, 4757, 27, 524, 52, 22, 0),
(4758, 4758, 27, 524, 52, 23, 0),
(4759, 4759, 27, 524, 52, 24, 1),
(4760, 4760, 27, 524, 52, 25, 1),
(4761, 4761, 27, 524, 52, 26, 0),
(4762, 4762, 27, 524, 52, 27, 0),
(4763, 4763, 27, 524, 52, 28, 0),
(4764, 4764, 27, 524, 52, 29, 0),
(4765, 4765, 27, 524, 52, 30, 0),
(4766, 4766, 27, 524, 52, 31, 0),
(4767, 4767, 27, 525, 52, 32, 0),
(4768, 4768, 27, 525, 52, 33, 0),
(4769, 4769, 27, 525, 52, 34, 0),
(4770, 4770, 27, 525, 52, 35, 0),
(4771, 4771, 27, 525, 52, 36, 0),
(4772, 4772, 27, 525, 52, 37, 1),
(4773, 4773, 27, 525, 52, 38, 0),
(4774, 4774, 27, 525, 52, 39, 0),
(4775, 4775, 27, 525, 52, 40, 1),
(4776, 4776, 27, 525, 52, 41, 1),
(4777, 4777, 27, 525, 52, 42, 0),
(4778, 4778, 27, 525, 52, 43, 0),
(4779, 4779, 27, 525, 52, 44, 0),
(4780, 4780, 27, 525, 52, 45, 0),
(4781, 4781, 27, 525, 52, 46, 1),
(4782, 4782, 27, 525, 52, 47, 1),
(4783, 4783, 27, 525, 52, 48, 0),
(4784, 4784, 27, 525, 52, 49, 1),
(4785, 4785, 27, 526, 53, 1, 0),
(4786, 4786, 27, 526, 53, 2, 0),
(4787, 4787, 27, 526, 53, 3, 0),
(4788, 4788, 27, 526, 53, 4, 0),
(4789, 4789, 27, 526, 53, 5, 0),
(4790, 4790, 27, 526, 53, 6, 0),
(4791, 4791, 27, 526, 53, 7, 0),
(4792, 4792, 27, 526, 53, 8, 0),
(4793, 4793, 27, 526, 53, 9, 0),
(4794, 4794, 27, 526, 53, 10, 0),
(4795, 4795, 27, 526, 53, 11, 0),
(4796, 4796, 27, 526, 53, 12, 0),
(4797, 4797, 27, 526, 53, 13, 0),
(4798, 4798, 27, 526, 53, 14, 0),
(4799, 4799, 27, 526, 53, 15, 0),
(4800, 4800, 27, 526, 53, 16, 0),
(4801, 4801, 27, 526, 53, 17, 0),
(4802, 4802, 27, 526, 53, 18, 0),
(4803, 4803, 27, 526, 53, 19, 0),
(4804, 4804, 27, 526, 53, 20, 0),
(4805, 4805, 27, 526, 53, 21, 0),
(4806, 4806, 27, 526, 53, 22, 0),
(4807, 4807, 27, 526, 53, 23, 0),
(4808, 4808, 27, 526, 53, 24, 0),
(4809, 4809, 27, 526, 53, 25, 0),
(4810, 4810, 27, 526, 53, 26, 0),
(4811, 4811, 27, 527, 53, 27, 1),
(4812, 4812, 27, 527, 53, 28, 0),
(4813, 4813, 27, 527, 53, 29, 0),
(4814, 4814, 27, 527, 53, 30, 0),
(4815, 4815, 27, 527, 53, 31, 0),
(4816, 4816, 27, 527, 53, 32, 0),
(4817, 4817, 27, 527, 53, 33, 0),
(4818, 4818, 27, 527, 53, 34, 0),
(4819, 4819, 27, 527, 53, 35, 0),
(4820, 4820, 27, 527, 53, 36, 0),
(4821, 4821, 27, 527, 53, 37, 0),
(4822, 4822, 27, 527, 53, 38, 0),
(4823, 4823, 27, 527, 53, 39, 0),
(4824, 4824, 27, 527, 53, 40, 0),
(4825, 4825, 27, 527, 53, 41, 0),
(4826, 4826, 27, 527, 53, 42, 0),
(4827, 4827, 27, 527, 53, 43, 0),
(4828, 4828, 27, 527, 53, 44, 0),
(4829, 4829, 27, 528, 53, 45, 0),
(4830, 4830, 27, 528, 53, 46, 0),
(4831, 4831, 27, 528, 53, 47, 0),
(4832, 4832, 27, 528, 53, 48, 0),
(4833, 4833, 27, 528, 53, 49, 0),
(4834, 4834, 27, 528, 53, 50, 0);
INSERT INTO `mushaf` (`id`, `urut`, `juz`, `halaman`, `surat`, `ayat`, `mutasyabihat`) VALUES
(4835, 4835, 27, 528, 53, 51, 0),
(4836, 4836, 27, 528, 53, 52, 0),
(4837, 4837, 27, 528, 53, 53, 0),
(4838, 4838, 27, 528, 53, 54, 0),
(4839, 4839, 27, 528, 53, 55, 0),
(4840, 4840, 27, 528, 53, 56, 1),
(4841, 4841, 27, 528, 53, 57, 0),
(4842, 4842, 27, 528, 53, 58, 0),
(4843, 4843, 27, 528, 53, 59, 0),
(4844, 4844, 27, 528, 53, 60, 0),
(4845, 4845, 27, 528, 53, 61, 0),
(4846, 4846, 27, 528, 53, 62, 0),
(4847, 4847, 27, 528, 54, 1, 0),
(4848, 4848, 27, 528, 54, 2, 0),
(4849, 4849, 27, 528, 54, 3, 0),
(4850, 4850, 27, 528, 54, 4, 0),
(4851, 4851, 27, 528, 54, 5, 0),
(4852, 4852, 27, 528, 54, 6, 1),
(4853, 4853, 27, 529, 54, 7, 0),
(4854, 4854, 27, 529, 54, 8, 0),
(4855, 4855, 27, 529, 54, 9, 1),
(4856, 4856, 27, 529, 54, 10, 0),
(4857, 4857, 27, 529, 54, 11, 0),
(4858, 4858, 27, 529, 54, 12, 0),
(4859, 4859, 27, 529, 54, 13, 0),
(4860, 4860, 27, 529, 54, 14, 0),
(4861, 4861, 27, 529, 54, 15, 0),
(4862, 4862, 27, 529, 54, 16, 0),
(4863, 4863, 27, 529, 54, 17, 0),
(4864, 4864, 27, 529, 54, 18, 0),
(4865, 4865, 27, 529, 54, 19, 0),
(4866, 4866, 27, 529, 54, 20, 0),
(4867, 4867, 27, 529, 54, 21, 0),
(4868, 4868, 27, 529, 54, 22, 0),
(4869, 4869, 27, 529, 54, 23, 0),
(4870, 4870, 27, 529, 54, 24, 0),
(4871, 4871, 27, 529, 54, 25, 0),
(4872, 4872, 27, 529, 54, 26, 0),
(4873, 4873, 27, 529, 54, 27, 0),
(4874, 4874, 27, 530, 54, 28, 0),
(4875, 4875, 27, 530, 54, 29, 0),
(4876, 4876, 27, 530, 54, 30, 0),
(4877, 4877, 27, 530, 54, 31, 0),
(4878, 4878, 27, 530, 54, 32, 0),
(4879, 4879, 27, 530, 54, 33, 0),
(4880, 4880, 27, 530, 54, 34, 0),
(4881, 4881, 27, 530, 54, 35, 0),
(4882, 4882, 27, 530, 54, 36, 0),
(4883, 4883, 27, 530, 54, 37, 0),
(4884, 4884, 27, 530, 54, 38, 0),
(4885, 4885, 27, 530, 54, 39, 0),
(4886, 4886, 27, 530, 54, 40, 0),
(4887, 4887, 27, 530, 54, 41, 0),
(4888, 4888, 27, 530, 54, 42, 0),
(4889, 4889, 27, 530, 54, 43, 0),
(4890, 4890, 27, 530, 54, 44, 0),
(4891, 4891, 27, 530, 54, 45, 0),
(4892, 4892, 27, 530, 54, 46, 0),
(4893, 4893, 27, 530, 54, 47, 0),
(4894, 4894, 27, 530, 54, 48, 0),
(4895, 4895, 27, 530, 54, 49, 0),
(4896, 4896, 27, 531, 54, 50, 0),
(4897, 4897, 27, 531, 54, 51, 0),
(4898, 4898, 27, 531, 54, 52, 0),
(4899, 4899, 27, 531, 54, 53, 0),
(4900, 4900, 27, 531, 54, 54, 1),
(4901, 4901, 27, 531, 54, 55, 0),
(4902, 4902, 27, 531, 55, 1, 0),
(4903, 4903, 27, 531, 55, 2, 0),
(4904, 4904, 27, 531, 55, 3, 0),
(4905, 4905, 27, 531, 55, 4, 0),
(4906, 4906, 27, 531, 55, 5, 0),
(4907, 4907, 27, 531, 55, 6, 0),
(4908, 4908, 27, 531, 55, 7, 0),
(4909, 4909, 27, 531, 55, 8, 0),
(4910, 4910, 27, 531, 55, 9, 0),
(4911, 4911, 27, 531, 55, 10, 0),
(4912, 4912, 27, 531, 55, 11, 0),
(4913, 4913, 27, 531, 55, 12, 0),
(4914, 4914, 27, 531, 55, 13, 0),
(4915, 4915, 27, 531, 55, 14, 0),
(4916, 4916, 27, 531, 55, 15, 0),
(4917, 4917, 27, 531, 55, 16, 0),
(4918, 4918, 27, 532, 55, 17, 0),
(4919, 4919, 27, 532, 55, 18, 0),
(4920, 4920, 27, 532, 55, 19, 0),
(4921, 4921, 27, 532, 55, 20, 0),
(4922, 4922, 27, 532, 55, 21, 0),
(4923, 4923, 27, 532, 55, 22, 0),
(4924, 4924, 27, 532, 55, 23, 0),
(4925, 4925, 27, 532, 55, 24, 0),
(4926, 4926, 27, 532, 55, 25, 0),
(4927, 4927, 27, 532, 55, 26, 0),
(4928, 4928, 27, 532, 55, 27, 0),
(4929, 4929, 27, 532, 55, 28, 0),
(4930, 4930, 27, 532, 55, 29, 0),
(4931, 4931, 27, 532, 55, 30, 0),
(4932, 4932, 27, 532, 55, 31, 0),
(4933, 4933, 27, 532, 55, 32, 0),
(4934, 4934, 27, 532, 55, 33, 0),
(4935, 4935, 27, 532, 55, 34, 0),
(4936, 4936, 27, 532, 55, 35, 0),
(4937, 4937, 27, 532, 55, 36, 0),
(4938, 4938, 27, 532, 55, 37, 0),
(4939, 4939, 27, 532, 55, 38, 0),
(4940, 4940, 27, 532, 55, 39, 0),
(4941, 4941, 27, 532, 55, 40, 0),
(4942, 4942, 27, 533, 55, 41, 0),
(4943, 4943, 27, 533, 55, 42, 0),
(4944, 4944, 27, 533, 55, 43, 0),
(4945, 4945, 27, 533, 55, 44, 0),
(4946, 4946, 27, 533, 55, 45, 0),
(4947, 4947, 27, 533, 55, 46, 0),
(4948, 4948, 27, 533, 55, 47, 0),
(4949, 4949, 27, 533, 55, 48, 0),
(4950, 4950, 27, 533, 55, 49, 0),
(4951, 4951, 27, 533, 55, 50, 0),
(4952, 4952, 27, 533, 55, 51, 0),
(4953, 4953, 27, 533, 55, 52, 0),
(4954, 4954, 27, 533, 55, 53, 0),
(4955, 4955, 27, 533, 55, 54, 0),
(4956, 4956, 27, 533, 55, 55, 0),
(4957, 4957, 27, 533, 55, 56, 0),
(4958, 4958, 27, 533, 55, 57, 0),
(4959, 4959, 27, 533, 55, 58, 0),
(4960, 4960, 27, 533, 55, 59, 0),
(4961, 4961, 27, 533, 55, 60, 0),
(4962, 4962, 27, 533, 55, 61, 0),
(4963, 4963, 27, 533, 55, 62, 0),
(4964, 4964, 27, 533, 55, 63, 0),
(4965, 4965, 27, 533, 55, 64, 0),
(4966, 4966, 27, 533, 55, 65, 0),
(4967, 4967, 27, 533, 55, 66, 0),
(4968, 4968, 27, 533, 55, 67, 0),
(4969, 4969, 27, 534, 55, 68, 0),
(4970, 4970, 27, 534, 55, 69, 0),
(4971, 4971, 27, 534, 55, 70, 0),
(4972, 4972, 27, 534, 55, 71, 0),
(4973, 4973, 27, 534, 55, 72, 0),
(4974, 4974, 27, 534, 55, 73, 0),
(4975, 4975, 27, 534, 55, 74, 0),
(4976, 4976, 27, 534, 55, 75, 0),
(4977, 4977, 27, 534, 55, 76, 0),
(4978, 4978, 27, 534, 55, 77, 0),
(4979, 4979, 27, 534, 55, 78, 0),
(4980, 4980, 27, 534, 56, 1, 0),
(4981, 4981, 27, 534, 56, 2, 0),
(4982, 4982, 27, 534, 56, 3, 0),
(4983, 4983, 27, 534, 56, 4, 0),
(4984, 4984, 27, 534, 56, 5, 0),
(4985, 4985, 27, 534, 56, 6, 0),
(4986, 4986, 27, 534, 56, 7, 0),
(4987, 4987, 27, 534, 56, 8, 0),
(4988, 4988, 27, 534, 56, 9, 0),
(4989, 4989, 27, 534, 56, 10, 0),
(4990, 4990, 27, 534, 56, 11, 0),
(4991, 4991, 27, 534, 56, 12, 0),
(4992, 4992, 27, 534, 56, 13, 0),
(4993, 4993, 27, 534, 56, 14, 0),
(4994, 4994, 27, 534, 56, 15, 0),
(4995, 4995, 27, 534, 56, 16, 0),
(4996, 4996, 27, 535, 56, 17, 1),
(4997, 4997, 27, 535, 56, 18, 0),
(4998, 4998, 27, 535, 56, 19, 0),
(4999, 4999, 27, 535, 56, 20, 0),
(5000, 5000, 27, 535, 56, 21, 0),
(5001, 5001, 27, 535, 56, 22, 0),
(5002, 5002, 27, 535, 56, 23, 0),
(5003, 5003, 27, 535, 56, 24, 0),
(5004, 5004, 27, 535, 56, 25, 0),
(5005, 5005, 27, 535, 56, 26, 0),
(5006, 5006, 27, 535, 56, 27, 0),
(5007, 5007, 27, 535, 56, 28, 0),
(5008, 5008, 27, 535, 56, 29, 0),
(5009, 5009, 27, 535, 56, 30, 0),
(5010, 5010, 27, 535, 56, 31, 0),
(5011, 5011, 27, 535, 56, 32, 0),
(5012, 5012, 27, 535, 56, 33, 0),
(5013, 5013, 27, 535, 56, 34, 0),
(5014, 5014, 27, 535, 56, 35, 0),
(5015, 5015, 27, 535, 56, 36, 0),
(5016, 5016, 27, 535, 56, 37, 0),
(5017, 5017, 27, 535, 56, 38, 0),
(5018, 5018, 27, 535, 56, 39, 0),
(5019, 5019, 27, 535, 56, 40, 0),
(5020, 5020, 27, 535, 56, 41, 0),
(5021, 5021, 27, 535, 56, 42, 0),
(5022, 5022, 27, 535, 56, 43, 0),
(5023, 5023, 27, 535, 56, 44, 0),
(5024, 5024, 27, 535, 56, 45, 0),
(5025, 5025, 27, 535, 56, 46, 0),
(5026, 5026, 27, 535, 56, 47, 1),
(5027, 5027, 27, 535, 56, 48, 1),
(5028, 5028, 27, 535, 56, 49, 0),
(5029, 5029, 27, 535, 56, 50, 0),
(5030, 5030, 27, 536, 56, 51, 0),
(5031, 5031, 27, 536, 56, 52, 0),
(5032, 5032, 27, 536, 56, 53, 0),
(5033, 5033, 27, 536, 56, 54, 0),
(5034, 5034, 27, 536, 56, 55, 0),
(5035, 5035, 27, 536, 56, 56, 0),
(5036, 5036, 27, 536, 56, 57, 0),
(5037, 5037, 27, 536, 56, 58, 0),
(5038, 5038, 27, 536, 56, 59, 0),
(5039, 5039, 27, 536, 56, 60, 0),
(5040, 5040, 27, 536, 56, 61, 0),
(5041, 5041, 27, 536, 56, 62, 0),
(5042, 5042, 27, 536, 56, 63, 0),
(5043, 5043, 27, 536, 56, 64, 0),
(5044, 5044, 27, 536, 56, 65, 0),
(5045, 5045, 27, 536, 56, 66, 0),
(5046, 5046, 27, 536, 56, 67, 0),
(5047, 5047, 27, 536, 56, 68, 0),
(5048, 5048, 27, 536, 56, 69, 0),
(5049, 5049, 27, 536, 56, 70, 0),
(5050, 5050, 27, 536, 56, 71, 0),
(5051, 5051, 27, 536, 56, 72, 0),
(5052, 5052, 27, 536, 56, 73, 0),
(5053, 5053, 27, 536, 56, 74, 0),
(5054, 5054, 27, 536, 56, 75, 0),
(5055, 5055, 27, 536, 56, 76, 0),
(5056, 5056, 27, 537, 56, 77, 0),
(5057, 5057, 27, 537, 56, 78, 0),
(5058, 5058, 27, 537, 56, 79, 0),
(5059, 5059, 27, 537, 56, 80, 1),
(5060, 5060, 27, 537, 56, 81, 0),
(5061, 5061, 27, 537, 56, 82, 0),
(5062, 5062, 27, 537, 56, 83, 0),
(5063, 5063, 27, 537, 56, 84, 0),
(5064, 5064, 27, 537, 56, 85, 0),
(5065, 5065, 27, 537, 56, 86, 0),
(5066, 5066, 27, 537, 56, 87, 0),
(5067, 5067, 27, 537, 56, 88, 0),
(5068, 5068, 27, 537, 56, 89, 0),
(5069, 5069, 27, 537, 56, 90, 0),
(5070, 5070, 27, 537, 56, 91, 0),
(5071, 5071, 27, 537, 56, 92, 0),
(5072, 5072, 27, 537, 56, 93, 0),
(5073, 5073, 27, 537, 56, 94, 0),
(5074, 5074, 27, 537, 56, 95, 0),
(5075, 5075, 27, 537, 56, 96, 0),
(5076, 5076, 27, 537, 57, 1, 1),
(5077, 5077, 27, 537, 57, 2, 0),
(5078, 5078, 27, 537, 57, 3, 0),
(5079, 5079, 27, 538, 57, 4, 1),
(5080, 5080, 27, 538, 57, 5, 0),
(5081, 5081, 27, 538, 57, 6, 1),
(5082, 5082, 27, 538, 57, 7, 0),
(5083, 5083, 27, 538, 57, 8, 0),
(5084, 5084, 27, 538, 57, 9, 0),
(5085, 5085, 27, 538, 57, 10, 0),
(5086, 5086, 27, 538, 57, 11, 1),
(5087, 5087, 27, 539, 57, 12, 0),
(5088, 5088, 27, 539, 57, 13, 0),
(5089, 5089, 27, 539, 57, 14, 0),
(5090, 5090, 27, 539, 57, 15, 0),
(5091, 5091, 27, 539, 57, 16, 0),
(5092, 5092, 27, 539, 57, 17, 0),
(5093, 5093, 27, 539, 57, 18, 0),
(5094, 5094, 27, 540, 57, 19, 1),
(5095, 5095, 27, 540, 57, 20, 1),
(5096, 5096, 27, 540, 57, 21, 1),
(5097, 5097, 27, 540, 57, 22, 1),
(5098, 5098, 27, 540, 57, 23, 0),
(5099, 5099, 27, 540, 57, 24, 1),
(5100, 5100, 27, 541, 57, 25, 0),
(5101, 5101, 27, 541, 57, 26, 1),
(5102, 5102, 27, 541, 57, 27, 0),
(5103, 5103, 27, 541, 57, 28, 1),
(5104, 5104, 27, 541, 57, 29, 0),
(5105, 5105, 28, 542, 58, 1, 0),
(5106, 5106, 28, 542, 58, 2, 0),
(5107, 5107, 28, 542, 58, 3, 0),
(5108, 5108, 28, 542, 58, 4, 0),
(5109, 5109, 28, 542, 58, 5, 0),
(5110, 5110, 28, 542, 58, 6, 1),
(5111, 5111, 28, 543, 58, 7, 0),
(5112, 5112, 28, 543, 58, 8, 0),
(5113, 5113, 28, 543, 58, 9, 0),
(5114, 5114, 28, 543, 58, 10, 0),
(5115, 5115, 28, 543, 58, 11, 0),
(5116, 5116, 28, 544, 58, 12, 0),
(5117, 5117, 28, 544, 58, 13, 0),
(5118, 5118, 28, 544, 58, 14, 0),
(5119, 5119, 28, 544, 58, 15, 1),
(5120, 5120, 28, 544, 58, 16, 0),
(5121, 5121, 28, 544, 58, 17, 1),
(5122, 5122, 28, 544, 58, 18, 1),
(5123, 5123, 28, 544, 58, 19, 0),
(5124, 5124, 28, 544, 58, 20, 0),
(5125, 5125, 28, 544, 58, 21, 0),
(5126, 5126, 28, 545, 58, 22, 0),
(5127, 5127, 28, 545, 59, 1, 1),
(5128, 5128, 28, 545, 59, 2, 0),
(5129, 5129, 28, 545, 59, 3, 0),
(5130, 5130, 28, 546, 59, 4, 1),
(5131, 5131, 28, 546, 59, 5, 0),
(5132, 5132, 28, 546, 59, 6, 0),
(5133, 5133, 28, 546, 59, 7, 0),
(5134, 5134, 28, 546, 59, 8, 0),
(5135, 5135, 28, 546, 59, 9, 0),
(5136, 5136, 28, 547, 59, 10, 0),
(5137, 5137, 28, 547, 59, 11, 0),
(5138, 5138, 28, 547, 59, 12, 0),
(5139, 5139, 28, 547, 59, 13, 0),
(5140, 5140, 28, 547, 59, 14, 0),
(5141, 5141, 28, 547, 59, 15, 0),
(5142, 5142, 28, 547, 59, 16, 0),
(5143, 5143, 28, 548, 59, 17, 0),
(5144, 5144, 28, 548, 59, 18, 1),
(5145, 5145, 28, 548, 59, 19, 0),
(5146, 5146, 28, 548, 59, 20, 0),
(5147, 5147, 28, 548, 59, 21, 1),
(5148, 5148, 28, 548, 59, 22, 0),
(5149, 5149, 28, 548, 59, 23, 0),
(5150, 5150, 28, 548, 59, 24, 0),
(5151, 5151, 28, 549, 60, 1, 1),
(5152, 5152, 28, 549, 60, 2, 1),
(5153, 5153, 28, 549, 60, 3, 0),
(5154, 5154, 28, 549, 60, 4, 0),
(5155, 5155, 28, 549, 60, 5, 0),
(5156, 5156, 28, 550, 60, 6, 1),
(5157, 5157, 28, 550, 60, 7, 0),
(5158, 5158, 28, 550, 60, 8, 0),
(5159, 5159, 28, 550, 60, 9, 0),
(5160, 5160, 28, 550, 60, 10, 0),
(5161, 5161, 28, 550, 60, 11, 0),
(5162, 5162, 28, 551, 60, 12, 0),
(5163, 5163, 28, 551, 60, 13, 0),
(5164, 5164, 28, 551, 61, 1, 1),
(5165, 5165, 28, 551, 61, 2, 0),
(5166, 5166, 28, 551, 61, 3, 0),
(5167, 5167, 28, 551, 61, 4, 0),
(5168, 5168, 28, 551, 61, 5, 1),
(5169, 5169, 28, 552, 61, 6, 0),
(5170, 5170, 28, 552, 61, 7, 1),
(5171, 5171, 28, 552, 61, 8, 1),
(5172, 5172, 28, 552, 61, 9, 1),
(5173, 5173, 28, 552, 61, 10, 0),
(5174, 5174, 28, 552, 61, 11, 0),
(5175, 5175, 28, 552, 61, 12, 1),
(5176, 5176, 28, 552, 61, 13, 0),
(5177, 5177, 28, 552, 61, 14, 1),
(5178, 5178, 28, 553, 62, 1, 1),
(5179, 5179, 28, 553, 62, 2, 0),
(5180, 5180, 28, 553, 62, 3, 0),
(5181, 5181, 28, 553, 62, 4, 0),
(5182, 5182, 28, 553, 62, 5, 0),
(5183, 5183, 28, 553, 62, 6, 0),
(5184, 5184, 28, 553, 62, 7, 1),
(5185, 5185, 28, 553, 62, 8, 0),
(5186, 5186, 28, 554, 62, 9, 0),
(5187, 5187, 28, 554, 62, 10, 0),
(5188, 5188, 28, 554, 62, 11, 0),
(5189, 5189, 28, 554, 63, 1, 0),
(5190, 5190, 28, 554, 63, 2, 0),
(5191, 5191, 28, 554, 63, 3, 0),
(5192, 5192, 28, 554, 63, 4, 1),
(5193, 5193, 28, 555, 63, 5, 1),
(5194, 5194, 28, 555, 63, 6, 1),
(5195, 5195, 28, 555, 63, 7, 0),
(5196, 5196, 28, 555, 63, 8, 0),
(5197, 5197, 28, 555, 63, 9, 0),
(5198, 5198, 28, 555, 63, 10, 0),
(5199, 5199, 28, 555, 63, 11, 0),
(5200, 5200, 28, 556, 64, 1, 1),
(5201, 5201, 28, 556, 64, 2, 0),
(5202, 5202, 28, 556, 64, 3, 1),
(5203, 5203, 28, 556, 64, 4, 0),
(5204, 5204, 28, 556, 64, 5, 1),
(5205, 5205, 28, 556, 64, 6, 1),
(5206, 5206, 28, 556, 64, 7, 1),
(5207, 5207, 28, 556, 64, 8, 0),
(5208, 5208, 28, 556, 64, 9, 0),
(5209, 5209, 28, 557, 64, 10, 1),
(5210, 5210, 28, 557, 64, 11, 1),
(5211, 5211, 28, 557, 64, 12, 1),
(5212, 5212, 28, 557, 64, 13, 0),
(5213, 5213, 28, 557, 64, 14, 0),
(5214, 5214, 28, 557, 64, 15, 0),
(5215, 5215, 28, 557, 64, 16, 0),
(5216, 5216, 28, 557, 64, 17, 0),
(5217, 5217, 28, 557, 64, 18, 0),
(5218, 5218, 28, 558, 65, 1, 1),
(5219, 5219, 28, 558, 65, 2, 0),
(5220, 5220, 28, 558, 65, 3, 0),
(5221, 5221, 28, 558, 65, 4, 0),
(5222, 5222, 28, 558, 65, 5, 0),
(5223, 5223, 28, 559, 65, 6, 0),
(5224, 5224, 28, 559, 65, 7, 0),
(5225, 5225, 28, 559, 65, 8, 1),
(5226, 5226, 28, 559, 65, 9, 0),
(5227, 5227, 28, 559, 65, 10, 0),
(5228, 5228, 28, 559, 65, 11, 0),
(5229, 5229, 28, 559, 65, 12, 0),
(5230, 5230, 28, 560, 66, 1, 1),
(5231, 5231, 28, 560, 66, 2, 0),
(5232, 5232, 28, 560, 66, 3, 0),
(5233, 5233, 28, 560, 66, 4, 0),
(5234, 5234, 28, 560, 66, 5, 0),
(5235, 5235, 28, 560, 66, 6, 0),
(5236, 5236, 28, 560, 66, 7, 0),
(5237, 5237, 28, 561, 66, 8, 0),
(5238, 5238, 28, 561, 66, 9, 1),
(5239, 5239, 28, 561, 66, 10, 1),
(5240, 5240, 28, 561, 66, 11, 1),
(5241, 5241, 28, 561, 66, 12, 1),
(5242, 5242, 28, 562, 67, 1, 1),
(5243, 5243, 28, 562, 67, 2, 0),
(5244, 5244, 28, 562, 67, 3, 0),
(5245, 5245, 28, 562, 67, 4, 0),
(5246, 5246, 28, 562, 67, 5, 0),
(5247, 5247, 28, 562, 67, 6, 0),
(5248, 5248, 28, 562, 67, 7, 0),
(5249, 5249, 28, 562, 67, 8, 0),
(5250, 5250, 28, 562, 67, 9, 0),
(5251, 5251, 28, 562, 67, 10, 0),
(5252, 5252, 28, 562, 67, 11, 0),
(5253, 5253, 28, 562, 67, 12, 0),
(5254, 5254, 28, 563, 67, 13, 0),
(5255, 5255, 28, 563, 67, 14, 0),
(5256, 5256, 28, 563, 67, 15, 1),
(5257, 5257, 28, 563, 67, 16, 0),
(5258, 5258, 28, 563, 67, 17, 0),
(5259, 5259, 28, 563, 67, 18, 0),
(5260, 5260, 28, 563, 67, 19, 1),
(5261, 5261, 28, 563, 67, 20, 0),
(5262, 5262, 28, 563, 67, 21, 0),
(5263, 5263, 28, 563, 67, 22, 0),
(5264, 5264, 28, 563, 67, 23, 1),
(5265, 5265, 28, 563, 67, 24, 0),
(5266, 5266, 28, 563, 67, 25, 1),
(5267, 5267, 28, 563, 67, 26, 1),
(5268, 5268, 28, 564, 67, 27, 0),
(5269, 5269, 28, 564, 67, 28, 0),
(5270, 5270, 28, 564, 67, 29, 0),
(5271, 5271, 28, 564, 67, 30, 0),
(5272, 5272, 28, 564, 68, 1, 0),
(5273, 5273, 28, 564, 68, 2, 0),
(5274, 5274, 28, 564, 68, 3, 0),
(5275, 5275, 28, 564, 68, 4, 0),
(5276, 5276, 28, 564, 68, 5, 0),
(5277, 5277, 28, 564, 68, 6, 0),
(5278, 5278, 28, 564, 68, 7, 1),
(5279, 5279, 28, 564, 68, 8, 0),
(5280, 5280, 28, 564, 68, 9, 0),
(5281, 5281, 28, 564, 68, 10, 0),
(5282, 5282, 28, 564, 68, 11, 0),
(5283, 5283, 28, 564, 68, 12, 1),
(5284, 5284, 28, 564, 68, 13, 0),
(5285, 5285, 28, 564, 68, 14, 0),
(5286, 5286, 28, 564, 68, 15, 1),
(5287, 5287, 28, 565, 68, 16, 0),
(5288, 5288, 28, 565, 68, 17, 0),
(5289, 5289, 28, 565, 68, 18, 0),
(5290, 5290, 28, 565, 68, 19, 0),
(5291, 5291, 28, 565, 68, 20, 0),
(5292, 5292, 28, 565, 68, 21, 0),
(5293, 5293, 28, 565, 68, 22, 0),
(5294, 5294, 28, 565, 68, 23, 0),
(5295, 5295, 28, 565, 68, 24, 0),
(5296, 5296, 28, 565, 68, 25, 0),
(5297, 5297, 28, 565, 68, 26, 0),
(5298, 5298, 28, 565, 68, 27, 0),
(5299, 5299, 28, 565, 68, 28, 0),
(5300, 5300, 28, 565, 68, 29, 0),
(5301, 5301, 28, 565, 68, 30, 1),
(5302, 5302, 28, 565, 68, 31, 0),
(5303, 5303, 28, 565, 68, 32, 0),
(5304, 5304, 28, 565, 68, 33, 0),
(5305, 5305, 28, 565, 68, 34, 0),
(5306, 5306, 28, 565, 68, 35, 0),
(5307, 5307, 28, 565, 68, 36, 0),
(5308, 5308, 28, 565, 68, 37, 0),
(5309, 5309, 28, 565, 68, 38, 0),
(5310, 5310, 28, 565, 68, 39, 0),
(5311, 5311, 28, 565, 68, 40, 0),
(5312, 5312, 28, 565, 68, 41, 0),
(5313, 5313, 28, 565, 68, 42, 0),
(5314, 5314, 28, 566, 68, 43, 1),
(5315, 5315, 28, 566, 68, 44, 0),
(5316, 5316, 28, 566, 68, 45, 0),
(5317, 5317, 28, 566, 68, 46, 1),
(5318, 5318, 28, 566, 68, 47, 1),
(5319, 5319, 28, 566, 68, 48, 0),
(5320, 5320, 28, 566, 68, 49, 0),
(5321, 5321, 28, 566, 68, 50, 0),
(5322, 5322, 28, 566, 68, 51, 0),
(5323, 5323, 28, 566, 68, 52, 0),
(5324, 5324, 28, 566, 69, 1, 0),
(5325, 5325, 28, 566, 69, 2, 0),
(5326, 5326, 28, 566, 69, 3, 0),
(5327, 5327, 28, 566, 69, 4, 0),
(5328, 5328, 28, 566, 69, 5, 0),
(5329, 5329, 28, 566, 69, 6, 0),
(5330, 5330, 28, 566, 69, 7, 0),
(5331, 5331, 28, 566, 69, 8, 0),
(5332, 5332, 28, 567, 69, 9, 0),
(5333, 5333, 28, 567, 69, 10, 0),
(5334, 5334, 28, 567, 69, 11, 0),
(5335, 5335, 28, 567, 69, 12, 0),
(5336, 5336, 28, 567, 69, 13, 0),
(5337, 5337, 28, 567, 69, 14, 0),
(5338, 5338, 28, 567, 69, 15, 0),
(5339, 5339, 28, 567, 69, 16, 0),
(5340, 5340, 28, 567, 69, 17, 0),
(5341, 5341, 28, 567, 69, 18, 0),
(5342, 5342, 28, 567, 69, 19, 0),
(5343, 5343, 28, 567, 69, 20, 0),
(5344, 5344, 28, 567, 69, 21, 0),
(5345, 5345, 28, 567, 69, 22, 0),
(5346, 5346, 28, 567, 69, 23, 0),
(5347, 5347, 28, 567, 69, 24, 0),
(5348, 5348, 28, 567, 69, 25, 0),
(5349, 5349, 28, 567, 69, 26, 0),
(5350, 5350, 28, 567, 69, 27, 0),
(5351, 5351, 28, 567, 69, 28, 0),
(5352, 5352, 28, 567, 69, 29, 0),
(5353, 5353, 28, 567, 69, 30, 0),
(5354, 5354, 28, 567, 69, 31, 0),
(5355, 5355, 28, 567, 69, 32, 0),
(5356, 5356, 28, 567, 69, 33, 0),
(5357, 5357, 28, 567, 69, 34, 0),
(5358, 5358, 28, 568, 69, 35, 0),
(5359, 5359, 28, 568, 69, 36, 0),
(5360, 5360, 28, 568, 69, 37, 0),
(5361, 5361, 28, 568, 69, 38, 0),
(5362, 5362, 28, 568, 69, 39, 0),
(5363, 5363, 28, 568, 69, 40, 0),
(5364, 5364, 28, 568, 69, 41, 0),
(5365, 5365, 28, 568, 69, 42, 0),
(5366, 5366, 28, 568, 69, 43, 1),
(5367, 5367, 28, 568, 69, 44, 0),
(5368, 5368, 28, 568, 69, 45, 0),
(5369, 5369, 28, 568, 69, 46, 0),
(5370, 5370, 28, 568, 69, 47, 0),
(5371, 5371, 28, 568, 69, 48, 0),
(5372, 5372, 28, 568, 69, 49, 0),
(5373, 5373, 28, 568, 69, 50, 0),
(5374, 5374, 28, 568, 69, 51, 0),
(5375, 5375, 28, 568, 69, 52, 0),
(5376, 5376, 28, 568, 70, 1, 0),
(5377, 5377, 28, 568, 70, 2, 0),
(5378, 5378, 28, 568, 70, 3, 0),
(5379, 5379, 28, 568, 70, 4, 1),
(5380, 5380, 28, 568, 70, 5, 0),
(5381, 5381, 28, 568, 70, 6, 0),
(5382, 5382, 28, 568, 70, 7, 0),
(5383, 5383, 28, 568, 70, 8, 0),
(5384, 5384, 28, 568, 70, 9, 0),
(5385, 5385, 28, 568, 70, 10, 0),
(5386, 5386, 28, 569, 70, 11, 0),
(5387, 5387, 28, 569, 70, 12, 1),
(5388, 5388, 28, 569, 70, 13, 0),
(5389, 5389, 28, 569, 70, 14, 0),
(5390, 5390, 28, 569, 70, 15, 0),
(5391, 5391, 28, 569, 70, 16, 0),
(5392, 5392, 28, 569, 70, 17, 0),
(5393, 5393, 28, 569, 70, 18, 0),
(5394, 5394, 28, 569, 70, 19, 0),
(5395, 5395, 28, 569, 70, 20, 0),
(5396, 5396, 28, 569, 70, 21, 0),
(5397, 5397, 28, 569, 70, 22, 0),
(5398, 5398, 28, 569, 70, 23, 0),
(5399, 5399, 28, 569, 70, 24, 0),
(5400, 5400, 28, 569, 70, 25, 0),
(5401, 5401, 28, 569, 70, 26, 0),
(5402, 5402, 28, 569, 70, 27, 0),
(5403, 5403, 28, 569, 70, 28, 0),
(5404, 5404, 28, 569, 70, 29, 0),
(5405, 5405, 28, 569, 70, 30, 0),
(5406, 5406, 28, 569, 70, 31, 0),
(5407, 5407, 28, 569, 70, 32, 0),
(5408, 5408, 28, 569, 70, 33, 0),
(5409, 5409, 28, 569, 70, 34, 0),
(5410, 5410, 28, 569, 70, 35, 0),
(5411, 5411, 28, 569, 70, 36, 0),
(5412, 5412, 28, 569, 70, 37, 0),
(5413, 5413, 28, 569, 70, 38, 0),
(5414, 5414, 28, 569, 70, 39, 0),
(5415, 5415, 28, 570, 70, 40, 0),
(5416, 5416, 28, 570, 70, 41, 0),
(5417, 5417, 28, 570, 70, 42, 1),
(5418, 5418, 28, 570, 70, 43, 0),
(5419, 5419, 28, 570, 70, 44, 1),
(5420, 5420, 28, 570, 71, 1, 0),
(5421, 5421, 28, 570, 71, 2, 0),
(5422, 5422, 28, 570, 71, 3, 0),
(5423, 5423, 28, 570, 71, 4, 1),
(5424, 5424, 28, 570, 71, 5, 0),
(5425, 5425, 28, 570, 71, 6, 0),
(5426, 5426, 28, 570, 71, 7, 0),
(5427, 5427, 28, 570, 71, 8, 0),
(5428, 5428, 28, 570, 71, 9, 0),
(5429, 5429, 28, 570, 71, 10, 0),
(5430, 5430, 28, 571, 71, 11, 0),
(5431, 5431, 28, 571, 71, 12, 0),
(5432, 5432, 28, 571, 71, 13, 0),
(5433, 5433, 28, 571, 71, 14, 0),
(5434, 5434, 28, 571, 71, 15, 0),
(5435, 5435, 28, 571, 71, 16, 0),
(5436, 5436, 28, 571, 71, 17, 0),
(5437, 5437, 28, 571, 71, 18, 0),
(5438, 5438, 28, 571, 71, 19, 0),
(5439, 5439, 28, 571, 71, 20, 0),
(5440, 5440, 28, 571, 71, 21, 0),
(5441, 5441, 28, 571, 71, 22, 0),
(5442, 5442, 28, 571, 71, 23, 0),
(5443, 5443, 28, 571, 71, 24, 0),
(5444, 5444, 28, 571, 71, 25, 0),
(5445, 5445, 28, 571, 71, 26, 0),
(5446, 5446, 28, 571, 71, 27, 0),
(5447, 5447, 28, 571, 71, 28, 0),
(5448, 5448, 28, 572, 72, 1, 0),
(5449, 5449, 28, 572, 72, 2, 0),
(5450, 5450, 28, 572, 72, 3, 0),
(5451, 5451, 28, 572, 72, 4, 0),
(5452, 5452, 28, 572, 72, 5, 0),
(5453, 5453, 28, 572, 72, 6, 0),
(5454, 5454, 28, 572, 72, 7, 0),
(5455, 5455, 28, 572, 72, 8, 0),
(5456, 5456, 28, 572, 72, 9, 0),
(5457, 5457, 28, 572, 72, 10, 0),
(5458, 5458, 28, 572, 72, 11, 0),
(5459, 5459, 28, 572, 72, 12, 0),
(5460, 5460, 28, 572, 72, 13, 0),
(5461, 5461, 28, 573, 72, 14, 0),
(5462, 5462, 28, 573, 72, 15, 0),
(5463, 5463, 28, 573, 72, 16, 0),
(5464, 5464, 28, 573, 72, 17, 0),
(5465, 5465, 28, 573, 72, 18, 0),
(5466, 5466, 28, 573, 72, 19, 0),
(5467, 5467, 28, 573, 72, 20, 0),
(5468, 5468, 28, 573, 72, 21, 0),
(5469, 5469, 28, 573, 72, 22, 0),
(5470, 5470, 28, 573, 72, 23, 0),
(5471, 5471, 28, 573, 72, 24, 1),
(5472, 5472, 28, 573, 72, 25, 0),
(5473, 5473, 28, 573, 72, 26, 0),
(5474, 5474, 28, 573, 72, 27, 0),
(5475, 5475, 28, 573, 72, 28, 0),
(5476, 5476, 28, 574, 73, 1, 0),
(5477, 5477, 28, 574, 73, 2, 0),
(5478, 5478, 28, 574, 73, 3, 0),
(5479, 5479, 28, 574, 73, 4, 0),
(5480, 5480, 28, 574, 73, 5, 0),
(5481, 5481, 28, 574, 73, 6, 0),
(5482, 5482, 28, 574, 73, 7, 0),
(5483, 5483, 28, 574, 73, 8, 1),
(5484, 5484, 28, 574, 73, 9, 0),
(5485, 5485, 28, 574, 73, 10, 1),
(5486, 5486, 28, 574, 73, 11, 0),
(5487, 5487, 28, 574, 73, 12, 0),
(5488, 5488, 28, 574, 73, 13, 0),
(5489, 5489, 28, 574, 73, 14, 0),
(5490, 5490, 28, 574, 73, 15, 0),
(5491, 5491, 28, 574, 73, 16, 0),
(5492, 5492, 28, 574, 73, 17, 0),
(5493, 5493, 28, 574, 73, 18, 0),
(5494, 5494, 28, 574, 73, 19, 0),
(5495, 5495, 28, 575, 73, 20, 0),
(5496, 5496, 28, 575, 74, 1, 0),
(5497, 5497, 28, 575, 74, 2, 0),
(5498, 5498, 28, 575, 74, 3, 0),
(5499, 5499, 28, 575, 74, 4, 0),
(5500, 5500, 28, 575, 74, 5, 0),
(5501, 5501, 28, 575, 74, 6, 0),
(5502, 5502, 28, 575, 74, 7, 0),
(5503, 5503, 28, 575, 74, 8, 0),
(5504, 5504, 28, 575, 74, 9, 0),
(5505, 5505, 28, 575, 74, 10, 0),
(5506, 5506, 28, 575, 74, 11, 0),
(5507, 5507, 28, 575, 74, 12, 0),
(5508, 5508, 28, 575, 74, 13, 0),
(5509, 5509, 28, 575, 74, 14, 0),
(5510, 5510, 28, 575, 74, 15, 0),
(5511, 5511, 28, 575, 74, 16, 0),
(5512, 5512, 28, 575, 74, 17, 0),
(5513, 5513, 28, 576, 74, 18, 0),
(5514, 5514, 28, 576, 74, 19, 0),
(5515, 5515, 28, 576, 74, 20, 0),
(5516, 5516, 28, 576, 74, 21, 0),
(5517, 5517, 28, 576, 74, 22, 0),
(5518, 5518, 28, 576, 74, 23, 0),
(5519, 5519, 28, 576, 74, 24, 0),
(5520, 5520, 28, 576, 74, 25, 0),
(5521, 5521, 28, 576, 74, 26, 0),
(5522, 5522, 28, 576, 74, 27, 0),
(5523, 5523, 28, 576, 74, 28, 0),
(5524, 5524, 28, 576, 74, 29, 0),
(5525, 5525, 28, 576, 74, 30, 0),
(5526, 5526, 28, 576, 74, 31, 0),
(5527, 5527, 28, 576, 74, 32, 0),
(5528, 5528, 28, 576, 74, 33, 0),
(5529, 5529, 28, 576, 74, 34, 0),
(5530, 5530, 28, 576, 74, 35, 0),
(5531, 5531, 28, 576, 74, 36, 0),
(5532, 5532, 28, 576, 74, 37, 0),
(5533, 5533, 28, 576, 74, 38, 0),
(5534, 5534, 28, 576, 74, 39, 0),
(5535, 5535, 28, 576, 74, 40, 0),
(5536, 5536, 28, 576, 74, 41, 0),
(5537, 5537, 28, 576, 74, 42, 0),
(5538, 5538, 28, 576, 74, 43, 0),
(5539, 5539, 28, 576, 74, 44, 0),
(5540, 5540, 28, 576, 74, 45, 0),
(5541, 5541, 28, 576, 74, 46, 0),
(5542, 5542, 28, 576, 74, 47, 0),
(5543, 5543, 28, 577, 74, 48, 0),
(5544, 5544, 28, 577, 74, 49, 0),
(5545, 5545, 28, 577, 74, 50, 0),
(5546, 5546, 28, 577, 74, 51, 0),
(5547, 5547, 28, 577, 74, 52, 0),
(5548, 5548, 28, 577, 74, 53, 0),
(5549, 5549, 28, 577, 74, 54, 1),
(5550, 5550, 28, 577, 74, 55, 0),
(5551, 5551, 28, 577, 74, 56, 0),
(5552, 5552, 28, 577, 75, 1, 0),
(5553, 5553, 28, 577, 75, 2, 0),
(5554, 5554, 28, 577, 75, 3, 0),
(5555, 5555, 28, 577, 75, 4, 0),
(5556, 5556, 28, 577, 75, 5, 0),
(5557, 5557, 28, 577, 75, 6, 0),
(5558, 5558, 28, 577, 75, 7, 0),
(5559, 5559, 28, 577, 75, 8, 0),
(5560, 5560, 28, 577, 75, 9, 0),
(5561, 5561, 28, 577, 75, 10, 0),
(5562, 5562, 28, 577, 75, 11, 0),
(5563, 5563, 28, 577, 75, 12, 0),
(5564, 5564, 28, 577, 75, 13, 0),
(5565, 5565, 28, 577, 75, 14, 0),
(5566, 5566, 28, 577, 75, 15, 0),
(5567, 5567, 28, 577, 75, 16, 0),
(5568, 5568, 28, 577, 75, 17, 0),
(5569, 5569, 28, 577, 75, 18, 0),
(5570, 5570, 28, 577, 75, 19, 0),
(5571, 5571, 28, 578, 75, 20, 0),
(5572, 5572, 28, 578, 75, 21, 0),
(5573, 5573, 28, 578, 75, 22, 0),
(5574, 5574, 28, 578, 75, 23, 0),
(5575, 5575, 28, 578, 75, 24, 0),
(5576, 5576, 28, 578, 75, 25, 0),
(5577, 5577, 28, 578, 75, 26, 0),
(5578, 5578, 28, 578, 75, 27, 0),
(5579, 5579, 28, 578, 75, 28, 0),
(5580, 5580, 28, 578, 75, 29, 0),
(5581, 5581, 28, 578, 75, 30, 0),
(5582, 5582, 28, 578, 75, 31, 0),
(5583, 5583, 28, 578, 75, 32, 0),
(5584, 5584, 28, 578, 75, 33, 0),
(5585, 5585, 28, 578, 75, 34, 0),
(5586, 5586, 28, 578, 75, 35, 0),
(5587, 5587, 28, 578, 75, 36, 0),
(5588, 5588, 28, 578, 75, 37, 0),
(5589, 5589, 28, 578, 75, 38, 0),
(5590, 5590, 28, 578, 75, 39, 0),
(5591, 5591, 28, 578, 75, 40, 1),
(5592, 5592, 28, 578, 76, 1, 1),
(5593, 5593, 28, 578, 76, 2, 0),
(5594, 5594, 28, 578, 76, 3, 0),
(5595, 5595, 28, 578, 76, 4, 0),
(5596, 5596, 28, 578, 76, 5, 0),
(5597, 5597, 28, 579, 76, 6, 0),
(5598, 5598, 28, 579, 76, 7, 0),
(5599, 5599, 28, 579, 76, 8, 0),
(5600, 5600, 28, 579, 76, 9, 0),
(5601, 5601, 28, 579, 76, 10, 0),
(5602, 5602, 28, 579, 76, 11, 0),
(5603, 5603, 28, 579, 76, 12, 0),
(5604, 5604, 28, 579, 76, 13, 0),
(5605, 5605, 28, 579, 76, 14, 0),
(5606, 5606, 28, 579, 76, 15, 0),
(5607, 5607, 28, 579, 76, 16, 0),
(5608, 5608, 28, 579, 76, 17, 0),
(5609, 5609, 28, 579, 76, 18, 0),
(5610, 5610, 28, 579, 76, 19, 1),
(5611, 5611, 28, 579, 76, 20, 0),
(5612, 5612, 28, 579, 76, 21, 0),
(5613, 5613, 28, 579, 76, 22, 0),
(5614, 5614, 28, 579, 76, 23, 0),
(5615, 5615, 28, 579, 76, 24, 0),
(5616, 5616, 28, 579, 76, 25, 1),
(5617, 5617, 28, 580, 76, 26, 0),
(5618, 5618, 28, 580, 76, 27, 0),
(5619, 5619, 28, 580, 76, 28, 0),
(5620, 5620, 28, 580, 76, 29, 0),
(5621, 5621, 28, 580, 76, 30, 0),
(5622, 5622, 28, 580, 76, 31, 0),
(5623, 5623, 28, 580, 77, 1, 0),
(5624, 5624, 28, 580, 77, 2, 0),
(5625, 5625, 28, 580, 77, 3, 0),
(5626, 5626, 28, 580, 77, 4, 0),
(5627, 5627, 28, 580, 77, 5, 0),
(5628, 5628, 28, 580, 77, 6, 0),
(5629, 5629, 28, 580, 77, 7, 1),
(5630, 5630, 28, 580, 77, 8, 0),
(5631, 5631, 28, 580, 77, 9, 0),
(5632, 5632, 28, 580, 77, 10, 0),
(5633, 5633, 28, 580, 77, 11, 0),
(5634, 5634, 28, 580, 77, 12, 0),
(5635, 5635, 28, 580, 77, 13, 0),
(5636, 5636, 28, 580, 77, 14, 0),
(5637, 5637, 28, 580, 77, 15, 0),
(5638, 5638, 28, 580, 77, 16, 0),
(5639, 5639, 28, 580, 77, 17, 0),
(5640, 5640, 28, 580, 77, 18, 0),
(5641, 5641, 28, 580, 77, 19, 0),
(5642, 5642, 28, 581, 77, 20, 0),
(5643, 5643, 28, 581, 77, 21, 0),
(5644, 5644, 28, 581, 77, 22, 0),
(5645, 5645, 28, 581, 77, 23, 0),
(5646, 5646, 28, 581, 77, 24, 0),
(5647, 5647, 28, 581, 77, 25, 0),
(5648, 5648, 28, 581, 77, 26, 0),
(5649, 5649, 28, 581, 77, 27, 0),
(5650, 5650, 28, 581, 77, 28, 0),
(5651, 5651, 28, 581, 77, 29, 0),
(5652, 5652, 28, 581, 77, 30, 0),
(5653, 5653, 28, 581, 77, 31, 0),
(5654, 5654, 28, 581, 77, 32, 0),
(5655, 5655, 28, 581, 77, 33, 0),
(5656, 5656, 28, 581, 77, 34, 0),
(5657, 5657, 28, 581, 77, 35, 0),
(5658, 5658, 28, 581, 77, 36, 0),
(5659, 5659, 28, 581, 77, 37, 0),
(5660, 5660, 28, 581, 77, 38, 0),
(5661, 5661, 28, 581, 77, 39, 0),
(5662, 5662, 28, 581, 77, 40, 0),
(5663, 5663, 28, 581, 77, 41, 1),
(5664, 5664, 28, 581, 77, 42, 0),
(5665, 5665, 28, 581, 77, 43, 1),
(5666, 5666, 28, 581, 77, 44, 0),
(5667, 5667, 28, 581, 77, 45, 0),
(5668, 5668, 28, 581, 77, 46, 0),
(5669, 5669, 28, 581, 77, 47, 0),
(5670, 5670, 28, 581, 77, 48, 0),
(5671, 5671, 28, 581, 77, 49, 0),
(5672, 5672, 28, 581, 77, 50, 0),
(5673, 5673, 30, 582, 78, 1, 0),
(5674, 5674, 30, 582, 78, 2, 0),
(5675, 5675, 30, 582, 78, 3, 0),
(5676, 5676, 30, 582, 78, 4, 0),
(5677, 5677, 30, 582, 78, 5, 0),
(5678, 5678, 30, 582, 78, 6, 0),
(5679, 5679, 30, 582, 78, 7, 0),
(5680, 5680, 30, 582, 78, 8, 0),
(5681, 5681, 30, 582, 78, 9, 0),
(5682, 5682, 30, 582, 78, 10, 0),
(5683, 5683, 30, 582, 78, 11, 0),
(5684, 5684, 30, 582, 78, 12, 0),
(5685, 5685, 30, 582, 78, 13, 0),
(5686, 5686, 30, 582, 78, 14, 0),
(5687, 5687, 30, 582, 78, 15, 0),
(5688, 5688, 30, 582, 78, 16, 0),
(5689, 5689, 30, 582, 78, 17, 0),
(5690, 5690, 30, 582, 78, 18, 1),
(5691, 5691, 30, 582, 78, 19, 0),
(5692, 5692, 30, 582, 78, 20, 0),
(5693, 5693, 30, 582, 78, 21, 0),
(5694, 5694, 30, 582, 78, 22, 0),
(5695, 5695, 30, 582, 78, 23, 0),
(5696, 5696, 30, 582, 78, 24, 0),
(5697, 5697, 30, 582, 78, 25, 0),
(5698, 5698, 30, 582, 78, 26, 0),
(5699, 5699, 30, 582, 78, 27, 0),
(5700, 5700, 30, 582, 78, 28, 0),
(5701, 5701, 30, 582, 78, 29, 0),
(5702, 5702, 30, 582, 78, 30, 0),
(5703, 5703, 30, 583, 78, 31, 0),
(5704, 5704, 30, 583, 78, 32, 0),
(5705, 5705, 30, 583, 78, 33, 0),
(5706, 5706, 30, 583, 78, 34, 0),
(5707, 5707, 30, 583, 78, 35, 0),
(5708, 5708, 30, 583, 78, 36, 0),
(5709, 5709, 30, 583, 78, 37, 1),
(5710, 5710, 30, 583, 78, 38, 0),
(5711, 5711, 30, 583, 78, 39, 0),
(5712, 5712, 30, 583, 78, 40, 0),
(5713, 5713, 30, 583, 79, 1, 0),
(5714, 5714, 30, 583, 79, 2, 0),
(5715, 5715, 30, 583, 79, 3, 0),
(5716, 5716, 30, 583, 79, 4, 0),
(5717, 5717, 30, 583, 79, 5, 0),
(5718, 5718, 30, 583, 79, 6, 0),
(5719, 5719, 30, 583, 79, 7, 0),
(5720, 5720, 30, 583, 79, 8, 0),
(5721, 5721, 30, 583, 79, 9, 0),
(5722, 5722, 30, 583, 79, 10, 0),
(5723, 5723, 30, 583, 79, 11, 1),
(5724, 5724, 30, 583, 79, 12, 0),
(5725, 5725, 30, 583, 79, 13, 1),
(5726, 5726, 30, 583, 79, 14, 0),
(5727, 5727, 30, 583, 79, 15, 0),
(5728, 5728, 30, 584, 79, 16, 0),
(5729, 5729, 30, 584, 79, 17, 0),
(5730, 5730, 30, 584, 79, 18, 0),
(5731, 5731, 30, 584, 79, 19, 0),
(5732, 5732, 30, 584, 79, 20, 0),
(5733, 5733, 30, 584, 79, 21, 0),
(5734, 5734, 30, 584, 79, 22, 0),
(5735, 5735, 30, 584, 79, 23, 0),
(5736, 5736, 30, 584, 79, 24, 0),
(5737, 5737, 30, 584, 79, 25, 0),
(5738, 5738, 30, 584, 79, 26, 0),
(5739, 5739, 30, 584, 79, 27, 0),
(5740, 5740, 30, 584, 79, 28, 0),
(5741, 5741, 30, 584, 79, 29, 0),
(5742, 5742, 30, 584, 79, 30, 0),
(5743, 5743, 30, 584, 79, 31, 0),
(5744, 5744, 30, 584, 79, 32, 0),
(5745, 5745, 30, 584, 79, 33, 0),
(5746, 5746, 30, 584, 79, 34, 0),
(5747, 5747, 30, 584, 79, 35, 0),
(5748, 5748, 30, 584, 79, 36, 0),
(5749, 5749, 30, 584, 79, 37, 0),
(5750, 5750, 30, 584, 79, 38, 0),
(5751, 5751, 30, 584, 79, 39, 0),
(5752, 5752, 30, 584, 79, 40, 0),
(5753, 5753, 30, 584, 79, 41, 0),
(5754, 5754, 30, 584, 79, 42, 1),
(5755, 5755, 30, 584, 79, 43, 0),
(5756, 5756, 30, 584, 79, 44, 0),
(5757, 5757, 30, 584, 79, 45, 0),
(5758, 5758, 30, 584, 79, 46, 0),
(5759, 5759, 30, 585, 80, 1, 0),
(5760, 5760, 30, 585, 80, 2, 0),
(5761, 5761, 30, 585, 80, 3, 0),
(5762, 5762, 30, 585, 80, 4, 0),
(5763, 5763, 30, 585, 80, 5, 0),
(5764, 5764, 30, 585, 80, 6, 0),
(5765, 5765, 30, 585, 80, 7, 0),
(5766, 5766, 30, 585, 80, 8, 0),
(5767, 5767, 30, 585, 80, 9, 0),
(5768, 5768, 30, 585, 80, 10, 0),
(5769, 5769, 30, 585, 80, 11, 1),
(5770, 5770, 30, 585, 80, 12, 0),
(5771, 5771, 30, 585, 80, 13, 0),
(5772, 5772, 30, 585, 80, 14, 0),
(5773, 5773, 30, 585, 80, 15, 0),
(5774, 5774, 30, 585, 80, 16, 0),
(5775, 5775, 30, 585, 80, 17, 0),
(5776, 5776, 30, 585, 80, 18, 0),
(5777, 5777, 30, 585, 80, 19, 0),
(5778, 5778, 30, 585, 80, 20, 0),
(5779, 5779, 30, 585, 80, 21, 0),
(5780, 5780, 30, 585, 80, 22, 0),
(5781, 5781, 30, 585, 80, 23, 0),
(5782, 5782, 30, 585, 80, 24, 0),
(5783, 5783, 30, 585, 80, 25, 0),
(5784, 5784, 30, 585, 80, 26, 0),
(5785, 5785, 30, 585, 80, 27, 0),
(5786, 5786, 30, 585, 80, 28, 0),
(5787, 5787, 30, 585, 80, 29, 0),
(5788, 5788, 30, 585, 80, 30, 0),
(5789, 5789, 30, 585, 80, 31, 0),
(5790, 5790, 30, 585, 80, 32, 0),
(5791, 5791, 30, 585, 80, 33, 0),
(5792, 5792, 30, 585, 80, 34, 0),
(5793, 5793, 30, 585, 80, 35, 0),
(5794, 5794, 30, 585, 80, 36, 1),
(5795, 5795, 30, 585, 80, 37, 0),
(5796, 5796, 30, 585, 80, 38, 0),
(5797, 5797, 30, 585, 80, 39, 0),
(5798, 5798, 30, 585, 80, 40, 0),
(5799, 5799, 30, 585, 80, 41, 0),
(5800, 5800, 30, 585, 80, 42, 0),
(5801, 5801, 30, 586, 81, 1, 0),
(5802, 5802, 30, 586, 81, 2, 0),
(5803, 5803, 30, 586, 81, 3, 0),
(5804, 5804, 30, 586, 81, 4, 0),
(5805, 5805, 30, 586, 81, 5, 0),
(5806, 5806, 30, 586, 81, 6, 0),
(5807, 5807, 30, 586, 81, 7, 0),
(5808, 5808, 30, 586, 81, 8, 0),
(5809, 5809, 30, 586, 81, 9, 0),
(5810, 5810, 30, 586, 81, 10, 0),
(5811, 5811, 30, 586, 81, 11, 0),
(5812, 5812, 30, 586, 81, 12, 0),
(5813, 5813, 30, 586, 81, 13, 0),
(5814, 5814, 30, 586, 81, 14, 1),
(5815, 5815, 30, 586, 81, 15, 0),
(5816, 5816, 30, 586, 81, 16, 0),
(5817, 5817, 30, 586, 81, 17, 0),
(5818, 5818, 30, 586, 81, 18, 0),
(5819, 5819, 30, 586, 81, 19, 0),
(5820, 5820, 30, 586, 81, 20, 0),
(5821, 5821, 30, 586, 81, 21, 0),
(5822, 5822, 30, 586, 81, 22, 0),
(5823, 5823, 30, 586, 81, 23, 0),
(5824, 5824, 30, 586, 81, 24, 0),
(5825, 5825, 30, 586, 81, 25, 0),
(5826, 5826, 30, 586, 81, 26, 0),
(5827, 5827, 30, 586, 81, 27, 0),
(5828, 5828, 30, 586, 81, 28, 0),
(5829, 5829, 30, 586, 81, 29, 0),
(5830, 5830, 30, 587, 82, 1, 1),
(5831, 5831, 30, 587, 82, 2, 0),
(5832, 5832, 30, 587, 82, 3, 0),
(5833, 5833, 30, 587, 82, 4, 0),
(5834, 5834, 30, 587, 82, 5, 1),
(5835, 5835, 30, 587, 82, 6, 1),
(5836, 5836, 30, 587, 82, 7, 0),
(5837, 5837, 30, 587, 82, 8, 0),
(5838, 5838, 30, 587, 82, 9, 0),
(5839, 5839, 30, 587, 82, 10, 0),
(5840, 5840, 30, 587, 82, 11, 0),
(5841, 5841, 30, 587, 82, 12, 0),
(5842, 5842, 30, 587, 82, 13, 0),
(5843, 5843, 30, 587, 82, 14, 0),
(5844, 5844, 30, 587, 82, 15, 0),
(5845, 5845, 30, 587, 82, 16, 0),
(5846, 5846, 30, 587, 82, 17, 0),
(5847, 5847, 30, 587, 82, 18, 0),
(5848, 5848, 30, 587, 82, 19, 0),
(5849, 5849, 30, 587, 83, 1, 0),
(5850, 5850, 30, 587, 83, 2, 0),
(5851, 5851, 30, 587, 83, 3, 0),
(5852, 5852, 30, 587, 83, 4, 0),
(5853, 5853, 30, 587, 83, 5, 0),
(5854, 5854, 30, 587, 83, 6, 0),
(5855, 5855, 30, 588, 83, 7, 0),
(5856, 5856, 30, 588, 83, 8, 0),
(5857, 5857, 30, 588, 83, 9, 0),
(5858, 5858, 30, 588, 83, 10, 0),
(5859, 5859, 30, 588, 83, 11, 0),
(5860, 5860, 30, 588, 83, 12, 0),
(5861, 5861, 30, 588, 83, 13, 1),
(5862, 5862, 30, 588, 83, 14, 0),
(5863, 5863, 30, 588, 83, 15, 0),
(5864, 5864, 30, 588, 83, 16, 0),
(5865, 5865, 30, 588, 83, 17, 0),
(5866, 5866, 30, 588, 83, 18, 0),
(5867, 5867, 30, 588, 83, 19, 0),
(5868, 5868, 30, 588, 83, 20, 0),
(5869, 5869, 30, 588, 83, 21, 0),
(5870, 5870, 30, 588, 83, 22, 0),
(5871, 5871, 30, 588, 83, 23, 0),
(5872, 5872, 30, 588, 83, 24, 0),
(5873, 5873, 30, 588, 83, 25, 0),
(5874, 5874, 30, 588, 83, 26, 0),
(5875, 5875, 30, 588, 83, 27, 0),
(5876, 5876, 30, 588, 83, 28, 0),
(5877, 5877, 30, 588, 83, 29, 0),
(5878, 5878, 30, 588, 83, 30, 0),
(5879, 5879, 30, 588, 83, 31, 0),
(5880, 5880, 30, 588, 83, 32, 0),
(5881, 5881, 30, 588, 83, 33, 0),
(5882, 5882, 30, 588, 83, 34, 0),
(5883, 5883, 30, 589, 83, 35, 0),
(5884, 5884, 30, 589, 83, 36, 0),
(5885, 5885, 30, 589, 84, 1, 1),
(5886, 5886, 30, 589, 84, 2, 0),
(5887, 5887, 30, 589, 84, 3, 0),
(5888, 5888, 30, 589, 84, 4, 0),
(5889, 5889, 30, 589, 84, 5, 0),
(5890, 5890, 30, 589, 84, 6, 1),
(5891, 5891, 30, 589, 84, 7, 0),
(5892, 5892, 30, 589, 84, 8, 0),
(5893, 5893, 30, 589, 84, 9, 0),
(5894, 5894, 30, 589, 84, 10, 0),
(5895, 5895, 30, 589, 84, 11, 0),
(5896, 5896, 30, 589, 84, 12, 0),
(5897, 5897, 30, 589, 84, 13, 0),
(5898, 5898, 30, 589, 84, 14, 0),
(5899, 5899, 30, 589, 84, 15, 0),
(5900, 5900, 30, 589, 84, 16, 0),
(5901, 5901, 30, 589, 84, 17, 0),
(5902, 5902, 30, 589, 84, 18, 0),
(5903, 5903, 30, 589, 84, 19, 0),
(5904, 5904, 30, 589, 84, 20, 0),
(5905, 5905, 30, 589, 84, 21, 0),
(5906, 5906, 30, 589, 84, 22, 0),
(5907, 5907, 30, 589, 84, 23, 0),
(5908, 5908, 30, 589, 84, 24, 0),
(5909, 5909, 30, 589, 84, 25, 1),
(5910, 5910, 30, 590, 85, 1, 1),
(5911, 5911, 30, 590, 85, 2, 0),
(5912, 5912, 30, 590, 85, 3, 0),
(5913, 5913, 30, 590, 85, 4, 0),
(5914, 5914, 30, 590, 85, 5, 0),
(5915, 5915, 30, 590, 85, 6, 0),
(5916, 5916, 30, 590, 85, 7, 0),
(5917, 5917, 30, 590, 85, 8, 0),
(5918, 5918, 30, 590, 85, 9, 0),
(5919, 5919, 30, 590, 85, 10, 0),
(5920, 5920, 30, 590, 85, 11, 1),
(5921, 5921, 30, 590, 85, 12, 0),
(5922, 5922, 30, 590, 85, 13, 0),
(5923, 5923, 30, 590, 85, 14, 0),
(5924, 5924, 30, 590, 85, 15, 0),
(5925, 5925, 30, 590, 85, 16, 0),
(5926, 5926, 30, 590, 85, 17, 0),
(5927, 5927, 30, 590, 85, 18, 0),
(5928, 5928, 30, 590, 85, 19, 0),
(5929, 5929, 30, 590, 85, 20, 0),
(5930, 5930, 30, 590, 85, 21, 0),
(5931, 5931, 30, 590, 85, 22, 0),
(5932, 5932, 30, 591, 86, 1, 1),
(5933, 5933, 30, 591, 86, 2, 0),
(5934, 5934, 30, 591, 86, 3, 0),
(5935, 5935, 30, 591, 86, 4, 0),
(5936, 5936, 30, 591, 86, 5, 0),
(5937, 5937, 30, 591, 86, 6, 0),
(5938, 5938, 30, 591, 86, 7, 0),
(5939, 5939, 30, 591, 86, 8, 0),
(5940, 5940, 30, 591, 86, 9, 0),
(5941, 5941, 30, 591, 86, 10, 0),
(5942, 5942, 30, 591, 86, 11, 0),
(5943, 5943, 30, 591, 86, 12, 0),
(5944, 5944, 30, 591, 86, 13, 0),
(5945, 5945, 30, 591, 86, 14, 0),
(5946, 5946, 30, 591, 86, 15, 0),
(5947, 5947, 30, 591, 86, 16, 0),
(5948, 5948, 30, 591, 86, 17, 0),
(5949, 5949, 30, 591, 87, 1, 0),
(5950, 5950, 30, 591, 87, 2, 0),
(5951, 5951, 30, 591, 87, 3, 0),
(5952, 5952, 30, 591, 87, 4, 0),
(5953, 5953, 30, 591, 87, 5, 0),
(5954, 5954, 30, 591, 87, 6, 0),
(5955, 5955, 30, 591, 87, 7, 0),
(5956, 5956, 30, 591, 87, 8, 0),
(5957, 5957, 30, 591, 87, 9, 0),
(5958, 5958, 30, 591, 87, 10, 0),
(5959, 5959, 30, 591, 87, 11, 0),
(5960, 5960, 30, 591, 87, 12, 0),
(5961, 5961, 30, 591, 87, 13, 0),
(5962, 5962, 30, 591, 87, 14, 0),
(5963, 5963, 30, 591, 87, 15, 0),
(5964, 5964, 30, 592, 87, 16, 0),
(5965, 5965, 30, 592, 87, 17, 0),
(5966, 5966, 30, 592, 87, 18, 0),
(5967, 5967, 30, 592, 87, 19, 0),
(5968, 5968, 30, 592, 88, 1, 1),
(5969, 5969, 30, 592, 88, 2, 0),
(5970, 5970, 30, 592, 88, 3, 0),
(5971, 5971, 30, 592, 88, 4, 0),
(5972, 5972, 30, 592, 88, 5, 0),
(5973, 5973, 30, 592, 88, 6, 0),
(5974, 5974, 30, 592, 88, 7, 0),
(5975, 5975, 30, 592, 88, 8, 0),
(5976, 5976, 30, 592, 88, 9, 0),
(5977, 5977, 30, 592, 88, 10, 0),
(5978, 5978, 30, 592, 88, 11, 0),
(5979, 5979, 30, 592, 88, 12, 0),
(5980, 5980, 30, 592, 88, 13, 0),
(5981, 5981, 30, 592, 88, 14, 0),
(5982, 5982, 30, 592, 88, 15, 0),
(5983, 5983, 30, 592, 88, 16, 0),
(5984, 5984, 30, 592, 88, 17, 0),
(5985, 5985, 30, 592, 88, 18, 0),
(5986, 5986, 30, 592, 88, 19, 0),
(5987, 5987, 30, 592, 88, 20, 0),
(5988, 5988, 30, 592, 88, 21, 0),
(5989, 5989, 30, 592, 88, 22, 0),
(5990, 5990, 30, 592, 88, 23, 0),
(5991, 5991, 30, 592, 88, 24, 0),
(5992, 5992, 30, 592, 88, 25, 0),
(5993, 5993, 30, 592, 88, 26, 0),
(5994, 5994, 30, 593, 89, 1, 0),
(5995, 5995, 30, 593, 89, 2, 0),
(5996, 5996, 30, 593, 89, 3, 0),
(5997, 5997, 30, 593, 89, 4, 0),
(5998, 5998, 30, 593, 89, 5, 0),
(5999, 5999, 30, 593, 89, 6, 0),
(6000, 6000, 30, 593, 89, 7, 0),
(6001, 6001, 30, 593, 89, 8, 0),
(6002, 6002, 30, 593, 89, 9, 0),
(6003, 6003, 30, 593, 89, 10, 0),
(6004, 6004, 30, 593, 89, 11, 0),
(6005, 6005, 30, 593, 89, 12, 0),
(6006, 6006, 30, 593, 89, 13, 0),
(6007, 6007, 30, 593, 89, 14, 0),
(6008, 6008, 30, 593, 89, 15, 0),
(6009, 6009, 30, 593, 89, 16, 0),
(6010, 6010, 30, 593, 89, 17, 0),
(6011, 6011, 30, 593, 89, 18, 0),
(6012, 6012, 30, 593, 89, 19, 0),
(6013, 6013, 30, 593, 89, 20, 0),
(6014, 6014, 30, 593, 89, 21, 0),
(6015, 6015, 30, 593, 89, 22, 0),
(6016, 6016, 30, 593, 89, 23, 0),
(6017, 6017, 30, 594, 89, 24, 0),
(6018, 6018, 30, 594, 89, 25, 0),
(6019, 6019, 30, 594, 89, 26, 0),
(6020, 6020, 30, 594, 89, 27, 0),
(6021, 6021, 30, 594, 89, 28, 0),
(6022, 6022, 30, 594, 89, 29, 0),
(6023, 6023, 30, 594, 89, 30, 0),
(6024, 6024, 30, 594, 90, 1, 1),
(6025, 6025, 30, 594, 90, 2, 0),
(6026, 6026, 30, 594, 90, 3, 0),
(6027, 6027, 30, 594, 90, 4, 0),
(6028, 6028, 30, 594, 90, 5, 0),
(6029, 6029, 30, 594, 90, 6, 0),
(6030, 6030, 30, 594, 90, 7, 0),
(6031, 6031, 30, 594, 90, 8, 0),
(6032, 6032, 30, 594, 90, 9, 0),
(6033, 6033, 30, 594, 90, 10, 0),
(6034, 6034, 30, 594, 90, 11, 0),
(6035, 6035, 30, 594, 90, 12, 0),
(6036, 6036, 30, 594, 90, 13, 0),
(6037, 6037, 30, 594, 90, 14, 0),
(6038, 6038, 30, 594, 90, 15, 0),
(6039, 6039, 30, 594, 90, 16, 0),
(6040, 6040, 30, 594, 90, 17, 0),
(6041, 6041, 30, 594, 90, 18, 0),
(6042, 6042, 30, 594, 90, 19, 0),
(6043, 6043, 30, 594, 90, 20, 0),
(6044, 6044, 30, 595, 91, 1, 0),
(6045, 6045, 30, 595, 91, 2, 0),
(6046, 6046, 30, 595, 91, 3, 0),
(6047, 6047, 30, 595, 91, 4, 0),
(6048, 6048, 30, 595, 91, 5, 0),
(6049, 6049, 30, 595, 91, 6, 0),
(6050, 6050, 30, 595, 91, 7, 0),
(6051, 6051, 30, 595, 91, 8, 0),
(6052, 6052, 30, 595, 91, 9, 0),
(6053, 6053, 30, 595, 91, 10, 0),
(6054, 6054, 30, 595, 91, 11, 0),
(6055, 6055, 30, 595, 91, 12, 0),
(6056, 6056, 30, 595, 91, 13, 0),
(6057, 6057, 30, 595, 91, 14, 1),
(6058, 6058, 30, 595, 91, 15, 0),
(6059, 6059, 30, 595, 92, 1, 0),
(6060, 6060, 30, 595, 92, 2, 0),
(6061, 6061, 30, 595, 92, 3, 0),
(6062, 6062, 30, 595, 92, 4, 0),
(6063, 6063, 30, 595, 92, 5, 0),
(6064, 6064, 30, 595, 92, 6, 0),
(6065, 6065, 30, 595, 92, 7, 0),
(6066, 6066, 30, 595, 92, 8, 0),
(6067, 6067, 30, 595, 92, 9, 0),
(6068, 6068, 30, 595, 92, 10, 0),
(6069, 6069, 30, 595, 92, 11, 0),
(6070, 6070, 30, 595, 92, 12, 0),
(6071, 6071, 30, 595, 92, 13, 0),
(6072, 6072, 30, 595, 92, 14, 0),
(6073, 6073, 30, 596, 92, 15, 0),
(6074, 6074, 30, 596, 92, 16, 0),
(6075, 6075, 30, 596, 92, 17, 0),
(6076, 6076, 30, 596, 92, 18, 0),
(6077, 6077, 30, 596, 92, 19, 0),
(6078, 6078, 30, 596, 92, 20, 0),
(6079, 6079, 30, 596, 92, 21, 0),
(6080, 6080, 30, 596, 93, 1, 0),
(6081, 6081, 30, 596, 93, 2, 0),
(6082, 6082, 30, 596, 93, 3, 0),
(6083, 6083, 30, 596, 93, 4, 0),
(6084, 6084, 30, 596, 93, 5, 0),
(6085, 6085, 30, 596, 93, 6, 0),
(6086, 6086, 30, 596, 93, 7, 0),
(6087, 6087, 30, 596, 93, 8, 0),
(6088, 6088, 30, 596, 93, 9, 0),
(6089, 6089, 30, 596, 93, 10, 0),
(6090, 6090, 30, 596, 93, 11, 0),
(6091, 6091, 30, 596, 94, 1, 0),
(6092, 6092, 30, 596, 94, 2, 0),
(6093, 6093, 30, 596, 94, 3, 0),
(6094, 6094, 30, 596, 94, 4, 0),
(6095, 6095, 30, 596, 94, 5, 0),
(6096, 6096, 30, 596, 94, 6, 0),
(6097, 6097, 30, 596, 94, 7, 0),
(6098, 6098, 30, 596, 94, 8, 0),
(6099, 6099, 30, 597, 95, 1, 0),
(6100, 6100, 30, 597, 95, 2, 0),
(6101, 6101, 30, 597, 95, 3, 0),
(6102, 6102, 30, 597, 95, 4, 0),
(6103, 6103, 30, 597, 95, 5, 0),
(6104, 6104, 30, 597, 95, 6, 1),
(6105, 6105, 30, 597, 95, 7, 0),
(6106, 6106, 30, 597, 95, 8, 0),
(6107, 6107, 30, 597, 96, 1, 0),
(6108, 6108, 30, 597, 96, 2, 0),
(6109, 6109, 30, 597, 96, 3, 0),
(6110, 6110, 30, 597, 96, 4, 0),
(6111, 6111, 30, 597, 96, 5, 0),
(6112, 6112, 30, 597, 96, 6, 0),
(6113, 6113, 30, 597, 96, 7, 0),
(6114, 6114, 30, 597, 96, 8, 0),
(6115, 6115, 30, 597, 96, 9, 0),
(6116, 6116, 30, 597, 96, 10, 0),
(6117, 6117, 30, 597, 96, 11, 0),
(6118, 6118, 30, 597, 96, 12, 0),
(6119, 6119, 30, 597, 96, 13, 0),
(6120, 6120, 30, 597, 96, 14, 0),
(6121, 6121, 30, 597, 96, 15, 0),
(6122, 6122, 30, 597, 96, 16, 0),
(6123, 6123, 30, 597, 96, 17, 0),
(6124, 6124, 30, 597, 96, 18, 0),
(6125, 6125, 30, 597, 96, 19, 0),
(6126, 6126, 30, 598, 97, 1, 1),
(6127, 6127, 30, 598, 97, 2, 0),
(6128, 6128, 30, 598, 97, 3, 0),
(6129, 6129, 30, 598, 97, 4, 0),
(6130, 6130, 30, 598, 97, 5, 0),
(6131, 6131, 30, 598, 98, 1, 0),
(6132, 6132, 30, 598, 98, 2, 0),
(6133, 6133, 30, 598, 98, 3, 0),
(6134, 6134, 30, 598, 98, 4, 0),
(6135, 6135, 30, 598, 98, 5, 1),
(6136, 6136, 30, 598, 98, 6, 0),
(6137, 6137, 30, 598, 98, 7, 1),
(6138, 6138, 30, 599, 98, 8, 0),
(6139, 6139, 30, 599, 99, 1, 0),
(6140, 6140, 30, 599, 99, 2, 0),
(6141, 6141, 30, 599, 99, 3, 0),
(6142, 6142, 30, 599, 99, 4, 0),
(6143, 6143, 30, 599, 99, 5, 0),
(6144, 6144, 30, 599, 99, 6, 0),
(6145, 6145, 30, 599, 99, 7, 0),
(6146, 6146, 30, 599, 99, 8, 0),
(6147, 6147, 30, 599, 100, 1, 0),
(6148, 6148, 30, 599, 100, 2, 0),
(6149, 6149, 30, 599, 100, 3, 0),
(6150, 6150, 30, 599, 100, 4, 0),
(6151, 6151, 30, 599, 100, 5, 0),
(6152, 6152, 30, 599, 100, 6, 0),
(6153, 6153, 30, 599, 100, 7, 0),
(6154, 6154, 30, 599, 100, 8, 0),
(6155, 6155, 30, 599, 100, 9, 0),
(6156, 6156, 30, 600, 100, 10, 0),
(6157, 6157, 30, 600, 100, 11, 0),
(6158, 6158, 30, 600, 101, 1, 0),
(6159, 6159, 30, 600, 101, 2, 0),
(6160, 6160, 30, 600, 101, 3, 0),
(6161, 6161, 30, 600, 101, 4, 0),
(6162, 6162, 30, 600, 101, 5, 0),
(6163, 6163, 30, 600, 101, 6, 0),
(6164, 6164, 30, 600, 101, 7, 0),
(6165, 6165, 30, 600, 101, 8, 0),
(6166, 6166, 30, 600, 101, 9, 0),
(6167, 6167, 30, 600, 101, 10, 0),
(6168, 6168, 30, 600, 101, 11, 0),
(6169, 6169, 30, 600, 102, 1, 0),
(6170, 6170, 30, 600, 102, 2, 0),
(6171, 6171, 30, 600, 102, 3, 0),
(6172, 6172, 30, 600, 102, 4, 0),
(6173, 6173, 30, 600, 102, 5, 0),
(6174, 6174, 30, 600, 102, 6, 0),
(6175, 6175, 30, 600, 102, 7, 0),
(6176, 6176, 30, 600, 102, 8, 0),
(6177, 6177, 30, 601, 103, 1, 0),
(6178, 6178, 30, 601, 103, 2, 0),
(6179, 6179, 30, 601, 103, 3, 0),
(6180, 6180, 30, 601, 104, 1, 0),
(6181, 6181, 30, 601, 104, 2, 0),
(6182, 6182, 30, 601, 104, 3, 0),
(6183, 6183, 30, 601, 104, 4, 0),
(6184, 6184, 30, 601, 104, 5, 0),
(6185, 6185, 30, 601, 104, 6, 0),
(6186, 6186, 30, 601, 104, 7, 0),
(6187, 6187, 30, 601, 104, 8, 0),
(6188, 6188, 30, 601, 104, 9, 0),
(6189, 6189, 30, 601, 105, 1, 0),
(6190, 6190, 30, 601, 105, 2, 0),
(6191, 6191, 30, 601, 105, 3, 0),
(6192, 6192, 30, 601, 105, 4, 0),
(6193, 6193, 30, 601, 105, 5, 0),
(6194, 6194, 30, 602, 106, 1, 0),
(6195, 6195, 30, 602, 106, 2, 0),
(6196, 6196, 30, 602, 106, 3, 0),
(6197, 6197, 30, 602, 106, 4, 0),
(6198, 6198, 30, 602, 107, 1, 0),
(6199, 6199, 30, 602, 107, 2, 0),
(6200, 6200, 30, 602, 107, 3, 0),
(6201, 6201, 30, 602, 107, 4, 0),
(6202, 6202, 30, 602, 107, 5, 0),
(6203, 6203, 30, 602, 107, 6, 0),
(6204, 6204, 30, 602, 107, 7, 0),
(6205, 6205, 30, 602, 108, 1, 0),
(6206, 6206, 30, 602, 108, 2, 0),
(6207, 6207, 30, 602, 108, 3, 0),
(6208, 6208, 30, 603, 109, 1, 0),
(6209, 6209, 30, 603, 109, 2, 0),
(6210, 6210, 30, 603, 109, 3, 0),
(6211, 6211, 30, 603, 109, 4, 0),
(6212, 6212, 30, 603, 109, 5, 0),
(6213, 6213, 30, 603, 109, 6, 0),
(6214, 6214, 30, 603, 110, 1, 0),
(6215, 6215, 30, 603, 110, 2, 0),
(6216, 6216, 30, 603, 110, 3, 0),
(6217, 6217, 30, 603, 111, 1, 0),
(6218, 6218, 30, 603, 111, 2, 0),
(6219, 6219, 30, 603, 111, 3, 0),
(6220, 6220, 30, 603, 111, 4, 0),
(6221, 6221, 30, 603, 111, 5, 0),
(6222, 6222, 30, 604, 112, 1, 0),
(6223, 6223, 30, 604, 112, 2, 0),
(6224, 6224, 30, 604, 112, 3, 0),
(6225, 6225, 30, 604, 112, 4, 0),
(6226, 6226, 30, 604, 113, 1, 0),
(6227, 6227, 30, 604, 113, 2, 0),
(6228, 6228, 30, 604, 113, 3, 0),
(6229, 6229, 30, 604, 113, 4, 0),
(6230, 6230, 30, 604, 113, 5, 0),
(6231, 6231, 30, 604, 114, 1, 0),
(6232, 6232, 30, 604, 114, 2, 0),
(6233, 6233, 30, 604, 114, 3, 0),
(6234, 6234, 30, 604, 114, 4, 0),
(6235, 6235, 30, 604, 114, 5, 0),
(6236, 6236, 30, 604, 114, 6, 0);

-- --------------------------------------------------------

--
-- Table structure for table `mushaf_halaman`
--

CREATE TABLE `mushaf_halaman` (
  `id` int(11) NOT NULL,
  `juz` int(11) NOT NULL,
  `halaman` int(11) NOT NULL,
  `surat` int(11) NOT NULL,
  `ayat` int(11) NOT NULL
) ENGINE=InnoDB DEFAULT CHARSET=utf8mb4 COLLATE=utf8mb4_general_ci;

--
-- Dumping data for table `mushaf_halaman`
--

INSERT INTO `mushaf_halaman` (`id`, `juz`, `halaman`, `surat`, `ayat`) VALUES
(322, 1, 1, 1, 1),
(323, 1, 2, 2, 1),
(324, 1, 3, 2, 6),
(325, 1, 4, 2, 17),
(326, 1, 5, 2, 25),
(327, 1, 6, 2, 30),
(328, 1, 7, 2, 38),
(329, 1, 8, 2, 49),
(330, 1, 9, 2, 58),
(331, 1, 10, 2, 62),
(332, 1, 11, 2, 70),
(333, 1, 12, 2, 77),
(334, 1, 13, 2, 84),
(335, 1, 14, 2, 89),
(336, 1, 15, 2, 94),
(337, 1, 16, 2, 102),
(338, 1, 17, 2, 106),
(339, 1, 18, 2, 113),
(340, 1, 19, 2, 120),
(341, 1, 20, 2, 127),
(342, 1, 21, 2, 135),
(343, 2, 22, 2, 142),
(344, 2, 23, 2, 146),
(345, 2, 24, 2, 154),
(346, 2, 25, 2, 164),
(347, 2, 26, 2, 170),
(348, 2, 27, 2, 177),
(349, 2, 28, 2, 182),
(350, 2, 29, 2, 187),
(351, 2, 30, 2, 191),
(352, 2, 31, 2, 197),
(353, 2, 32, 2, 203),
(354, 2, 33, 2, 211),
(355, 2, 34, 2, 216),
(356, 2, 35, 2, 220),
(357, 2, 36, 2, 225),
(358, 2, 37, 2, 231),
(359, 2, 38, 2, 234),
(360, 2, 39, 2, 238),
(361, 2, 40, 2, 246),
(362, 2, 41, 2, 249),
(363, 3, 42, 2, 253),
(364, 3, 43, 2, 257),
(365, 3, 44, 2, 260),
(366, 3, 45, 2, 265),
(367, 3, 46, 2, 270),
(368, 3, 47, 2, 275),
(369, 3, 48, 2, 282),
(370, 3, 49, 2, 283),
(371, 3, 50, 3, 1),
(372, 3, 51, 3, 10),
(373, 3, 52, 3, 16),
(374, 3, 53, 3, 23),
(375, 3, 54, 3, 30),
(376, 3, 55, 3, 38),
(377, 3, 56, 3, 46),
(378, 3, 57, 3, 53),
(379, 3, 58, 3, 62),
(380, 3, 59, 3, 71),
(381, 3, 60, 3, 78),
(382, 3, 61, 3, 84),
(383, 4, 62, 3, 92),
(384, 4, 63, 3, 101),
(385, 4, 64, 3, 109),
(386, 4, 65, 3, 116),
(387, 4, 66, 3, 122),
(388, 4, 67, 3, 133),
(389, 4, 68, 3, 141),
(390, 4, 69, 3, 149),
(391, 4, 70, 3, 154),
(392, 4, 71, 3, 158),
(393, 4, 72, 3, 166),
(394, 4, 73, 3, 174),
(395, 4, 74, 3, 181),
(396, 4, 75, 3, 187),
(397, 4, 76, 3, 195),
(398, 4, 77, 4, 1),
(399, 4, 78, 4, 7),
(400, 4, 79, 4, 12),
(401, 4, 80, 4, 15),
(402, 4, 81, 4, 20),
(403, 5, 82, 4, 24),
(404, 5, 83, 4, 27),
(405, 5, 84, 4, 34),
(406, 5, 85, 4, 38),
(407, 5, 86, 4, 45),
(408, 5, 87, 4, 52),
(409, 5, 88, 4, 60),
(410, 5, 89, 4, 66),
(411, 5, 90, 4, 75),
(412, 5, 91, 4, 80),
(413, 5, 92, 4, 87),
(414, 5, 93, 4, 92),
(415, 5, 94, 4, 95),
(416, 5, 95, 4, 102),
(417, 5, 96, 4, 106),
(418, 5, 97, 4, 114),
(419, 5, 98, 4, 122),
(420, 5, 99, 4, 128),
(421, 5, 100, 4, 135),
(422, 5, 101, 4, 141),
(423, 6, 102, 4, 148),
(424, 6, 103, 4, 155),
(425, 6, 104, 4, 163),
(426, 6, 105, 4, 171),
(427, 6, 106, 4, 176),
(428, 6, 107, 5, 3),
(429, 6, 108, 5, 6),
(430, 6, 109, 5, 10),
(431, 6, 110, 5, 14),
(432, 6, 111, 5, 18),
(433, 6, 112, 5, 24),
(434, 6, 113, 5, 32),
(435, 6, 114, 5, 37),
(436, 6, 115, 5, 42),
(437, 6, 116, 5, 46),
(438, 6, 117, 5, 51),
(439, 6, 118, 5, 58),
(440, 6, 119, 5, 65),
(441, 6, 120, 5, 71),
(442, 6, 121, 5, 77),
(443, 7, 122, 5, 83),
(444, 7, 123, 5, 90),
(445, 7, 124, 5, 96),
(446, 7, 125, 5, 104),
(447, 7, 126, 5, 109),
(448, 7, 127, 5, 114),
(449, 7, 128, 6, 1),
(450, 7, 129, 6, 9),
(451, 7, 130, 6, 19),
(452, 7, 131, 6, 28),
(453, 7, 132, 6, 36),
(454, 7, 133, 6, 45),
(455, 7, 134, 6, 53),
(456, 7, 135, 6, 60),
(457, 7, 136, 6, 69),
(458, 7, 137, 6, 74),
(459, 7, 138, 6, 82),
(460, 7, 139, 6, 91),
(461, 7, 140, 6, 95),
(462, 7, 141, 6, 102),
(463, 8, 142, 6, 111),
(464, 8, 143, 6, 119),
(465, 8, 144, 6, 125),
(466, 8, 145, 6, 132),
(467, 8, 146, 6, 138),
(468, 8, 147, 6, 143),
(469, 8, 148, 6, 147),
(470, 8, 149, 6, 152),
(471, 8, 150, 6, 158),
(472, 8, 151, 7, 1),
(473, 8, 152, 7, 12),
(474, 8, 153, 7, 23),
(475, 8, 154, 7, 31),
(476, 8, 155, 7, 38),
(477, 8, 156, 7, 44),
(478, 8, 157, 7, 52),
(479, 8, 158, 7, 58),
(480, 8, 159, 7, 68),
(481, 8, 160, 7, 74),
(482, 8, 161, 7, 82),
(483, 9, 162, 7, 88),
(484, 9, 163, 7, 96),
(485, 9, 164, 7, 105),
(486, 9, 165, 7, 121),
(487, 9, 166, 7, 131),
(488, 9, 167, 7, 138),
(489, 9, 168, 7, 144),
(490, 9, 169, 7, 150),
(491, 9, 170, 7, 156),
(492, 9, 171, 7, 160),
(493, 9, 172, 7, 164),
(494, 9, 173, 7, 171),
(495, 9, 174, 7, 179),
(496, 9, 175, 7, 188),
(497, 9, 176, 7, 196),
(498, 9, 177, 8, 1),
(499, 9, 178, 8, 9),
(500, 9, 179, 8, 17),
(501, 9, 180, 8, 26),
(502, 9, 181, 8, 34),
(503, 10, 182, 8, 41),
(504, 10, 183, 8, 46),
(505, 10, 184, 8, 53),
(506, 10, 185, 8, 62),
(507, 10, 186, 8, 70),
(508, 10, 187, 9, 1),
(509, 10, 188, 9, 7),
(510, 10, 189, 9, 14),
(511, 10, 190, 9, 21),
(512, 10, 191, 9, 27),
(513, 10, 192, 9, 32),
(514, 10, 193, 9, 37),
(515, 10, 194, 9, 41),
(516, 10, 195, 9, 48),
(517, 10, 196, 9, 55),
(518, 10, 197, 9, 62),
(519, 10, 198, 9, 69),
(520, 10, 199, 9, 73),
(521, 10, 200, 9, 80),
(522, 10, 201, 9, 87),
(523, 11, 202, 9, 94),
(524, 11, 203, 9, 100),
(525, 11, 204, 9, 107),
(526, 11, 205, 9, 112),
(527, 11, 206, 9, 118),
(528, 11, 207, 9, 123),
(529, 11, 208, 10, 1),
(530, 11, 209, 10, 7),
(531, 11, 210, 10, 15),
(532, 11, 211, 10, 21),
(533, 11, 212, 10, 26),
(534, 11, 213, 10, 34),
(535, 11, 214, 10, 43),
(536, 11, 215, 10, 54),
(537, 11, 216, 10, 62),
(538, 11, 217, 10, 71),
(539, 11, 218, 10, 79),
(540, 11, 219, 10, 89),
(541, 11, 220, 10, 98),
(542, 11, 221, 10, 107),
(543, 12, 222, 11, 6),
(544, 12, 223, 11, 13),
(545, 12, 224, 11, 20),
(546, 12, 225, 11, 29),
(547, 12, 226, 11, 38),
(548, 12, 227, 11, 46),
(549, 12, 228, 11, 54),
(550, 12, 229, 11, 63),
(551, 12, 230, 11, 72),
(552, 12, 231, 11, 82),
(553, 12, 232, 11, 89),
(554, 12, 233, 11, 98),
(555, 12, 234, 11, 109),
(556, 12, 235, 11, 118),
(557, 12, 236, 12, 5),
(558, 12, 237, 12, 15),
(559, 12, 238, 12, 23),
(560, 12, 239, 12, 31),
(561, 12, 240, 12, 38),
(562, 12, 241, 12, 44),
(563, 13, 242, 12, 53),
(564, 13, 243, 12, 64),
(565, 13, 244, 12, 70),
(566, 13, 245, 12, 79),
(567, 13, 246, 12, 87),
(568, 13, 247, 12, 96),
(569, 13, 248, 12, 104),
(570, 13, 249, 13, 1),
(571, 13, 250, 13, 6),
(572, 13, 251, 13, 14),
(573, 13, 252, 13, 19),
(574, 13, 253, 13, 29),
(575, 13, 254, 13, 35),
(576, 13, 255, 13, 43),
(577, 13, 256, 14, 6),
(578, 13, 257, 14, 11),
(579, 13, 258, 14, 19),
(580, 13, 259, 14, 25),
(581, 13, 260, 14, 34),
(582, 13, 261, 14, 43),
(583, 14, 262, 15, 1),
(584, 14, 263, 15, 16),
(585, 14, 264, 15, 32),
(586, 14, 265, 15, 52),
(587, 14, 266, 15, 71),
(588, 14, 267, 15, 91),
(589, 14, 268, 16, 7),
(590, 14, 269, 16, 15),
(591, 14, 270, 16, 27),
(592, 14, 271, 16, 35),
(593, 14, 272, 16, 43),
(594, 14, 273, 16, 55),
(595, 14, 274, 16, 65),
(596, 14, 275, 16, 73),
(597, 14, 276, 16, 80),
(598, 14, 277, 16, 88),
(599, 14, 278, 16, 94),
(600, 14, 279, 16, 103),
(601, 14, 280, 16, 111),
(602, 14, 281, 16, 119),
(603, 15, 282, 17, 1),
(604, 15, 283, 17, 8),
(605, 15, 284, 17, 18),
(606, 15, 285, 17, 28),
(607, 15, 286, 17, 39),
(608, 15, 287, 17, 50),
(609, 15, 288, 17, 59),
(610, 15, 289, 17, 67),
(611, 15, 290, 17, 76),
(612, 15, 291, 17, 87),
(613, 15, 292, 17, 97),
(614, 15, 293, 17, 105),
(615, 15, 294, 18, 5),
(616, 15, 295, 18, 16),
(617, 15, 296, 18, 21),
(618, 15, 297, 18, 28),
(619, 15, 298, 18, 35),
(620, 15, 299, 18, 46),
(621, 15, 300, 18, 54),
(622, 15, 301, 18, 62),
(623, 16, 302, 18, 75),
(624, 16, 303, 18, 84),
(625, 16, 304, 18, 98),
(626, 16, 305, 19, 1),
(627, 16, 306, 19, 12),
(628, 16, 307, 19, 26),
(629, 16, 308, 19, 39),
(630, 16, 309, 19, 52),
(631, 16, 310, 19, 65),
(632, 16, 311, 19, 77),
(633, 16, 312, 19, 96),
(634, 16, 313, 20, 13),
(635, 16, 314, 20, 38),
(636, 16, 315, 20, 52),
(637, 16, 316, 20, 65),
(638, 16, 317, 20, 77),
(639, 16, 318, 20, 88),
(640, 16, 319, 20, 99),
(641, 16, 320, 20, 114),
(642, 16, 321, 20, 126),
(643, 17, 322, 21, 1),
(644, 17, 323, 22, 11),
(645, 17, 324, 23, 25),
(646, 17, 325, 24, 36),
(647, 17, 326, 25, 45),
(648, 17, 327, 26, 58),
(649, 17, 328, 27, 73),
(650, 17, 329, 28, 82),
(651, 17, 330, 29, 91),
(652, 17, 331, 30, 102),
(653, 17, 332, 22, 1),
(654, 17, 333, 22, 6),
(655, 17, 334, 22, 16),
(656, 17, 335, 22, 24),
(657, 17, 336, 22, 31),
(658, 17, 337, 22, 39),
(659, 17, 338, 22, 47),
(660, 17, 339, 22, 56),
(661, 17, 340, 22, 65),
(662, 17, 341, 22, 73),
(663, 18, 342, 23, 1),
(664, 18, 343, 23, 18),
(665, 18, 344, 23, 28),
(666, 18, 345, 23, 43),
(667, 18, 346, 23, 60),
(668, 18, 347, 23, 75),
(669, 18, 348, 23, 90),
(670, 18, 349, 23, 105),
(671, 18, 350, 24, 1),
(672, 18, 351, 24, 11),
(673, 18, 352, 24, 21),
(674, 18, 353, 24, 28),
(675, 18, 354, 24, 32),
(676, 18, 355, 24, 37),
(677, 18, 356, 24, 44),
(678, 18, 357, 24, 54),
(679, 18, 358, 24, 59),
(680, 18, 359, 24, 62),
(681, 18, 360, 25, 3),
(682, 18, 361, 26, 12),
(683, 19, 362, 27, 21),
(684, 19, 363, 28, 33),
(685, 19, 364, 29, 44),
(686, 19, 365, 30, 56),
(687, 19, 366, 31, 68),
(688, 19, 367, 26, 1),
(689, 19, 368, 26, 20),
(690, 19, 369, 26, 40),
(691, 19, 370, 26, 61),
(692, 19, 371, 26, 84),
(693, 19, 372, 26, 112),
(694, 19, 373, 26, 137),
(695, 19, 374, 26, 160),
(696, 19, 375, 26, 184),
(697, 19, 376, 26, 207),
(698, 19, 377, 27, 1),
(699, 19, 378, 27, 14),
(700, 19, 379, 27, 23),
(701, 19, 380, 27, 36),
(702, 19, 381, 27, 45),
(703, 20, 382, 27, 56),
(704, 20, 383, 27, 64),
(705, 20, 384, 27, 77),
(706, 20, 385, 27, 89),
(707, 20, 386, 28, 6),
(708, 20, 387, 28, 14),
(709, 20, 388, 28, 22),
(710, 20, 389, 28, 29),
(711, 20, 390, 28, 36),
(712, 20, 391, 28, 44),
(713, 20, 392, 28, 51),
(714, 20, 393, 28, 60),
(715, 20, 394, 28, 71),
(716, 20, 395, 28, 78),
(717, 20, 396, 28, 85),
(718, 20, 397, 29, 7),
(719, 20, 398, 29, 15),
(720, 20, 399, 29, 24),
(721, 20, 400, 29, 31),
(722, 20, 401, 29, 39),
(723, 21, 402, 29, 46),
(724, 21, 403, 29, 53),
(725, 21, 404, 29, 64),
(726, 21, 405, 30, 6),
(727, 21, 406, 30, 16),
(728, 21, 407, 30, 25),
(729, 21, 408, 30, 33),
(730, 21, 409, 30, 42),
(731, 21, 410, 30, 51),
(732, 21, 411, 31, 1),
(733, 21, 412, 31, 12),
(734, 21, 413, 31, 20),
(735, 21, 414, 31, 29),
(736, 21, 415, 32, 1),
(737, 21, 416, 32, 12),
(738, 21, 417, 32, 21),
(739, 21, 418, 33, 1),
(740, 21, 419, 33, 7),
(741, 21, 420, 33, 16),
(742, 21, 421, 33, 23),
(743, 22, 422, 33, 31),
(744, 22, 423, 33, 36),
(745, 22, 424, 33, 44),
(746, 22, 425, 33, 51),
(747, 22, 426, 33, 55),
(748, 22, 427, 33, 63),
(749, 22, 428, 34, 1),
(750, 22, 429, 34, 8),
(751, 22, 430, 34, 15),
(752, 22, 431, 34, 23),
(753, 22, 432, 34, 32),
(754, 22, 433, 34, 40),
(755, 22, 434, 34, 49),
(756, 22, 435, 35, 4),
(757, 22, 436, 35, 12),
(758, 22, 437, 35, 19),
(759, 22, 438, 35, 31),
(760, 22, 439, 35, 39),
(761, 22, 440, 35, 45),
(762, 22, 441, 36, 13),
(763, 23, 442, 36, 28),
(764, 23, 443, 36, 41),
(765, 23, 444, 36, 55),
(766, 23, 445, 36, 71),
(767, 23, 446, 37, 1),
(768, 23, 447, 37, 25),
(769, 23, 448, 37, 52),
(770, 23, 449, 37, 77),
(771, 23, 450, 37, 103),
(772, 23, 451, 37, 127),
(773, 23, 452, 37, 154),
(774, 23, 453, 38, 1),
(775, 23, 454, 38, 17),
(776, 23, 455, 38, 27),
(777, 23, 456, 38, 43),
(778, 23, 457, 38, 62),
(779, 23, 458, 38, 84),
(780, 23, 459, 39, 6),
(781, 23, 460, 39, 11),
(782, 23, 461, 39, 22),
(783, 24, 462, 39, 32),
(784, 24, 463, 39, 41),
(785, 24, 464, 39, 48),
(786, 24, 465, 39, 57),
(787, 24, 466, 39, 68),
(788, 24, 467, 39, 75),
(789, 24, 468, 40, 8),
(790, 24, 469, 40, 17),
(791, 24, 470, 40, 26),
(792, 24, 471, 40, 34),
(793, 24, 472, 40, 41),
(794, 24, 473, 40, 50),
(795, 24, 474, 40, 59),
(796, 24, 475, 40, 67),
(797, 24, 476, 40, 78),
(798, 24, 477, 41, 1),
(799, 24, 478, 41, 12),
(800, 24, 479, 41, 21),
(801, 24, 480, 41, 30),
(802, 24, 481, 41, 39),
(803, 25, 482, 41, 47),
(804, 25, 483, 42, 1),
(805, 25, 484, 42, 11),
(806, 25, 485, 42, 16),
(807, 25, 486, 42, 23),
(808, 25, 487, 42, 32),
(809, 25, 488, 42, 45),
(810, 25, 489, 42, 52),
(811, 25, 490, 43, 11),
(812, 25, 491, 43, 23),
(813, 25, 492, 43, 34),
(814, 25, 493, 43, 48),
(815, 25, 494, 43, 61),
(816, 25, 495, 43, 74),
(817, 25, 496, 44, 1),
(818, 25, 497, 44, 19),
(819, 25, 498, 44, 40),
(820, 25, 499, 45, 1),
(821, 25, 500, 45, 14),
(822, 25, 501, 45, 23),
(823, 26, 502, 45, 33),
(824, 26, 503, 46, 6),
(825, 26, 504, 46, 15),
(826, 26, 505, 46, 21),
(827, 26, 506, 46, 29),
(828, 26, 507, 47, 1),
(829, 26, 508, 47, 12),
(830, 26, 509, 47, 20),
(831, 26, 510, 47, 30),
(832, 26, 511, 48, 1),
(833, 26, 512, 48, 10),
(834, 26, 513, 48, 16),
(835, 26, 514, 48, 24),
(836, 26, 515, 48, 29),
(837, 26, 516, 49, 5),
(838, 26, 517, 49, 12),
(839, 26, 518, 50, 1),
(840, 26, 519, 50, 16),
(841, 26, 520, 50, 26),
(842, 26, 521, 51, 7),
(843, 27, 522, 51, 31),
(844, 27, 523, 51, 52),
(845, 27, 524, 52, 15),
(846, 27, 525, 52, 32),
(847, 27, 526, 53, 1),
(848, 27, 527, 53, 27),
(849, 27, 528, 53, 45),
(850, 27, 529, 54, 7),
(851, 27, 530, 54, 28),
(852, 27, 531, 54, 50),
(853, 27, 532, 55, 17),
(854, 27, 533, 55, 41),
(855, 27, 534, 55, 68),
(856, 27, 535, 56, 17),
(857, 27, 536, 56, 51),
(858, 27, 537, 56, 77),
(859, 27, 538, 57, 4),
(860, 27, 539, 57, 12),
(861, 27, 540, 57, 19),
(862, 27, 541, 57, 25),
(863, 28, 542, 58, 1),
(864, 28, 543, 58, 7),
(865, 28, 544, 58, 12),
(866, 28, 545, 58, 22),
(867, 28, 546, 59, 4),
(868, 28, 547, 59, 10),
(869, 28, 548, 59, 17),
(870, 28, 549, 60, 1),
(871, 28, 550, 60, 6),
(872, 28, 551, 60, 12),
(873, 28, 552, 61, 6),
(874, 28, 553, 62, 1),
(875, 28, 554, 62, 9),
(876, 28, 555, 63, 5),
(877, 28, 556, 64, 1),
(878, 28, 557, 64, 10),
(879, 28, 558, 65, 1),
(880, 28, 559, 65, 6),
(881, 28, 560, 66, 1),
(882, 28, 561, 66, 8),
(883, 28, 562, 67, 1),
(884, 28, 563, 67, 13),
(885, 28, 564, 67, 27),
(886, 28, 565, 68, 16),
(887, 28, 566, 68, 43),
(888, 28, 567, 69, 9),
(889, 28, 568, 69, 35),
(890, 28, 569, 70, 11),
(891, 28, 570, 70, 40),
(892, 28, 571, 71, 11),
(893, 28, 572, 72, 1),
(894, 28, 573, 72, 14),
(895, 28, 574, 73, 1),
(896, 28, 575, 73, 20),
(897, 28, 576, 74, 18),
(898, 28, 577, 74, 48),
(899, 28, 578, 75, 20),
(900, 28, 579, 76, 6),
(901, 28, 580, 76, 26),
(902, 28, 581, 77, 20),
(903, 30, 582, 78, 1),
(904, 30, 583, 78, 31),
(905, 30, 584, 79, 16),
(906, 30, 585, 80, 1),
(907, 30, 586, 81, 1),
(908, 30, 587, 82, 1),
(909, 30, 588, 83, 7),
(910, 30, 589, 83, 35),
(911, 30, 590, 85, 1),
(912, 30, 591, 86, 1),
(913, 30, 592, 87, 16),
(914, 30, 593, 89, 1),
(915, 30, 594, 89, 24),
(916, 30, 595, 91, 1),
(917, 30, 596, 92, 15),
(918, 30, 597, 95, 1),
(919, 30, 598, 97, 1),
(920, 30, 599, 98, 8),
(921, 30, 600, 100, 10),
(922, 30, 601, 103, 1),
(923, 30, 602, 106, 1),
(924, 30, 603, 109, 1),
(925, 30, 604, 112, 1);

-- --------------------------------------------------------

--
-- Table structure for table `mushaf_surat`
--

CREATE TABLE `mushaf_surat` (
  `id` int(11) NOT NULL,
  `urut` int(11) NOT NULL,
  `nama` varchar(100) NOT NULL,
  `jmlayat` int(11) NOT NULL
) ENGINE=InnoDB DEFAULT CHARSET=latin1 COLLATE=latin1_swedish_ci;

--
-- Dumping data for table `mushaf_surat`
--

INSERT INTO `mushaf_surat` (`id`, `urut`, `nama`, `jmlayat`) VALUES
(1, 1, 'Al-Fatihah', 7),
(2, 2, 'Al-Baqarah', 286),
(5, 3, 'Aali \'Imraan', 200),
(7, 4, 'An-Nisaa\'', 176),
(10, 5, 'Al-Maaidah', 120),
(12, 6, 'Al-An\'aam', 165),
(14, 7, 'Al-A\'raaf', 206),
(16, 8, 'Al-Anfaal', 75),
(18, 9, 'At-Taubah', 129),
(20, 10, 'Yuunus', 109),
(21, 11, 'Huud', 123),
(23, 12, 'Yuusuf', 111),
(25, 13, 'Ar-Ra\'d', 43),
(26, 14, 'Ibrahiim', 52),
(27, 15, 'Al-Hijr', 99),
(28, 16, 'An-Nahl', 128),
(29, 17, 'Al-Israa\'', 111),
(30, 18, 'Al-Kahfi', 110),
(32, 19, 'Maryam', 98),
(33, 20, 'Thaaha', 135),
(34, 21, 'Al-Anbiyaa\'', 112),
(35, 22, 'Al-Hajj', 78),
(36, 23, 'Al-Mu\'minuun', 118),
(37, 24, 'An-Nuur', 64),
(38, 25, 'Al-Furqaan', 77),
(40, 26, 'Asy-Syu\'araa\'', 227),
(41, 27, 'An-Naml', 93),
(43, 28, 'Al-Qashash', 88),
(44, 29, 'Al-\'Ankabuut', 69),
(46, 30, 'Ar-Ruum', 60),
(47, 31, 'Luqmaan', 34),
(48, 32, 'As-Sajdah', 30),
(49, 33, 'Al-Ahzaab', 73),
(51, 34, 'Saba\'', 54),
(52, 35, 'Faathir', 45),
(53, 36, 'Yaasiin', 83),
(55, 37, 'Ash-Shaaffaat', 182),
(56, 38, 'Shaad', 88),
(57, 39, 'Az-Zumar', 75),
(59, 40, 'Al-Mu\'min ', 85),
(60, 41, 'Fushshilat', 54),
(62, 42, 'Asy-Syuuraa', 53),
(63, 43, 'Az-Zukhruuf', 89),
(64, 44, 'Ad-Dukhaan', 59),
(65, 45, 'Al-Jaatsiyah', 37),
(66, 46, 'Al-Ahqaaf', 35),
(67, 47, 'Muhammad', 38),
(68, 48, 'Al-Fath', 29),
(69, 49, 'Al-Hujuraat', 18),
(70, 50, 'Qaaf', 45),
(71, 51, 'Adz-Dzaariyaat', 60),
(73, 52, 'Ath-Thuur', 49),
(74, 53, 'An-Najm', 62),
(75, 54, 'Al-Qamar', 55),
(76, 55, 'Ar-Rahmaan', 78),
(77, 56, 'Al-Waaqi\'ah', 96),
(78, 57, 'Al-Hadiid', 29),
(79, 58, 'Al-Mujaadilah', 22),
(80, 59, 'Al-Hasyr', 24),
(81, 60, 'Al-Mumtahanah', 13),
(82, 61, 'As-Shaff', 14),
(83, 62, 'Al-Jumu\'ah', 11),
(84, 63, 'Al-Munaafiquun', 11),
(85, 64, 'At-Taghaabun', 18),
(86, 65, 'Ath-Thalaaq', 12),
(87, 66, 'At-Tahriim', 12),
(88, 67, 'Al-Mulk', 30),
(89, 68, 'Al-Qalam', 52),
(90, 69, 'Al-Haaqqah', 52),
(91, 70, 'Al-Ma\'aarij', 44),
(92, 71, 'Nuuh', 28),
(93, 72, 'Al-Jinn', 28),
(94, 73, 'Al-Muzzammil', 20),
(95, 74, 'Al-Muddatstsir', 56),
(96, 75, 'Al-Qiyaamah', 40),
(97, 76, 'Al-Insaan', 31),
(98, 77, 'Al-Mursalaat', 50),
(99, 78, 'An-Naba\'', 40),
(100, 79, 'An-Naazi\'aat', 46),
(101, 80, '\'Abasa', 42),
(102, 81, 'At-Takwiir', 29),
(103, 82, 'Al-Infithaar', 19),
(104, 83, 'Al-Muthaffifiin', 36),
(105, 84, 'Al-Insyiqaaq', 25),
(106, 85, 'Al-Buruuj', 22),
(107, 86, 'Ath-Thaariq', 17),
(108, 87, 'Al-A\'laa', 19),
(109, 88, 'Al-Ghaasyiyah', 26),
(110, 89, 'Al-Fajr', 30),
(111, 90, 'Al-Balad', 20),
(112, 91, 'Asy-Syams', 15),
(113, 92, 'Al-Lail', 21),
(114, 93, 'Adh-Dhuhaa', 11),
(115, 94, 'Al-Insyiraah', 8),
(116, 95, 'At-Tiin', 8),
(117, 96, 'Al-\'Alaq', 19),
(118, 97, 'Al-Qadr', 5),
(119, 98, 'Al-Bayyinah', 8),
(120, 99, 'Al-Zalzalah', 8),
(121, 100, 'Al-\'Aadiyaat', 11),
(122, 101, 'Al-Qaariah', 11),
(123, 102, 'At-Takaatsur', 8),
(124, 103, 'Al-\'Ashr', 3),
(125, 104, 'Al-Humazah', 9),
(126, 105, 'Al-Fiil', 5),
(127, 106, 'Quraisy', 4),
(128, 107, 'Al-Maa\'uun', 7),
(129, 108, 'Al-Kautsar', 3),
(130, 109, 'Al-Kaafiruun', 6),
(131, 110, 'An-Nashr', 3),
(132, 111, 'Al-Lahab', 5),
(133, 112, 'Al-ikhlas', 4),
(134, 113, 'Al-Falaq', 5),
(135, 114, 'An-naas', 6);

-- --------------------------------------------------------

--
-- Table structure for table `nilai`
--

CREATE TABLE `nilai` (
  `id` int(11) NOT NULL,
  `idpeserta` int(11) NOT NULL,
  `idgolongan` int(11) NOT NULL
) ENGINE=InnoDB DEFAULT CHARSET=utf8mb4 COLLATE=utf8mb4_general_ci;

--
-- Dumping data for table `nilai`
--

INSERT INTO `nilai` (`id`, `idpeserta`, `idgolongan`) VALUES
(4500, 5697, 1893),
(4501, 5698, 1893),
(4502, 5699, 1893),
(4503, 5700, 1893),
(4504, 5697, 1894),
(4505, 5698, 1894),
(4506, 5699, 1894),
(4507, 5700, 1894),
(4508, 5697, 1895),
(4509, 5698, 1895),
(4510, 5699, 1895),
(4511, 5700, 1895),
(4512, 5697, 1896),
(4513, 5698, 1896),
(4514, 5699, 1896),
(4515, 5700, 1896),
(4516, 5697, 1897),
(4517, 5698, 1897),
(4518, 5699, 1897),
(4519, 5700, 1897),
(4520, 5697, 1898),
(4521, 5698, 1898),
(4522, 5699, 1898),
(4523, 5700, 1898),
(4524, 5697, 1899),
(4525, 5698, 1899),
(4526, 5699, 1899),
(4527, 5700, 1899),
(4528, 5697, 1900),
(4529, 5698, 1900),
(4530, 5699, 1900),
(4531, 5700, 1900),
(4532, 5697, 1901),
(4533, 5698, 1901),
(4534, 5699, 1901),
(4535, 5700, 1901),
(4536, 5697, 1902),
(4537, 5698, 1902),
(4538, 5699, 1902),
(4539, 5700, 1902);

-- --------------------------------------------------------

--
-- Table structure for table `nilai_bidang`
--

CREATE TABLE `nilai_bidang` (
  `id` int(11) NOT NULL,
  `idnilai` int(11) NOT NULL,
  `idhakim` int(11) NOT NULL,
  `nilai` int(11) NOT NULL
) ENGINE=InnoDB DEFAULT CHARSET=utf8mb4 COLLATE=utf8mb4_general_ci;

--
-- Dumping data for table `nilai_bidang`
--

INSERT INTO `nilai_bidang` (`id`, `idnilai`, `idhakim`, `nilai`) VALUES
(62353, 4500, 19892, 11),
(62354, 4500, 19893, 31),
(62355, 4500, 19894, 23),
(62356, 4500, 19895, 23),
(62357, 4500, 19896, 25),
(62358, 4500, 19897, 32),
(62359, 4500, 19898, 16),
(62360, 4500, 19899, 33),
(62361, 4500, 19900, 28),
(62362, 4500, 19901, 32),
(62363, 4500, 19902, 27),
(62364, 4500, 19903, 26),
(62365, 4500, 19904, 14),
(62366, 4500, 19905, 16),
(62367, 4500, 19906, 16),
(62368, 4500, 19907, 15),
(62369, 4501, 19892, 25),
(62370, 4501, 19893, 18),
(62371, 4501, 19894, 32),
(62372, 4501, 19895, 26),
(62373, 4501, 19896, 23),
(62374, 4501, 19897, 19),
(62375, 4501, 19898, 29),
(62376, 4501, 19899, 28),
(62377, 4501, 19900, 23),
(62378, 4501, 19901, 28),
(62379, 4501, 19902, 12),
(62380, 4501, 19903, 23),
(62381, 4501, 19904, 19),
(62382, 4501, 19905, 26),
(62383, 4501, 19906, 26),
(62384, 4501, 19907, 18),
(62385, 4502, 19892, 23),
(62386, 4502, 19893, 13),
(62387, 4502, 19894, 20),
(62388, 4502, 19895, 29),
(62389, 4502, 19896, 28),
(62390, 4502, 19897, 14),
(62391, 4502, 19898, 20),
(62392, 4502, 19899, 29),
(62393, 4502, 19900, 13),
(62394, 4502, 19901, 14),
(62395, 4502, 19902, 30),
(62396, 4502, 19903, 12),
(62397, 4502, 19904, 13),
(62398, 4502, 19905, 14),
(62399, 4502, 19906, 21),
(62400, 4502, 19907, 26),
(62401, 4503, 19892, 24),
(62402, 4503, 19893, 11),
(62403, 4503, 19894, 16),
(62404, 4503, 19895, 31),
(62405, 4503, 19896, 13),
(62406, 4503, 19897, 15),
(62407, 4503, 19898, 26),
(62408, 4503, 19899, 20),
(62409, 4503, 19900, 24),
(62410, 4503, 19901, 16),
(62411, 4503, 19902, 14),
(62412, 4503, 19903, 25),
(62413, 4503, 19904, 15),
(62414, 4503, 19905, 13),
(62415, 4503, 19906, 15),
(62416, 4503, 19907, 20),
(62417, 4504, 19908, 12),
(62418, 4504, 19909, 11),
(62419, 4504, 19910, 16),
(62420, 4504, 19911, 18),
(62421, 4504, 19912, 26),
(62422, 4504, 19913, 23),
(62423, 4504, 19914, 15),
(62424, 4504, 19915, 15),
(62425, 4504, 19916, 28),
(62426, 4504, 19917, 29),
(62427, 4504, 19918, 26),
(62428, 4504, 19919, 11),
(62429, 4504, 19920, 25),
(62430, 4504, 19921, 14),
(62431, 4504, 19922, 18),
(62432, 4504, 19923, 28),
(62433, 4505, 19908, 27),
(62434, 4505, 19909, 26),
(62435, 4505, 19910, 20),
(62436, 4505, 19911, 33),
(62437, 4505, 19912, 17),
(62438, 4505, 19913, 20),
(62439, 4505, 19914, 24),
(62440, 4505, 19915, 22),
(62441, 4505, 19916, 25),
(62442, 4505, 19917, 25),
(62443, 4505, 19918, 23),
(62444, 4505, 19919, 12),
(62445, 4505, 19920, 33),
(62446, 4505, 19921, 22),
(62447, 4505, 19922, 16),
(62448, 4505, 19923, 27),
(62449, 4506, 19908, 33),
(62450, 4506, 19909, 18),
(62451, 4506, 19910, 18),
(62452, 4506, 19911, 31),
(62453, 4506, 19912, 22),
(62454, 4506, 19913, 32),
(62455, 4506, 19914, 31),
(62456, 4506, 19915, 30),
(62457, 4506, 19916, 25),
(62458, 4506, 19917, 15),
(62459, 4506, 19918, 19),
(62460, 4506, 19919, 24),
(62461, 4506, 19920, 17),
(62462, 4506, 19921, 25),
(62463, 4506, 19922, 21),
(62464, 4506, 19923, 22),
(62465, 4507, 19908, 25),
(62466, 4507, 19909, 16),
(62467, 4507, 19910, 28),
(62468, 4507, 19911, 15),
(62469, 4507, 19912, 16),
(62470, 4507, 19913, 32),
(62471, 4507, 19914, 33),
(62472, 4507, 19915, 21),
(62473, 4507, 19916, 14),
(62474, 4507, 19917, 23),
(62475, 4507, 19918, 19),
(62476, 4507, 19919, 16),
(62477, 4507, 19920, 13),
(62478, 4507, 19921, 21),
(62479, 4507, 19922, 14),
(62480, 4507, 19923, 23),
(62481, 4508, 19924, 13),
(62482, 4508, 19925, 11),
(62483, 4508, 19926, 15),
(62484, 4508, 19927, 28),
(62485, 4508, 19928, 24),
(62486, 4508, 19929, 22),
(62487, 4508, 19930, 27),
(62488, 4508, 19931, 11),
(62489, 4508, 19932, 20),
(62490, 4508, 19933, 29),
(62491, 4508, 19934, 11),
(62492, 4508, 19935, 22),
(62493, 4508, 19936, 17),
(62494, 4508, 19937, 22),
(62495, 4508, 19938, 32),
(62496, 4508, 19939, 22),
(62497, 4508, 19940, 28),
(62498, 4508, 19941, 19),
(62499, 4508, 19942, 11),
(62500, 4508, 19943, 33),
(62501, 4508, 19944, 12),
(62502, 4508, 19945, 30),
(62503, 4508, 19946, 33),
(62504, 4508, 19947, 22),
(62505, 4508, 19948, 30),
(62506, 4508, 19949, 33),
(62507, 4508, 19950, 20),
(62508, 4508, 19951, 18),
(62509, 4509, 19924, 11),
(62510, 4509, 19925, 29),
(62511, 4509, 19926, 23),
(62512, 4509, 19927, 25),
(62513, 4509, 19928, 24),
(62514, 4509, 19929, 32),
(62515, 4509, 19930, 29),
(62516, 4509, 19931, 33),
(62517, 4509, 19932, 32),
(62518, 4509, 19933, 14),
(62519, 4509, 19934, 14),
(62520, 4509, 19935, 25),
(62521, 4509, 19936, 22),
(62522, 4509, 19937, 25),
(62523, 4509, 19938, 13),
(62524, 4509, 19939, 23),
(62525, 4509, 19940, 25),
(62526, 4509, 19941, 16),
(62527, 4509, 19942, 19),
(62528, 4509, 19943, 22),
(62529, 4509, 19944, 24),
(62530, 4509, 19945, 25),
(62531, 4509, 19946, 15),
(62532, 4509, 19947, 31),
(62533, 4509, 19948, 29),
(62534, 4509, 19949, 13),
(62535, 4509, 19950, 20),
(62536, 4509, 19951, 22),
(62537, 4510, 19924, 14),
(62538, 4510, 19925, 31),
(62539, 4510, 19926, 14),
(62540, 4510, 19927, 15),
(62541, 4510, 19928, 21),
(62542, 4510, 19929, 12),
(62543, 4510, 19930, 19),
(62544, 4510, 19931, 18),
(62545, 4510, 19932, 25),
(62546, 4510, 19933, 11),
(62547, 4510, 19934, 24),
(62548, 4510, 19935, 31),
(62549, 4510, 19936, 17),
(62550, 4510, 19937, 24),
(62551, 4510, 19938, 12),
(62552, 4510, 19939, 29),
(62553, 4510, 19940, 19),
(62554, 4510, 19941, 13),
(62555, 4510, 19942, 12),
(62556, 4510, 19943, 20),
(62557, 4510, 19944, 31),
(62558, 4510, 19945, 27),
(62559, 4510, 19946, 31),
(62560, 4510, 19947, 21),
(62561, 4510, 19948, 33),
(62562, 4510, 19949, 24),
(62563, 4510, 19950, 31),
(62564, 4510, 19951, 27),
(62565, 4511, 19924, 27),
(62566, 4511, 19925, 22),
(62567, 4511, 19926, 30),
(62568, 4511, 19927, 18),
(62569, 4511, 19928, 28),
(62570, 4511, 19929, 13),
(62571, 4511, 19930, 16),
(62572, 4511, 19931, 27),
(62573, 4511, 19932, 26),
(62574, 4511, 19933, 17),
(62575, 4511, 19934, 28),
(62576, 4511, 19935, 27),
(62577, 4511, 19936, 29),
(62578, 4511, 19937, 30),
(62579, 4511, 19938, 11),
(62580, 4511, 19939, 27),
(62581, 4511, 19940, 31),
(62582, 4511, 19941, 13),
(62583, 4511, 19942, 26),
(62584, 4511, 19943, 28),
(62585, 4511, 19944, 11),
(62586, 4511, 19945, 25),
(62587, 4511, 19946, 18),
(62588, 4511, 19947, 19),
(62589, 4511, 19948, 15),
(62590, 4511, 19949, 32),
(62591, 4511, 19950, 17),
(62592, 4511, 19951, 17),
(62593, 4512, 19952, 20),
(62594, 4512, 19953, 32),
(62595, 4512, 19954, 18),
(62596, 4512, 19955, 24),
(62597, 4512, 19956, 16),
(62598, 4512, 19957, 32),
(62599, 4512, 19958, 29),
(62600, 4512, 19959, 18),
(62601, 4512, 19960, 22),
(62602, 4512, 19961, 24),
(62603, 4512, 19962, 16),
(62604, 4512, 19963, 24),
(62605, 4512, 19964, 24),
(62606, 4512, 19965, 31),
(62607, 4512, 19966, 27),
(62608, 4512, 19967, 19),
(62609, 4512, 19968, 26),
(62610, 4512, 19969, 18),
(62611, 4512, 19970, 17),
(62612, 4512, 19971, 14),
(62613, 4512, 19972, 32),
(62614, 4512, 19973, 28),
(62615, 4512, 19974, 30),
(62616, 4512, 19975, 25),
(62617, 4512, 19976, 31),
(62618, 4512, 19977, 30),
(62619, 4512, 19978, 13),
(62620, 4512, 19979, 21),
(62621, 4513, 19952, 30),
(62622, 4513, 19953, 21),
(62623, 4513, 19954, 14),
(62624, 4513, 19955, 11),
(62625, 4513, 19956, 30),
(62626, 4513, 19957, 13),
(62627, 4513, 19958, 17),
(62628, 4513, 19959, 17),
(62629, 4513, 19960, 28),
(62630, 4513, 19961, 19),
(62631, 4513, 19962, 33),
(62632, 4513, 19963, 30),
(62633, 4513, 19964, 14),
(62634, 4513, 19965, 30),
(62635, 4513, 19966, 28),
(62636, 4513, 19967, 18),
(62637, 4513, 19968, 33),
(62638, 4513, 19969, 24),
(62639, 4513, 19970, 24),
(62640, 4513, 19971, 20),
(62641, 4513, 19972, 18),
(62642, 4513, 19973, 19),
(62643, 4513, 19974, 30),
(62644, 4513, 19975, 13),
(62645, 4513, 19976, 27),
(62646, 4513, 19977, 22),
(62647, 4513, 19978, 11),
(62648, 4513, 19979, 22),
(62649, 4514, 19952, 30),
(62650, 4514, 19953, 32),
(62651, 4514, 19954, 19),
(62652, 4514, 19955, 23),
(62653, 4514, 19956, 29),
(62654, 4514, 19957, 29),
(62655, 4514, 19958, 20),
(62656, 4514, 19959, 17),
(62657, 4514, 19960, 32),
(62658, 4514, 19961, 30),
(62659, 4514, 19962, 23),
(62660, 4514, 19963, 29),
(62661, 4514, 19964, 14),
(62662, 4514, 19965, 29),
(62663, 4514, 19966, 21),
(62664, 4514, 19967, 32),
(62665, 4514, 19968, 31),
(62666, 4514, 19969, 31),
(62667, 4514, 19970, 27),
(62668, 4514, 19971, 20),
(62669, 4514, 19972, 32),
(62670, 4514, 19973, 23),
(62671, 4514, 19974, 16),
(62672, 4514, 19975, 21),
(62673, 4514, 19976, 27),
(62674, 4514, 19977, 32),
(62675, 4514, 19978, 13),
(62676, 4514, 19979, 24),
(62677, 4515, 19952, 13),
(62678, 4515, 19953, 32),
(62679, 4515, 19954, 17),
(62680, 4515, 19955, 19),
(62681, 4515, 19956, 19),
(62682, 4515, 19957, 11),
(62683, 4515, 19958, 12),
(62684, 4515, 19959, 29),
(62685, 4515, 19960, 33),
(62686, 4515, 19961, 20),
(62687, 4515, 19962, 22),
(62688, 4515, 19963, 24),
(62689, 4515, 19964, 31),
(62690, 4515, 19965, 13),
(62691, 4515, 19966, 13),
(62692, 4515, 19967, 23),
(62693, 4515, 19968, 31),
(62694, 4515, 19969, 26),
(62695, 4515, 19970, 19),
(62696, 4515, 19971, 26),
(62697, 4515, 19972, 29),
(62698, 4515, 19973, 24),
(62699, 4515, 19974, 17),
(62700, 4515, 19975, 32),
(62701, 4515, 19976, 29),
(62702, 4515, 19977, 28),
(62703, 4515, 19978, 31),
(62704, 4515, 19979, 22),
(62705, 4516, 19980, 16),
(62706, 4516, 19981, 16),
(62707, 4516, 19982, 33),
(62708, 4516, 19983, 32),
(62709, 4516, 19984, 14),
(62710, 4516, 19985, 16),
(62711, 4516, 19986, 12),
(62712, 4516, 19987, 22),
(62713, 4516, 19988, 28),
(62714, 4516, 19989, 13),
(62715, 4516, 19990, 16),
(62716, 4516, 19991, 26),
(62717, 4517, 19980, 23),
(62718, 4517, 19981, 28),
(62719, 4517, 19982, 28),
(62720, 4517, 19983, 32),
(62721, 4517, 19984, 22),
(62722, 4517, 19985, 24),
(62723, 4517, 19986, 22),
(62724, 4517, 19987, 30),
(62725, 4517, 19988, 15),
(62726, 4517, 19989, 27),
(62727, 4517, 19990, 29),
(62728, 4517, 19991, 26),
(62729, 4518, 19980, 28),
(62730, 4518, 19981, 31),
(62731, 4518, 19982, 15),
(62732, 4518, 19983, 16),
(62733, 4518, 19984, 33),
(62734, 4518, 19985, 31),
(62735, 4518, 19986, 14),
(62736, 4518, 19987, 25),
(62737, 4518, 19988, 17),
(62738, 4518, 19989, 26),
(62739, 4518, 19990, 28),
(62740, 4518, 19991, 23),
(62741, 4519, 19980, 32),
(62742, 4519, 19981, 25),
(62743, 4519, 19982, 20),
(62744, 4519, 19983, 29),
(62745, 4519, 19984, 20),
(62746, 4519, 19985, 20),
(62747, 4519, 19986, 29),
(62748, 4519, 19987, 16),
(62749, 4519, 19988, 11),
(62750, 4519, 19989, 30),
(62751, 4519, 19990, 22),
(62752, 4519, 19991, 23),
(62753, 4520, 19992, 14),
(62754, 4520, 19993, 19),
(62755, 4520, 19994, 14),
(62756, 4520, 19995, 24),
(62757, 4520, 19996, 13),
(62758, 4520, 19997, 24),
(62759, 4520, 19998, 20),
(62760, 4520, 19999, 18),
(62761, 4520, 20000, 16),
(62762, 4520, 20001, 12),
(62763, 4520, 20002, 22),
(62764, 4520, 20003, 29),
(62765, 4521, 19992, 13),
(62766, 4521, 19993, 20),
(62767, 4521, 19994, 21),
(62768, 4521, 19995, 11),
(62769, 4521, 19996, 11),
(62770, 4521, 19997, 16),
(62771, 4521, 19998, 16),
(62772, 4521, 19999, 14),
(62773, 4521, 20000, 17),
(62774, 4521, 20001, 32),
(62775, 4521, 20002, 21),
(62776, 4521, 20003, 21),
(62777, 4522, 19992, 20),
(62778, 4522, 19993, 24),
(62779, 4522, 19994, 30),
(62780, 4522, 19995, 26),
(62781, 4522, 19996, 26),
(62782, 4522, 19997, 31),
(62783, 4522, 19998, 11),
(62784, 4522, 19999, 30),
(62785, 4522, 20000, 16),
(62786, 4522, 20001, 23),
(62787, 4522, 20002, 32),
(62788, 4522, 20003, 24),
(62789, 4523, 19992, 13),
(62790, 4523, 19993, 31),
(62791, 4523, 19994, 19),
(62792, 4523, 19995, 27),
(62793, 4523, 19996, 24),
(62794, 4523, 19997, 24),
(62795, 4523, 19998, 18),
(62796, 4523, 19999, 30),
(62797, 4523, 20000, 21),
(62798, 4523, 20001, 15),
(62799, 4523, 20002, 13),
(62800, 4523, 20003, 18),
(62801, 4524, 20004, 26),
(62802, 4524, 20005, 26),
(62803, 4524, 20006, 32),
(62804, 4524, 20007, 29),
(62805, 4524, 20008, 23),
(62806, 4524, 20009, 13),
(62807, 4524, 20010, 30),
(62808, 4524, 20011, 19),
(62809, 4524, 20012, 22),
(62810, 4524, 20013, 32),
(62811, 4524, 20014, 14),
(62812, 4524, 20015, 15),
(62813, 4525, 20004, 22),
(62814, 4525, 20005, 20),
(62815, 4525, 20006, 26),
(62816, 4525, 20007, 26),
(62817, 4525, 20008, 23),
(62818, 4525, 20009, 20),
(62819, 4525, 20010, 16),
(62820, 4525, 20011, 26),
(62821, 4525, 20012, 14),
(62822, 4525, 20013, 30),
(62823, 4525, 20014, 19),
(62824, 4525, 20015, 11),
(62825, 4526, 20004, 15),
(62826, 4526, 20005, 18),
(62827, 4526, 20006, 21),
(62828, 4526, 20007, 30),
(62829, 4526, 20008, 15),
(62830, 4526, 20009, 31),
(62831, 4526, 20010, 30),
(62832, 4526, 20011, 13),
(62833, 4526, 20012, 17),
(62834, 4526, 20013, 28),
(62835, 4526, 20014, 33),
(62836, 4526, 20015, 23),
(62837, 4527, 20004, 17),
(62838, 4527, 20005, 13),
(62839, 4527, 20006, 15),
(62840, 4527, 20007, 13),
(62841, 4527, 20008, 11),
(62842, 4527, 20009, 33),
(62843, 4527, 20010, 30),
(62844, 4527, 20011, 11),
(62845, 4527, 20012, 14),
(62846, 4527, 20013, 32),
(62847, 4527, 20014, 16),
(62848, 4527, 20015, 31),
(62849, 4528, 20016, 19),
(62850, 4528, 20017, 27),
(62851, 4528, 20018, 30),
(62852, 4528, 20019, 18),
(62853, 4528, 20020, 16),
(62854, 4528, 20021, 27),
(62855, 4528, 20022, 15),
(62856, 4528, 20023, 18),
(62857, 4528, 20024, 19),
(62858, 4528, 20025, 17),
(62859, 4528, 20026, 32),
(62860, 4528, 20027, 32),
(62861, 4528, 20028, 23),
(62862, 4528, 20029, 23),
(62863, 4528, 20030, 17),
(62864, 4528, 20031, 17),
(62865, 4529, 20016, 21),
(62866, 4529, 20017, 15),
(62867, 4529, 20018, 16),
(62868, 4529, 20019, 14),
(62869, 4529, 20020, 27),
(62870, 4529, 20021, 11),
(62871, 4529, 20022, 27),
(62872, 4529, 20023, 18),
(62873, 4529, 20024, 32),
(62874, 4529, 20025, 29),
(62875, 4529, 20026, 24),
(62876, 4529, 20027, 19),
(62877, 4529, 20028, 22),
(62878, 4529, 20029, 13),
(62879, 4529, 20030, 24),
(62880, 4529, 20031, 31),
(62881, 4530, 20016, 33),
(62882, 4530, 20017, 27),
(62883, 4530, 20018, 12),
(62884, 4530, 20019, 17),
(62885, 4530, 20020, 23),
(62886, 4530, 20021, 28),
(62887, 4530, 20022, 18),
(62888, 4530, 20023, 21),
(62889, 4530, 20024, 30),
(62890, 4530, 20025, 29),
(62891, 4530, 20026, 13),
(62892, 4530, 20027, 29),
(62893, 4530, 20028, 13),
(62894, 4530, 20029, 27),
(62895, 4530, 20030, 18),
(62896, 4530, 20031, 22),
(62897, 4531, 20016, 30),
(62898, 4531, 20017, 33),
(62899, 4531, 20018, 22),
(62900, 4531, 20019, 23),
(62901, 4531, 20020, 28),
(62902, 4531, 20021, 17),
(62903, 4531, 20022, 13),
(62904, 4531, 20023, 26),
(62905, 4531, 20024, 32),
(62906, 4531, 20025, 23),
(62907, 4531, 20026, 11),
(62908, 4531, 20027, 11),
(62909, 4531, 20028, 27),
(62910, 4531, 20029, 20),
(62911, 4531, 20030, 32),
(62912, 4531, 20031, 26),
(62913, 4532, 20032, 30),
(62914, 4532, 20033, 11),
(62915, 4532, 20034, 29),
(62916, 4532, 20035, 26),
(62917, 4532, 20036, 28),
(62918, 4532, 20037, 21),
(62919, 4532, 20038, 26),
(62920, 4532, 20039, 13),
(62921, 4532, 20040, 25),
(62922, 4532, 20041, 33),
(62923, 4532, 20042, 26),
(62924, 4532, 20043, 21),
(62925, 4533, 20032, 31),
(62926, 4533, 20033, 21),
(62927, 4533, 20034, 15),
(62928, 4533, 20035, 24),
(62929, 4533, 20036, 20),
(62930, 4533, 20037, 15),
(62931, 4533, 20038, 19),
(62932, 4533, 20039, 20),
(62933, 4533, 20040, 18),
(62934, 4533, 20041, 24),
(62935, 4533, 20042, 12),
(62936, 4533, 20043, 11),
(62937, 4534, 20032, 27),
(62938, 4534, 20033, 25),
(62939, 4534, 20034, 24),
(62940, 4534, 20035, 25),
(62941, 4534, 20036, 24),
(62942, 4534, 20037, 27),
(62943, 4534, 20038, 32),
(62944, 4534, 20039, 13),
(62945, 4534, 20040, 26),
(62946, 4534, 20041, 12),
(62947, 4534, 20042, 12),
(62948, 4534, 20043, 15),
(62949, 4535, 20032, 22),
(62950, 4535, 20033, 12),
(62951, 4535, 20034, 31),
(62952, 4535, 20035, 17),
(62953, 4535, 20036, 26),
(62954, 4535, 20037, 22),
(62955, 4535, 20038, 21),
(62956, 4535, 20039, 15),
(62957, 4535, 20040, 33),
(62958, 4535, 20041, 29),
(62959, 4535, 20042, 11),
(62960, 4535, 20043, 14),
(62961, 4536, 20044, 12),
(62962, 4536, 20045, 23),
(62963, 4536, 20046, 13),
(62964, 4536, 20047, 16),
(62965, 4536, 20048, 14),
(62966, 4536, 20049, 32),
(62967, 4536, 20050, 22),
(62968, 4536, 20051, 22),
(62969, 4536, 20052, 27),
(62970, 4536, 20053, 25),
(62971, 4536, 20054, 13),
(62972, 4536, 20055, 17),
(62973, 4537, 20044, 31),
(62974, 4537, 20045, 30),
(62975, 4537, 20046, 24),
(62976, 4537, 20047, 22),
(62977, 4537, 20048, 19),
(62978, 4537, 20049, 25),
(62979, 4537, 20050, 14),
(62980, 4537, 20051, 24),
(62981, 4537, 20052, 19),
(62982, 4537, 20053, 21),
(62983, 4537, 20054, 19),
(62984, 4537, 20055, 27),
(62985, 4538, 20044, 23),
(62986, 4538, 20045, 13),
(62987, 4538, 20046, 25),
(62988, 4538, 20047, 23),
(62989, 4538, 20048, 33),
(62990, 4538, 20049, 26),
(62991, 4538, 20050, 20),
(62992, 4538, 20051, 31),
(62993, 4538, 20052, 28),
(62994, 4538, 20053, 32),
(62995, 4538, 20054, 26),
(62996, 4538, 20055, 11),
(62997, 4539, 20044, 30),
(62998, 4539, 20045, 15),
(62999, 4539, 20046, 26),
(63000, 4539, 20047, 23),
(63001, 4539, 20048, 33),
(63002, 4539, 20049, 17),
(63003, 4539, 20050, 17),
(63004, 4539, 20051, 17),
(63005, 4539, 20052, 23),
(63006, 4539, 20053, 12),
(63007, 4539, 20054, 18),
(63008, 4539, 20055, 20);

-- --------------------------------------------------------

--
-- Table structure for table `orang`
--

CREATE TABLE `orang` (
  `id` int(11) NOT NULL,
  `idgender` int(11) NOT NULL,
  `idjob` int(11) NOT NULL,
  `idkafilah` int(11) NOT NULL,
  `nama` varchar(111) NOT NULL,
  `pob` varchar(111) NOT NULL,
  `dob` date NOT NULL,
  `kontak` varchar(111) NOT NULL
) ENGINE=InnoDB DEFAULT CHARSET=utf8mb4 COLLATE=utf8mb4_general_ci;

-- --------------------------------------------------------

--
-- Table structure for table `panitera`
--

CREATE TABLE `panitera` (
  `id` int(11) NOT NULL,
  `nik` varchar(111) NOT NULL,
  `nama` varchar(111) NOT NULL,
  `alamat` varchar(111) NOT NULL,
  `telepon` varchar(111) NOT NULL,
  `pengalaman` varchar(111) NOT NULL,
  `npwp` varchar(111) NOT NULL,
  `ktp` varchar(111) NOT NULL
) ENGINE=InnoDB DEFAULT CHARSET=utf8mb4 COLLATE=utf8mb4_general_ci;

--
-- Dumping data for table `panitera`
--

INSERT INTO `panitera` (`id`, `nik`, `nama`, `alamat`, `telepon`, `pengalaman`, `npwp`, `ktp`) VALUES
(3, 'cc', 'cc', 'cc', 'ee', 'ff', '../assets/documents/panitera/npwp_3.pdf', '../assets/documents/panitera/ktp_3.pdf'),
(6, 'ee', 'ee', 'ee', '', '', '', ''),
(7, 'vv', 'vv', 'vv', '', '', '', ''),
(9, 'asdf', 'eee', 'eeee', '', '', '', ''),
(10, 'aa', 'bb', 'cc', '', '', '', '');

-- --------------------------------------------------------

--
-- Table structure for table `penilaian`
--

CREATE TABLE `penilaian` (
  `id` int(11) NOT NULL,
  `nama` varchar(111) NOT NULL,
  `kode` varchar(111) NOT NULL
) ENGINE=InnoDB DEFAULT CHARSET=utf8mb4 COLLATE=utf8mb4_general_ci;

--
-- Dumping data for table `penilaian`
--

INSERT INTO `penilaian` (`id`, `nama`, `kode`) VALUES
(234, 'penjurian1', ''),
(235, 'penjurian2', ''),
(236, 'penjurian3', ''),
(237, 'cerdas-cermat', '');

-- --------------------------------------------------------

--
-- Table structure for table `peserta`
--

CREATE TABLE `peserta` (
  `id` int(11) NOT NULL,
  `idgolongan` int(11) NOT NULL,
  `idwilayah` int(11) NOT NULL,
  `idgender` int(11) NOT NULL,
  `idkafilah` int(11) NOT NULL,
  `nik` varchar(111) NOT NULL,
  `nama` varchar(111) NOT NULL,
  `alamat` varchar(111) NOT NULL,
  `nomor` varchar(111) NOT NULL
) ENGINE=InnoDB DEFAULT CHARSET=utf8mb4 COLLATE=utf8mb4_general_ci;

--
-- Dumping data for table `peserta`
--

INSERT INTO `peserta` (`id`, `idgolongan`, `idwilayah`, `idgender`, `idkafilah`, `nik`, `nama`, `alamat`, `nomor`) VALUES
(5697, 1893, 1, 1, 191, '', 'peserta 4921', '', '00017'),
(5698, 1893, 1, 1, 191, '', 'peserta 3722', '', '00034'),
(5699, 1893, 1, 1, 191, '', 'peserta 6841', '', '00037'),
(5700, 1893, 1, 1, 191, '', 'peserta 1231', '', '0009'),
(5701, 1894, 1, 1, 191, '', 'peserta 8052', '', '0007'),
(5702, 1894, 1, 1, 191, '', 'peserta 7882', '', '0001'),
(5703, 1894, 1, 1, 191, '', 'peserta 9318', '', '0002'),
(5704, 1894, 1, 1, 191, '', 'peserta 6919', '', '00038'),
(5705, 1895, 1, 1, 191, '', 'peserta 7045', '', '00035'),
(5706, 1895, 1, 1, 191, '', 'peserta 7263', '', '0003'),
(5707, 1895, 1, 1, 191, '', 'peserta 8566', '', '0006'),
(5708, 1895, 1, 1, 191, '', 'peserta 8179', '', '00032'),
(5709, 1896, 1, 1, 191, '', 'peserta 7601', '', '00030'),
(5710, 1896, 1, 1, 191, '', 'peserta 1928', '', '00015'),
(5711, 1896, 1, 1, 191, '', 'peserta 8507', '', '00018'),
(5712, 1896, 1, 1, 191, '', 'peserta 3762', '', '00033'),
(5713, 1897, 1, 1, 191, '', 'peserta 2132', '', '00014'),
(5714, 1897, 1, 1, 191, '', 'peserta 1158', '', '00012'),
(5715, 1897, 1, 1, 191, '', 'peserta 3049', '', '00023'),
(5716, 1897, 1, 1, 191, '', 'peserta 8701', '', '00040'),
(5717, 1898, 1, 1, 191, '', 'peserta 6059', '', '0005'),
(5718, 1898, 1, 1, 191, '', 'peserta 9837', '', '0008'),
(5719, 1898, 1, 1, 191, '', 'peserta 6799', '', '00011'),
(5720, 1898, 1, 1, 191, '', 'peserta 3864', '', '00010'),
(5721, 1899, 1, 1, 191, '', 'peserta 7952', '', '00028'),
(5722, 1899, 1, 1, 191, '', 'peserta 3253', '', '00016'),
(5723, 1899, 1, 1, 191, '', 'peserta 6113', '', '00019'),
(5724, 1899, 1, 1, 191, '', 'peserta 5473', '', '00036'),
(5725, 1900, 1, 1, 191, '', 'peserta 9244', '', '00020'),
(5726, 1900, 1, 1, 191, '', 'peserta 9546', '', '00021'),
(5727, 1900, 1, 1, 191, '', 'peserta 1373', '', '00031'),
(5728, 1900, 1, 1, 191, '', 'peserta 7029', '', '00027'),
(5729, 1901, 1, 1, 191, '', 'peserta 2445', '', '00029'),
(5730, 1901, 1, 1, 191, '', 'peserta 8831', '', '00013'),
(5731, 1901, 1, 1, 191, '', 'peserta 4523', '', '00026'),
(5732, 1901, 1, 1, 191, '', 'peserta 6495', '', '0004'),
(5733, 1902, 1, 1, 191, '', 'peserta 7113', '', '00039'),
(5734, 1902, 1, 1, 191, '', 'peserta 7352', '', '00025'),
(5735, 1902, 1, 1, 191, '', 'peserta 6430', '', '00024'),
(5736, 1902, 1, 1, 191, '', 'peserta 9897', '', '00022');

-- --------------------------------------------------------

--
-- Table structure for table `peserta2`
--

CREATE TABLE `peserta2` (
  `id` int(11) NOT NULL,
  `idpeserta` int(11) NOT NULL,
  `idgolongan` int(11) NOT NULL
) ENGINE=InnoDB DEFAULT CHARSET=utf8mb4 COLLATE=utf8mb4_general_ci;

-- --------------------------------------------------------

--
-- Table structure for table `setting`
--

CREATE TABLE `setting` (
  `id` int(11) NOT NULL
) ENGINE=InnoDB DEFAULT CHARSET=utf8mb4 COLLATE=utf8mb4_general_ci;

--
-- Dumping data for table `setting`
--

INSERT INTO `setting` (`id`) VALUES
(1);

-- --------------------------------------------------------

--
-- Table structure for table `soal`
--

CREATE TABLE `soal` (
  `id` int(11) NOT NULL,
  `idbidang` int(11) NOT NULL,
  `soal` text NOT NULL,
  `jawaban` text NOT NULL
) ENGINE=InnoDB DEFAULT CHARSET=utf8mb4 COLLATE=utf8mb4_general_ci;

--
-- Dumping data for table `soal`
--

INSERT INTO `soal` (`id`, `idbidang`, `soal`, `jawaban`) VALUES
(1347, 6058, 'Jelaskan pengertian tajwd baik secara bahasa maupun istilah!', 'Secara bahasa tajwd adalah memperbagus atau memperindah. Sedangkan menurut istilah adalah menyempurnakan hak-hak huruf, mengucapkannya sesuai dengan makhraj, dan memperlembut pengucapannya secara sempurna, tanpa berlebihan, serampangan, tergesa-gesa dan dipaksakan.'),
(1348, 6058, 'Dalam mendefinisikan tajwd, sebagian ulama membagi tajwd menjadi dua, yaitu tajwd ilmy dan tajwd amaly. Apa yang dimaksud dengan tajwd ilmy?', 'Mengetahui kaidah dan aturan yang ditetapkan oleh ulama tajwd berupa makhraj dan sifat huruf, hukum nun mati dan mim mati, ahkm al-mad, dan lain sebagainya.'),
(1349, 6058, 'Dalam mendefinisikan tajwd, sebagian ulama membagi tajwd menjadi dua, yaitu tajwd ilmy dan tajwd amaly. Apa yang dimaksud dengan tajwd amaly?', 'Memperbagus pengucapan huruf dan memperindah kalimatnya dengan cara mengucapkannya sesuai dengan makhraj dan memberikan hak dan mustahaqnya.'),
(1350, 6058, 'Apa yang dimaksud dengan hak huruf?', 'Sifat-sifat huruf yang melekat dan tidak bisa dipisahkan dari huruf, seperti jahr, hams, syiddah, rikhwah, dan lain sebagainya'),
(1351, 6058, 'Apa yang dimaksud dengan mustahaq hurf?', 'Sifat-sifat baru yang muncul dari sifat dztyah masing-masing huruf, seperti menebalkan huruf istila, menipiskan huruf istifl, izhhr, idghm, iqlb, ihkf, dan lain sebagainya.  '),
(1352, 6058, 'Sebutkan salah satu ayat Al-Quran yang menjadi dalil wajibnya belajar tajwd!  ', '  '),
(1353, 6058, 'Jelaskan pendapat Sayyidin Al Ibn Ab Thlib tentang maksud kata tartl dalam ayat    ! ', '   \nMemperbagus pengucapan huruf dan mengetahui tempat-tempat waqaf'),
(1354, 6058, 'Jelaskan penafsiran Imm Baidlw tentang kata tartl dalam ayat berikut!\n  ', ' \nPerbaguslah bacaan Al-Quran dengan benar-benar bagus'),
(1355, 6058, 'Selain surah al-Muzammil ayat 4, surah al-Furqn ayat 32 juga menjelaskan tentang ketentuan membaca Al-Quran dengan tartl. Bacakan ayat dimaksud!', '              '),
(1356, 6058, 'Secara praktek membaca Al-Quran dengan tajwd berasal dari Rasulullah. Tetapi secara teori berupa kaidah-kaidah dan persoalan ilmiahnya bukan dari Rasulullah. Tentang siapa peletak dasar teori ilmu tajwd tersebut, ulama masih berbeda pendapat. Sebutkan dua tokoh yang oleh ulama dianggap sebagai peletak dasar teori ilmu tajwd itu!', '1)   Ab l-aswad al-Dul                 \n2)   Ab al-Qsim Ubaid bin Salm  \n3)   Al-Khall bin Ahmad\n4)   Imam Qiraat'),
(1357, 6058, 'Sebutkan perbedaan mendasar objek kajian ilmu tajwd dan ilmu qiraat!', 'Ilmu tajwd objeknya adalah huruf-huruf Al-Quran, sedangkan ilmu qiraat objeknya adalah kalimah-kalimah Al-Quran.'),
(1358, 6058, 'Dalam pembelajaran Al-Quran, setiap ragam jenis bacaan Al-Quran harus disandarkan kepada orang yang meriwayatkan, baik langsung kepada imam qiraat atau perawi. Apa nama bacaan Al-Quran yang disandarkan kepada imam qiraat?', 'Qiraat'),
(1359, 6058, 'Dalam pembelajaran Al-Quran, setiap ragam jenis bacaan Al-Quran harus disandarkan kepada orang yang meriwayatkan baik langsung kepada imam qiraat atau perawi. Apa nama bacaan Al-Quran yang disandarkan kepada perawi?', 'Riwayat'),
(1360, 6058, 'Jelaskan perbedaan antara qiraat, riwayat dan thariq?', 'Qiraat adalah bacaan yang dinisbatkan kepada imam. Riwayat adalah bacaan yang dinisbatkan kepada perawi dan Thariq adalah bacaan yang dinisbatkan kepada para pengambil ilmu.'),
(1361, 6058, 'Ada berapakah hukum nun sukun atau tanwin ketika bertemu dengan huruf hijaiyyah? Sebutkan!', 'Lima Hukum, yaitu 1. Izhhr, 2. Idghm ma\' al-ghunnah, 3. Idghm bil ghunnah, 4. Iqlb  5. Ikhf,'),
(1362, 6058, 'Jelaskan pengertian Izhhr baik secara bahasa maupun istilah!', 'Izhhr secara bahasa berarti menyingkap dan memperjelas. Sedangkan menurut istilah adalah memperjelas hakikat huruf dengan mengucapkannya sesuai makhraj dan sifatnya yang asli tanpa disertai dengung. Bacaan ini terjadi ketika nun sukun atau tanwin bertemu dengan salah satu dari huruf :\n ---\n(Taufq al-ramn f tajwd Al-Quran : 79)'),
(1363, 6058, 'Mengapa bacaan izhhr dalam akm al-nn al-skinah wa al-tanwn juga disebut dengan izhhr alqy?', 'Karena huruf-huruf bacaan izhhr keluar dari makhraj yang sama, yaitu alq (tenggorokan)'),
(1364, 6058, 'Mengapa nun sukun atau tanwin ketika bertemu dengan salah satu dari huruf        harus dibaca izhhr?', 'Karena jauhnya makhraj nun dengan makhraj huruf-huruf alq tersebut'),
(1365, 6058, 'Jelaskan pengertian idghm menurut bahasa dan istilah?', 'Menurut bahasa berarti memasukkan (idkhl). Menurut istilah adalah memasukkan bunyi huruf yang sukun kepada huruf lain yang berharakat sehingga menjadi bunyi satu huruf yang bertasydid  '),
(1366, 6058, 'Apa yang dimaksud dengan idghm kmil ?', 'Memasukkan bunyi huruf yang sukun kepada huruf lain yang berharkat secara sempurna (dzat dan semua sifat dari huruf yang dimasukkan menjadi hilang/tidak ada)'),
(1367, 6058, 'Apa yang dimaksud dengan idghm nqish?', 'Memasukkan bunyi huruf yang sukun kepada huruf lain yang berharkat sehingga dzat huruf yang dimasukkan menjadi hilang, tapi sebagian sifatnya masih ada'),
(1368, 6058, 'Jelaskan pengertian idghm ma al-ghunnah? Sebutkan huruf-hurufnya!', 'Idghm ma\' al-ghunnah secara bahasa berarti memasukkan huruf dengan dengung. Sedangkan menurut istilah adalah memasukkan suara nun sukun atau tanwin disertai dengung ketika bertemu dengan salah satu huruf :\n , , , '),
(1369, 6058, 'Mengapa idghm ma al-ghunnah juga disebut idghm nqish ? ', 'Karena masuknya nun atau tanwin terhadap huruf sesudahnya tidak sempurna. Dzat hurufnya (nun atau tanwin) sudah tidak ada, tapi salah satu sifatnya masih tersisa, yaitu ghunnah. Sedangkan idghm dianggap sempurna (kmil) jika dzat huruf dan sifat sama-sama tidak ada'),
(1370, 6058, 'Lafaz seperti ,  disebut bacaan apa? ', 'Izhhr muthlaq'),
(1371, 6058, 'Mengapa kata  tidak dibaca idghm? ', 'Karena nun sukun bertemu dengan wawu dalam satu kata.'),
(1372, 6058, 'Kapan nun sukun atau tanwin dibaca idghm bil ghunnah ?', 'Ketika ada nun sukun atau tanwin bertemu dengan huruf lam dan ra (    )'),
(1373, 6058, 'Mengapa idghm bil ghunnah juga disebut idghm kmil? ', 'Karena masuknya nun atau tanwin terhadap huruf sesudahnya sempurna. Dzat huruf dan sifatnya nun atau tanwin sama-sama tidak ada (melebur dengan suara lam atau ra)'),
(1374, 6058, 'Jelaskan pengertian iqlb menurut bahasa dan istilah!', 'Secara bahasa, iqlb adalah mengalihkan sesuatu. Sedangkan menurut istilah adalah menjadikan satu huruf di tempat huruf yang lain dengan disertai ghunnah dan ikhf, atau dengan bahasa lain; menukar suara nun sukun atau tanwin dengan suara mim dengan disertai ghunnah dan ikhf.'),
(1375, 6058, 'Kapan nun sukun atau tanwin dibaca iqlb?', 'Ketika nun sukun atau tanwin bertemu dengan huruf  (  )'),
(1376, 6058, 'Mengapa nun sukun dan tanwin saat bertemu huruf ba harus dibaca iqlb dan  bagaimana cara membacanya?.', 'Karena kesulitan membunyikan nun sukun atau tanwin dengan jelas lalu menutup bibir atau mengidghmkannya. Adapun cara membacanya, nun sukun atau tanwin dirubah menjadi mim disertai ikhf dan dengung'),
(1377, 6058, 'Apa yang dimaksud dengan ikhf menurut bahasa dan istilah?', 'Menurut bahasa artinya samar. Sedangkan menurut istilah adalah menyamarkan suara nun sukun atau tanwin ketika bertemu dengan salah satu huruf ikhf. Huruf-hurufnya yaitu:\n ,  ,  ,  ,  ,  ,  ,  ,  ,  ,  ,  ,  ,   , '),
(1378, 6058, 'Ada berapakah huruf- huruf ikhf? Sebutkan syiirnya!', 'Ada 15 terkumpul dalam syiir :\n              '),
(1379, 6058, 'Ada berapakah martib al-ikhf itu? Sebutkan!', 'Ada tiga, yaitu : ikhf aqrab, ikhf abad, ikhf ausa'),
(1380, 6058, 'Apa yang dimaksud dengan ikhf abad?', 'Bacaan ikhf yang ikhf-nya lebih pendek daripada ghunnah-nya'),
(1381, 6058, 'Apa nama lain dari ikhf abad?', 'Ikhfadn/ikhf bud/ikhf sughr'),
(1382, 6058, 'Sebutkan huruf Ikhf abad ! ', 'Qaf dan Kaf'),
(1383, 6058, 'Apa yang dimaksud dengan ikhf aqrab?', 'Bacaan ikhf yang ikhf-nya lebih lama daripada ghunnah-nya'),
(1384, 6058, 'Apa nama lain dari ikhf aqrab?', 'Ikhf al/ikhf qurb/ikhf kubr'),
(1385, 6058, 'Sebutkan huruf ikhf aqrab!', 'Ta, dal, tha'),
(1386, 6058, 'Apa yang dimaksud dengan ikhf ausa?', 'Bacaan ikhf yang ikhf dan ghunnah-nya sama'),
(1387, 6058, 'Apa nama lain dari ikhf ausa?', 'Ikhf wus atau pertengahan'),
(1388, 6058, 'Sebutkan huruf ikhf ausa?', 'Selain dari huruf-huruf ikhf aqrab dan abad '),
(1389, 6058, 'Ada berapakah hukum bacaan mim mati ketika bertemu dengan huruf hijaiyah? Sebutkan!', 'Ada 3, yaitu ikhf syafaw, idghm mm, izhhr syafaw'),
(1390, 6058, 'Kapan mim sukun dibaca ikhf syafaw?', 'Apabila mim sukun bertemu dengan huruf ba'),
(1391, 6058, 'Mengapa bacaan ikhf dalam akm al-mm al-skinah disebut dengan ikhf syafawy?', 'Karena dinisbatkan kepada makhrajnya huruf mim dan ba, yaitu syafatain (dua buah bibir)'),
(1392, 6058, 'Kapan mim sukun dibaca idghm mm?', 'Apabila mim sukun bertemu dengan huruf mim'),
(1393, 6058, 'Apa nama lain dari idghm mm? Dan bagaimana cara membacanya?', 'Nama lain dari idghm mm adalah idghm mutamtsilain shaghr. Adapun cara membacanya adalah memasukkan dengan disertai dengung.'),
(1394, 6058, 'Kapan mim sukun dibaca izhhr syafaw?', 'Ketika ada mim sukun bertemu dengan huruf hijaiyah selain huruf mim dan ba'),
(1395, 6058, 'Mengapa bacaan  izhhr dalam akm al-mm al-skinah disebut dengan izhhr syafawy?', 'Karena dinisbatkan kepada makhraj-nya huruf yang harus dibaca izhhr, yaitu mim yang keluar dari syafatain (dua buah bibir)'),
(1396, 6058, 'Sebutkan martib al-ghunnah dari yang paling kuat sampai yang paling lemah! ', '1.      Nun dan mim yang bertasydid\n2.      Nun dan mim yang diIdghmkan \n3.      Nun dan mim yang dibaca Ikhf \n4.      Nun dan mim yang dibaca Izhhr\n5.      Nun dan mim yang berharakah'),
(1397, 6058, 'Apa yang dimaksud dengan idghm mutamtsilain? Berikan contohnya!', 'Memasukkan atau melebur bunyi dua huruf yang sama dalam makhraj dan sifatnya, huruf pertama sukun dan huruf kedua berharkat. \nAdapun contohnya adalah      '),
(1398, 6058, 'Berdasarkan keadaan hurufnya (antara berharakat atau sukun), mutamtsilain dibagi menjadi berapa? sebutkan!', 'Menjadi tiga, yaitu shaghr, kabr, dan mulaq.'),
(1399, 6058, 'Apa yang dimaksud dengan mutamtsilain shaghr?', 'Bertemunya dua huruf yang sama, huruf pertama sukun dan huruf kedua berharakat/mutaharrik. Seperti      '),
(1400, 6058, 'Apa yang dimaksud dengan mutamtsilain kabr?', 'Bertemunya dua huruf yang sama dan keduanya sama-sama berharakat. Seperti       '),
(1401, 6058, 'Apa yang dimaksud dengan mutamtsilain mulaq?', 'Bertemunya dua huruf yang sama, huruf pertama berharkat dan huruf kedua sukun. Seperti '),
(1402, 6058, 'Apa yang dimaksud dengan idghm mutajnisain? Berikan contohnya!', 'Memasukkan atau melebur bunyi dua huruf  yang sama makhrajnya  tetapi berbeda sebagian sifatnya. Huruf yang pertama sukun dan huruf kedua berharakat. Seperti   '),
(1403, 6058, 'Sebutkan huruf-huruf idghm mutajnisain!', '1. Dal bertemu ta, seperti    \n2. Ta bertemu dal, seperti  \n3. Ta bertemu dengan a, seperti   \n4. Tha bertemu dengan Ta, seperti    \n5. Dzal bertemu zha, seperti  \n6. Tsa bertemu dzal, seperti   \n7. Ba bertemu mim, seperti  '),
(1404, 6058, 'Apa saja jenis idghm mutajnisain yang tergolong idghm kmil?', 'Idghm dal terhadap ta, ta terhadap dal, ta terhadap tha, dzal terhadap zha, dan Idghm tsa terhadap dzal.'),
(1405, 6058, 'Apa saja jenis idghm mutajnisain yang tergolong idghm nqish?', 'Idghm tha terhadap ta'),
(1406, 6058, 'Apa yang dimaksud dengan idghm mutaqribain? Berikan contohnya!', 'Memasukkan atau melebur bunyi dua huruf yang makhraj dan sifatnya berdekatan. Seperti   '),
(1407, 6058, 'Sebutkan huruf-huruf idghm mutaqribain', '1.      Lam bertemu ra, seperti    \n2.      Qaf bertemu kaf, seperti  '),
(1408, 6058, 'Ada berapa hukum al (alif lam tarif )? Sebutkan!', 'Ada 2 yaitu izhhr qamaryah dan idghm syamsyah'),
(1409, 6058, 'Berapa jumlah huruf idghm syamsyah? Sebutkan!', '14 huruf, terangkum dalam syair :\n        #      '),
(1410, 6058, 'Berapa jumlah huruf izhhr qamaryah? Sebutkan!', '14 huruf, terangkum dalam syair :\n   '),
(1411, 6058, 'Sebutkan pengertian mad secara bahasa maupun istilah!', 'Secara bahasa, mad berarti panjang atau bertambah. Sedangkan menurut istilah adalah memanjangkan suara sebab salah satu huruf mad bertemu hamzah atau sukun.\nDalam redaksi lain, mad adalah membaca sebuah huruf panjang lebih dari satu alif (Mabadi ilmi al-tajwd li syaikh Bashari Alwi : 45)'),
(1412, 6058, 'Sebutkan tiga macam huruf mad?', '1. Alif berada setelah harakat fathah\n2. Ya sukun berada setelah harakat kasrah\n3. Wawu sukun berada setelah harakat dlammah'),
(1413, 6058, 'Sebutkan pengertian qashr secara bahasa maupun istilah!', 'Secara bahasa, qashr berarti menahan. Sedangkan menurut istilah ahli qiraat adalah membaca huruf panjang tidak lebih dari satu alif (Mabdi ilm al-tajwd li syaikh Bashar Alw : 45)'),
(1414, 6058, 'Berapa harakatkah istilah qashr dalam membaca mad? ', 'Dua harakat'),
(1415, 6058, 'Berapa harakatkah istilah tawassu dalam membaca mad? ', 'Empat harakat'),
(1416, 6058, 'Berapa harakatkah istilah l/isyb dalam membaca mad?', 'Enam harakat'),
(1417, 6058, 'Secara garis besar, ada berapakah mad itu? Sebutkan!', 'Mad terbagi menjadi dua, yaitu mad asli (abi) dan mad far'),
(1418, 6058, 'Apa yang disebut mad ab? Berikan contoh!', 'Setiap huruf alif berada setelah harakat fathah, ya sukun berada setelah harakat kasrah, wawu sukun berada setelah harakat dlammah dan sesudahnya tidak terdapat hamzah atau huruf sukun. Seperti  '),
(1419, 6058, 'Mengapa wawu sukun yang berada setelah dlammah disebut mad ab?', 'Karena orang yang memiliki tabiat yang sehat dan normal akan membacanya sesuai dengan kadarnya, yaitu satu alif, tidak akan menambah atau menguranginya.'),
(1420, 6058, 'Apa nama lain dari mad ab atau mad asli?', 'Mad shghah atau mad dzt'),
(1421, 6058, 'Apa yang disebut mad badal? Berikan contohnya!', 'Huruf mad yang berfungsi sebagai pengganti hamzah yang sukun, seperti :  \n -   '),
(1422, 6058, 'Apa yang disebut mad iwadl? Berikan contohnya!', 'Mad yang disebabkan oleh adanya fathatain ( tanwin fathah) pada akhir kata yang dibaca waqaf, kecuali tanwin fathah di atas ta marbuah. seperti : '),
(1423, 6058, 'Apa perbedaan antara mad badal dengan mad iwadl?', 'Huruf mad pada mad badal merupakan pengganti dari huruf hamzah, sedangkan huruf mad pada mad iwadl merupakan pengganti dari tanwin.'),
(1424, 6058, 'Apa yang dimaksud dengan mad far?', 'Mad yang dibaca lebih dari satu alif karena ada sebab, yaitu bertemu hamzah atau sukun'),
(1425, 6058, 'Di antara sebab mad far adalah bertemu hamzah. Coba sebutkan mad far yang termasuk dalam kelompok ini!', 'Mad wjib muttashil, mad jiz munfashil, dan mad shilah awlah (mad shilah kubr)'),
(1426, 6058, 'Di antara sebab mad far adalah bertemu sukun. Coba sebutkan mad far yang termasuk dalam kelompok ini!', 'Mad ridl li al-sukn, mad lin, dan mad lzim'),
(1427, 6058, 'Apa yang disebut mad wjib muttashil? Berikan contohnya!', 'Apabila mad ab bertemu hamzah dalam satu kata, seperti '),
(1428, 6058, 'Apa alasan dibalik penamaan mad wjib muttasshil?', 'Disebut mad wjib karena semua ahli qiraat sepakat bahwa panjangnya lebih dari dua harakat. Disebut muttashil karena mad bertemu hamzah dalam satu kalimat '),
(1429, 6058, 'Apa yang disebut mad jiz munfashil? berikan contohnya!', ' Apabila mad ab bertemu dengan hamzah di lain kalimat, seperti\n    '),
(1430, 6058, 'Apa alasan dibalik penamaan mad jiz munfashil?', 'Disebut mad jiz karena boleh dibaca dua harakat atau lebih. Disebut munfashil karena mad bertemu hamzah tidak dalam satu kalimat '),
(1431, 6058, 'Apa yang dimaksud dengan  mad jiz hukm?', 'Huruf mad yang dalam penulisan dibuang tetapi tetap ada dalam pengucapan dan diikuti oleh hamzah, seperti :     -     '),
(1432, 6058, 'Secara garis besar, terbagi menjadi berapakah mad shilah? Sebutkan!', 'Terbagi menjadi 2, yaitu mad shilah awlah (mad shilah kubr) dan mad shilah qashrah (mad shilah sughr)'),
(1433, 6058, 'Apa yang dimaksud dengan mad shilah awlah? Berikan contohnya!', 'Ha dlamir yang diapit oleh huruf berharakat dan bertemu dengan hamzah. Seperti         '),
(1434, 6058, 'Dalam ilmu tajwd, mad shilah awlah juga dikenal dengan istilah apa? ', 'Mad jiz hukm'),
(1435, 6058, 'Apa yang dimaksud dengan mad shilah qashrah? Berikan contohnya!', 'Ha dlamir yang diapit oleh huruf berharakat dan tidak bertemu dengan hamzah. Seperti     '),
(1436, 6058, 'Apa nama lain dari mad shilah qashrah? ', 'Mad ab hukm'),
(1437, 6058, 'Apa yang dimaksud dengan mad ridl li al-sukn? Berikan contohnya!', 'Sesudah mad terdapat huruf yang sukun karena waqaf, seperti  '),
(1438, 6058, 'Apa yang dimaksud dengan mad ridl li al-sukn mahmz? Berikan contohnya!', 'Sesudah mad terdapat hamzah yang sukun karena waqaf, seperti   '),
(1439, 6058, 'Apa yang dimaksud dengan mad layn?', 'Huruf wawu atau ya sukun yang terletak sesudah huruf yang berharakat fathah dan diikuti oleh huruf yang sukun karena waqaf.'),
(1440, 6058, 'Apa yang dimaksud dengan mad lzim?', 'Mad ab yang bertemu dengan sukun'),
(1441, 6058, 'Secara rinci, mad lzim terbagi menjadi berapa? Sebutkan!', 'Terbagi menjadi 4, yaitu : mad lzim kilm mutsaqqal, mad lzim kilm mukhaffaf, mad lzim harf mutsaqqal, mad lzim harf mukhaffaf'),
(1442, 6058, 'Apa yang dimaksud dengan mad lzim kilm mutsaqqal?  Berikan contohnya!', 'Mad yang bertemu dengan sukun yang diidghmkan/ditasydid dalam satu kata. Seperti     '),
(1443, 6058, 'Apa yang dimaksud dengan mad lzim kilm mukhaffaf? Berikan contohnya!', 'Mad yang bertemu dengan sukun yang tidak diidghmkan/ditasydid. Seperti '),
(1444, 6058, 'Apa yang dimaksud dengan mad lzim harf mutsaqqal? Berikan contohnya!', 'Mad yang terdapat pada awal surah, yaitu  berbentuk huruf yang diidghmkan. Seperti lam dalam  '),
(1445, 6058, 'Apa yang dimaksud dengan mad lzim harf mukhaffaf? Berikan contohnya !', 'Mad yang terdapat pada awal surah, yaitu berbentuk huruf yang tidak diidghmkan/bertasydid. Contohnya sin pada lafadz '),
(1446, 6058, 'Jelaskan perbedaan mutsaqqal dan mukhaffaf!', 'Mutsaqqal artinya diperberat karena bertemu dengan tasydid. Mukhaffaf  artinya diperingan karena tidak bertemu dengan tasydid.'),
(1447, 6058, 'Apa hukum bacaan huruf-huruf hayyun thahura yang terdapat pada fawti al-suwar?', 'Mad ab harf'),
(1448, 6058, 'Huruf-huruf yang terkumpul dalam   pada fawti al-suwar mempunyai hukum. Apa nama hukumnya?', 'Mad lzim harf'),
(1449, 6058, 'Apa yang dimaksud dengan mad farq? Berikan contonhya!', 'Apabila ada hamzah istifhm bertemu dengan hamzah   , maka hamzah    menjadi mad (huruf panjang). Seperti    '),
(1450, 6058, 'Mad farq seperti    dibaca dengan 2 cara. Sebutkan!', 'Dibaca dengan mad lzim (6 harakat)\nDibaca dengan tas-hl hamzah kedua tanpa mad\n'),
(1451, 6058, 'Kalimat     huruf Ain pada kalimat tersebut boleh dibaca dengan dua cara, yaitu dengan 4 harakat atau 6 harakat. Manakah yang lebih afdlal di antara keduanya?', 'Dibaca dengan 6 harakat lebih afdlal'),
(1452, 6058, 'Sebutkan nama-nama mad yang terdapat dalam ayat berikut ini.\n ', 'Mad lzim mutsaqqal kilm\nMad asli (ab)\nMad iwadl'),
(1453, 6058, 'Sebutkan martib al-mad al-far dari yang terkuat sampai yang paling rendah? ', '1. Mad lzim\n2. Mad wjib muttashil\n3. Mad ridl li al-sukn \n4. Mad jiz munfashil\n5. Mad badal'),
(1454, 6058, 'Disebut apakah bulatan kecil yang diletakkan di atas huruf illat (alif, wawu, dan ya`) yang menunjukan bahwa huruf tersebut tidak dibaca panjang, baik ketika washal maupun waqaf?', 'Shifir Mustadr'),
(1455, 6058, 'Disebut apakah bulatan lonjong yang diletakkan di atas huruf alif yang menunjukan bahwa huruf tersebut dibaca pendek pada saat washal dan dibaca panjang pada saat waqaf?', 'Shifir Mustal'),
(1456, 6058, 'Di dalam Al-Quran terdapat tujuh alif mad yang dibaca panjang saat waqaf dan dibaca pendek saat washal. Sebutkan tiga saja!', '    '),
(1457, 6058, 'Bagaimana cara membaca lafaz  dalam ayat     baik ketika washal maupun waqaf ?', 'Saat washal dibaca:      \nSaat waqaf dibaca:     . \n'),
(1458, 6058, 'Bagaimana cara membaca lafaz  dalam ayat    baik ketika washal maupun waqaf?', 'Saat washal dibaca :   \nSaat waqaf dibaca : .  '),
(1459, 6058, 'Dalam Surat al-Insan, diujung ayat 15 terdapat kata    (memakai alif setelah ra) dan diulang lagi pada ayat selanjutnya (16):    (15) . Bagaimana seharusnya kita membaca keduanya dalam keadaan waqaf dan washal, sesuai dengan kaidah ahkam al-mad wa al-Qashr dan ahkam al-waqf wa al-ibtida!', '1. Jika yang pertama diwashalkan dan diwaqafkan pada yang kedua, maka yang pertama dibaca pendek dan yang kedua dibaca panjang dengan mematikan Ra sebagai mad aridh li as-sukun: 2. Jika yang pertama diwaqafkan dan ibtida dari yang kedua serta mewashalkannya, maka yang pertama dibaca panjang 2 harakat dan yang kedua dibaca pendek 3. Jika kedua-duanya diwashalkan, maka keduanya dibaca pendek'),
(1460, 6058, 'Dalam surat Hud ayat 68 terdapat kalimat:      Memakai alif setelah dal. Bagaimana cara membaca kata tsamud ketika waqaf dan washal sesuai dengan kaidah ahkam al-mad wa al-Qashr dan ahkam al-waqf wa al-ibtida!', '1. Bila diwashalkan dibaca pendek 2. Bila diwaqafkan maka dal nya dimatikan menjadi mad aridh li as-sukun.'),
(1461, 6058, 'Bagaimana cara membaca lafaz  dalam ayat      baik ketika washal maupun waqaf?', 'Saat washal dibaca:\n      \nSaat waqaf dibaca:\n    . /    . '),
(1462, 6058, 'Apa yang dimaksud dengan makhrij al-hurf ?', 'Tempat-tempat keluarnya huruf'),
(1463, 6058, 'Menurut Imam Ibn al-Jazary, makhrij al-hurf dibagi menjadi 17 kemudian  diringkas menjadi berapa? sebutkan!', 'Menjadi lima yaitu: 1. alq, 2. Syafaw, 3. Lisn, 4. Jauf, 5. Khaisym'),
(1464, 6058, 'Apa yang dimaksud dengan makhraj muhaqqaq? ', 'Makhraj huruf yang bersandar atau menempel pada bagian tertentu dari mulut, seperti bibir, lidah atau tenggorokan.'),
(1465, 6058, 'Apa yang dimaksud dengan makhraj muqaddar?', 'Makhraj huruf yang tidak bersandar atau menempel pada bagian tertentu dari mulut. Makhraj muqaddar ini hanya khusus pada makhraj jauf dan khaisym. '),
(1466, 6058, 'Apakah yang dimaksud dengan al-jauf? sebutkan huruf-hurufnya!', 'Rongga mulut dan tenggorokan. Hurufnya adalah semua huruf mad'),
(1467, 6058, 'Apa yang dimaksud dengan aqsh al-alqi ?', 'Pangkal tenggorokan atau tenggorokan bagian bawah'),
(1468, 6058, 'Di manakah makhraj huruf hamzah dan ha? ', 'Tenggorokan bagian bawah atau pangkal tenggorokan'),
(1469, 6058, 'Apa yang dimaksud dengan was al-alqi ?', 'Tenggorokan bagian tengah'),
(1470, 6058, 'Sebutkan huruf yang keluar dari tengah-tengah tenggorokan (was al-alqi)? ', ' dan  '),
(1471, 6058, 'Apa yang dimaksud dengan adn al-alqi? ', 'Ujung tenggorokan atau tenggorokan bagian atas'),
(1472, 6058, 'Di manakah makhraj huruf   dan  ?', 'Ujung tenggorokan atau tenggorokan bagian atas (adn al-alqi)'),
(1473, 6058, 'Dalam makharij al-huruf dikenal istilah al-lisan. Jelaskan!', 'Dinamakan al-lisan karena tempat keluarnya huruf-huruf berasal dari lidah. Sebenarnya, huruf-huruf hijaiyyah yang makhrajnya berasal dari al-lisan ada 18 huruf.'),
(1474, 6058, 'Apa yang dimaksud dengan aqsh al-lisn? ', 'Pangkal lidah atau lidah bagian bawah'),
(1475, 6058, 'Huruf apakah yang keluar dari aqsh al-lisn? ', 'Qaf dan kaf'),
(1476, 6058, 'Huruf apakah yang keluar dari pangkal lidah bagian dalam? ', 'Qaf'),
(1477, 6058, 'Sebutkan huruf  yang keluar dari pangkal lidah bagian depan ! ', 'Kaf'),
(1478, 6058, 'Jelaskan dengan detail makhraj huruf qaf !', 'Pangkal lidah dekat anak lidah dengan langit-langit mulut yang lurus di atasnya (pangkal lidah yang berdekatan dengan tenggorokan dan ditekankan pada langit-langit mulut bagian belakang)'),
(1479, 6058, 'Jelaskan dengan detail makhraj huruf kaf !', 'Pangkal lidah dengan langit-langit mulut yang lurus di atasnya, agak keluar sedikit dari makhraj huruf qaf (pangkal lidah bagian tengah dan ditekankan pada langit-langit mulut bagian tengah)'),
(1480, 6058, 'Apa yang dimaksud dengan was al-lisn ?', 'Lidah bagian tengah'),
(1481, 6058, 'Di manakah makhraj huruf jim, syin, ya?', 'Lidah bagian tengah dengan langit-langit mulut yang lurus di atasnya'),
(1482, 6058, 'Apa yang dimaksud dengan hffat al-lisn?', 'Tepi lidah'),
(1483, 6058, 'Di manakah makhraj huruf dlad?', 'Salah satu tepi lidah dengan geraham atas'),
(1484, 6058, 'Huruf dlad adalah salah satu huruf hijaiyah yang sulit diucapkan, bahkan Rasulullah pernah berkomentar tentang huruf tersebut. Bagaimana komentar Rasulullah tentang huruf dlad ?', '      '),
(1485, 6058, 'Apa yang dimaksud dengan ras al-lisn/ arf al-lisn?', 'Ujung lidah'),
(1486, 6058, 'Di manakah makhraj huruf lam?', 'Lidah bagian depan setelah makhraj dlad dengan gusi bagian atas'),
(1487, 6058, 'Di manakah makhraj huruf nun izhhr?', 'Ujung lidah dengan gusi bagian atas agak keluar sedikit dari makhraj lam'),
(1488, 6058, 'Di manakah makhraj huruf nun idghm dan ikhf?', 'Pangkal hidung'),
(1489, 6058, 'Di manakah makhraj huruf ra? ', 'Ujung lidah agak ke dalam sedikit, lebih ke dalam dari pada makhraj nun ( ujung lidah dan menempatkan lidah pada langit-langit mulut atas)'),
(1490, 6058, 'Di manakah makhraj huruf ta , dal, tha?', 'Ujung lidah dengan pangkal dua gigi seri atas'),
(1491, 6058, 'Di manakah makhraj huruf shad, zay, sin?', 'Ujung lidah dengan rongga antara gigi atas dan gigi bawah, dekat dengan gigi atas'),
(1492, 6058, 'Di manakah makhraj huruf  tsa, dzal, zha?', 'Ujung lidah bekerjasama dengan ujung dua buah gigi seri atas'),
(1493, 6058, 'Dalam makharij al-huruf dikenal istilah al-syafatain. Jelaskan!', 'Dinamakan al-syafatain karena tempat keluarnya huruf-huruf berasal dari bibir. Adapun huruf-huruf hijaiyyah yang makhrajnya berasal dari al-syafatain atau dua bibir adalah ba, mim, fa, dan wawu'),
(1494, 6058, 'Di manakah makhraj huruf  fa?', 'Bagian tengah dari bibir bawah dengan ujung dua buah gigi yang atas'),
(1495, 6058, 'Di manakah makhraj huruf wawu, ba, mim?', 'Kedua bibir atas dan bawah bersama-sama (syafatain). Huruf wawu bibir dimajukan membentuk bulatan. Huruf ba bibir bagian dalam. Huruf mim bagian luar.'),
(1496, 6058, 'Apa perbedaan makhraj fa dengan mim? ', 'Makhraj fa yaitu kerjasama antara ujung gigi atas dengan bibir bawah. Sedangkan makhraj mim kerja sama bibir atas dengan bibir bawah.'),
(1497, 6058, 'Dalam makharij al-huruf dikenal istilah al-khaisyum. Jelaskan!', 'Dinamakan al-khaisyum karena tempat keluarnya huruf-huruf berasal dari hidung. Artinya jika kita menutup hidung, maka huruf-huruf yang makhrajnya berasal dari al-khaisyum tidak terdengar dengan jelas. Adapun huruf-hurufnya adalah sebagaimana berikut ini: nun ditasydid, mim ditasydid, nun sukun sebab idghom bigunnah, iqlab, dan ikhfa haqiqi, mim sukun bertemu mim dan ba\''),
(1498, 6058, 'Apa yang di maksud dengan ushl al-tsany?', 'Pangkal gigi seri '),
(1499, 6058, 'Apa yang dimaksud dengan al-an yb?', 'Gigi taring'),
(1500, 6058, 'Apa yang dimaksud dengan al-rubyyt?', 'Antara gigi taring dan gigi seri'),
(1501, 6058, 'Apa yang dimaksud dengan al-adlrs?', 'Gigi geraham'),
(1502, 6058, 'Apa yang dimaksud dengan aqsh al-hanak al-al?', 'Langit-langit mulut terdalam'),
(1503, 6058, 'Apa yang dimaksud dengan al-hanak al-al?', 'Langit-langit mulut'),
(1504, 6058, 'Apa yang dimaksud dengan al-laht?', 'Anak lidah'),
(1505, 6058, 'Apa yang dimaksud dengan al-syafat al-uly?', 'Bibir atas'),
(1506, 6058, 'Apa yang dimaksud dengan al-syafat as-sufl?', 'Bibir bawah'),
(1507, 6058, 'Sebutkan macam-macam laqab huruf !', '1.      alqyah\n2.      Janbyah\n3.      Dzalqyah\n4.      Nayah\n5.      Asalyah\n6.      Lahawyah\n7.      Syajaryah\n8.      Jaufyah\n9.      Litsawyah\n10.   Syafawyah'),
(1508, 6058, 'Apa yang dimaksud dengan jaufyah? Sebutkan huruf-hurufnya!', 'Laqab huruf yang keluar dari rongga mulut dan tenggorokan. Hurufnya yaitu huruf mad'),
(1509, 6058, 'Apa yang dimaksud dengan alqyyah? Sebutkan huruf-hurufnya!', 'Laqab huruf yang keluar dari tenggorokan. Hurufnya yaitu:\n ,  , , , , '),
(1510, 6058, 'Apa yang dimaksud dengan lahawyah? Sebutkan huruf-hurufnya!', 'Laqab huruf yang keluar dari dekat anak lidah. Hurufnya yaitu ,  '),
(1511, 6058, 'Apa yang di maksud dengan syajaryah? Sebutkan huruf-hurufnya!', 'Laqab huruf yang keluar dari lidah bagian tengah. Hurufnya yaitu , ,  '),
(1512, 6058, 'Apa yang di maksud dengan makhraj janbyah? Sebutkan huruf-hurufnya!', 'Laqab huruf yang keluar dari tepi lidah. Hurufnya yaitu dlad'),
(1513, 6058, 'Apa yang dimaksud dengan nayyah? Sebutkan huruf-hurufnya!', 'Laqab huruf yang makhrajnya dekat dengan langit-langit mulut atas bagian depan ( laqab huruf-huruf yang keluar pada ujung lidah dengan urat gigi yang di atas). Hurufnya ta, dal, tha.'),
(1514, 6058, 'Apa yang dimaksud dengan litsawyah? Sebutkan huruf-hurufnya!', 'Laqab huruf yang makhrajnya dekat dengan gusi. Huruf-hurufnya yaitu Dha, dzal dan tsa'),
(1515, 6058, 'Apakah yang disebut dengan laqab huruf asalyah? sebutkan huruf-hurufnya!', 'Laqab huruf yang keluar dari lidah bagian depan, hurufnya ada tiga yaitu shad, zay dan sin'),
(1516, 6058, 'Huruf shad, Zay dan Sin mempunyai sebutan atau laqab tersendiri. Apa nama laqob huruf tersebut, jelaskan pengertiannya dan memiliki sifat apa?', 'Asaliyah atau Ashliyah. Artinya huruf yang keluar dari ujung lidah dengan papan urat gigi di atas (dari ujung lidah bagian depan). Shifatnya adalah Shafir.'),
(1517, 6058, 'Apa yang dimaksud dengan dzalqyah? sebutkan huruf-hurufnya !', 'Laqab huruf yang keluar dari ujung lidah. Hurufnya yaitu lam, nun, ra'),
(1518, 6058, 'Apa yang dimaksud denga syafawyah ?.Sebutkan huruf-hurufnya !', 'Laqab huruf yang keluar dari bibir. Hurufnya yaitu mim, ba, wawu dan fa'),
(1519, 6058, 'Apa yang dimaksud dengan sifat huruf ?', 'Secara bahasa sifat adalah suatu keadaan yang melekat pada sesuatu yang lain. Sedangkan menurut istilah adalah tatacara yang menjabarkan keadaan huruf ketika diucapkan sesuai makhraj, seperti nafas tertahan, suara terlepas, dan lain sebagainya. (Taufq al-ramn f tajwd Al-Quran: 28)'),
(1520, 6058, 'Berdasarkan melekat tidaknya pada huruf, terbagi berapakah sifat huruf itu ? Sebutkan !', 'Terbagi menjadi dua, yaitu sifat dztiyah dan sifat ridly'),
(1521, 6058, 'Dalam bab sifat al-huruf, ada istilah sifat dztiyah. Apa yang dimaksud dengan sifat dztiyah?', 'Sifat yang senantiasa melekat kepada huruf dan sama sekali tidak bisa dipisahkan dari huruf tersebut, baik huruf tersebut sukun atau berharakat dengan harakat apapun saja.'),
(1522, 6058, 'Dalam bab sifat al-huruf, ada istilah sifat ridly. Apa yang dimaksud dengan sifat ridly?', 'Sifat yang tidak melekat terhadap huruf, sehingga bisa terpisah dari huruf'),
(1523, 6058, 'Sifat dztiyah huruf terbagi menjadi dua, yaitu sifat yang berlawanan dan sifat yang tidak berlawanan. Sebutkan sifat-sifat huruf yang berlawanan !', '1.      Jahr lawan dari hams\n2.      Syiddah lawan dari rikhwah\n3.      Istil lawan dari istifl\n4.      Ibq lawan dari infit\n5.      Idzlq lawan dari ishmt'),
(1524, 6058, 'Sifat dztiyah huruf terbagi menjadi dua, yaitu sifat yang berlawanan dan sifat yang tidak berlawanan. Sebutkan sifat-sifat yang tidak berlawanan !', '1.      Shafr\n2.      Qalqalah\n3.      Inirf\n4.      Takrr\n5.      Tafasysy\n6.      Istilah\n7.      Al-layn\n8.      Ghunnah'),
(1525, 6058, 'Ada berapakah sifat huruf yang tergolong dalam al-shift al-qawyah? Sebutkan!', 'Ada sebelas, yaitu jahr, syiddah, istil, Ibq, shafr, qalqalah, inirf, takrr, tafasysy, istilah, dan ghunnah.'),
(1526, 6058, 'Ada berapakah sifat huruf yang tergolong dalam al-shift al-dlafah? Sebutkan!', 'Ada enam, yaitu hams, rikhwah, istifl, infit, al-layn, dan khaf.'),
(1527, 6058, 'Berdasarkan kuat tidaknya sifat yang dimiliki, huruf hijaiyah terbagi menjadi berapa? Sebutkan!', 'Terbagi menjadi lima, yaitu :\n1.      Huruf yang semua sifatnya kuat, yaitu huruf tha\n2.      Huruf yang rata-rata sifatnya kuat, yaitu huruf ba, jim, dal, ra, shad, dlad, dha, qaf\n3.      Huruf yang rata-rata sifatnya lemah, yaitu ta, kha, dzal, zay, sin, syin, ain, kaf, wawu dan ya yng tidak termasuk huruf mad\n4.      Huruf yang seimbang antara sifat yang kuat dengan sifat yang lemah, yaitu hamzah, ghain, lam, nun, mim\n5.      Huruf yang semua sifatnya lemah, yaitu tsa, ha, fa, al-ha, dan huruf-huruf mad\n(Taufq al-ramn f tajwd Al-Quran : 41-42)'),
(1528, 6058, 'Apa faidah mengetahui sifat-sifat huruf ?', '1.      Dapat membedakan huruf-huruf yang makhrajnya sama\n2.      Dapat mengetahui huruf yang kuat dan yang lemah, sehingga bisa mengetahui huruf yang boleh diidghmkan dan yang tidak boleh diidghmkan \n3.      Memperbagus pengucapan huruf'),
(1529, 6058, 'Apa yang dimaksud sifat al-hams?', 'Secara bahasa al-hams berarti samar. Sedangkan menurut istilah adalah terlepasnya nafas ketika mengucapkan huruf karena lemahnya sandaran huruf pada makhraj'),
(1530, 6058, 'Ada berapakah huruf yang bersifat hams? Sebutkan', 'Ada sepuluh terkumpul dalam kalimat :\n  '),
(1531, 6058, 'Apa yang dimaksud dengan sifat al-jahr? ', 'Secara bahasa al-jahr berarti tampak atau terang. Sedangkan menurut istilah adalah tertahannya nafas ketika mengucapkan huruf karena kuatnya sandaran huruf pada makhraj'),
(1532, 6058, 'Ada berapakah huruf yang bersifat al-jahr? Sebutkan', 'Ada sembilan belas terkumpul dalam kalimat :\n      '),
(1533, 6058, 'Apa yang dimaksud dengan al-syiddah ()?.', 'Secara bahasa al-syiddah berarti kuat. Sedangkan menurut istilah adalah tertahannya suara ketika mengucapkan huruf karena kuatnya sandaran huruf pada makhraj'),
(1534, 6058, 'Ada berapakah huruf-huruf yang bersifat al-syiddah? Sebutkan!', 'Ada delapan terkumpul dalam kalimat :\n  '),
(1535, 6058, 'Apa yang dimaksud dengan al-rikhwah?', 'Secara bahasa al-rikhwah berarti lunak. Sedangkan menurut istilah adalah terlepasnya suara bersama huruf ketika huruf itu ducapkan, karena lemahnya sandaran huruf pada makhraj.'),
(1536, 6058, 'Ada berapakah huruf-huruf yang bersifat al-rikhwah? Sebutkan!', 'Ada enam belas terkumpul dalam kalimat :\n      '),
(1537, 6058, 'Tawassu atau bainyyah adalah nama sifat yang terdapat di antara dua sifat yang saling berlawanan. Di antara sifat apakah tawassu atau bainyyah itu berada? ', 'Rikhwah dan syiddah'),
(1538, 6058, 'Apa yang dimaksud dengan tawassu?', 'Secara bahasa tawassu berarti tengah-tengah. Sedangkan menurut istilah adalah suara antara tertahan dan terlepas ketika mengucapkan huruf.'),
(1539, 6058, 'Sebutkan huruf-huruf yang bersifat tawassu atau bainyyah? ', ' (    ) '),
(1540, 6058, 'Apa perbedaan syiddah dan al-jahr?', 'Syiddah adalah tertahannya suara ketika huruf-huruf itu dilafalkan. Sedangkan  al-jahru adalah tertahannya nafas ketika huruf-huruf itu dilafalkan'),
(1541, 6058, 'Apa yang dimaksud dengan al-istil?', 'Secara bahasa al-istil adalah naik atau terangkat. Sedangkan menurut istilah adalah terangkat atau naiknya lidah ke langit-langit mulut ketika huruf-huruf itu diucapkan sehingga suara menjadi lebih tebal.'),
(1542, 6058, 'Sebutkan huruf-huruf yang bersifat al-istil?                               ', '       (  )'),
(1543, 6058, 'Apa yang dimaksud dengan al-istifl? ', 'Secara bahasa al-istifl  berarti turun. Sedangkan menurut istilah adalah turunnya  lidah ke dasar mulut ketika mengucapkan huruf. '),
(1544, 6058, 'Ada berapakah huruf-huruf yang bersifat al-istifl? Sebutkan!', 'Ada dua puluh dua terkumpul dalam kalimat :\n       '),
(1545, 6058, 'Apa yang dimaksud dengan al- ibq menurut bahasa dan istilah ?', 'Menurut bahasa adalah melekat (al-ilshq) \nMenurut istilah yaitu lidah melekat pada langit-langit mulut ketika mengucapkan huruf\n'),
(1546, 6058, 'Sebutkan huruf-huruf yang memiliki sifat al-ibq?', 'Shad, Dlad, Tha, Zha'),
(1547, 6058, 'Apa arti al-infit menurut bahasa dan istilah ?', 'Menurut bahasa yaitu terlepas atau terbuka (al-infirq). Menurut istilah yaitu lidah merenggang dari langit-langit mulut ketika mengucapkan huruf'),
(1548, 6058, 'Ada berapakah huruf-huruf yang bersifat al-infit? Sebutkan!', 'Ada dua puluh lima terkumpul dalam kalimat :\n        '),
(1549, 6058, 'Apa yang dimaksud dengan al-idzlq? ', 'Secara bahasa al-idzlq berarti ujung. Sedangkan menurut istilah adalah huruf-huruf yang keluar dari ujung lidah atau ujung bibir sehingga cepat terucapkan'),
(1550, 6058, 'Sebutkan huruf-huruf yang memiliki sifat al-idzlq?', '  '),
(1551, 6058, 'Apa yang dimaksud dengan al-ishmt? ', 'Secara bahasa al-ishmt adalah menahan atau diam. Sedangkan menurut istilah adalah huruf yang agak berat dan tidak dapat dilafadzkan dengan cepat karena makhrojnya tidak berada di ujung lidah atau ujung bibir. '),
(1552, 6058, 'Ada berapakah huruf-huruf yang bersifat al-ishmt? Sebutkan!', 'Ada dua puluh tiga terkumpul dalam kalimat :\n       '),
(1553, 6058, 'Di antara sifat huruf adalah takrr. Apa yang dimaksud dengan takrr dan apa hurufnya?', 'Secara bahasa takrr berarti mengulang. Sedangkan menurut istilah adalah bergetarnya ujung lidah ketika mengucapkan huruf. Hurufnya yaitu ra.'),
(1554, 6058, 'Di antara sifat huruf adalah tafasysy. apa yang dimaksud dengan tafassy dan apa hurufnya?', 'Secara bahasa tafassy berarti meluas atau tersebar. Sedangkan menurut istilah adalah meratanya angin dalam mulut ketika mengucapkan huruf. Hurufnya Syin.'),
(1555, 6058, 'Dalam proses pengucapan tafasysyi dapat dibagi menjadi 3 bagian. Sebutkan!', 'yaitu : a. Tafasysyi Kubra, jika syinnya bertasydid. Contoh:  ,  b. Tafasysyi Wustha, jika syinnya sukun. Contoh:  ,  c. Tafasysyi shughra, yaitu apabila syinnya berharakat fathah, dhommah atau kasrah. Contoh:  ,  , '),
(1556, 6058, 'Setiap huruf sedikitnya mempunyai lima sifat dan terbanyak tujuh sifat. Huruf apakah yang mempunyai tujuh sifat? ', 'Huruf ra '),
(1557, 6058, 'Apa arti al-inirf menurut bahasa dan istilah?.', 'Menurut bahasa yaitu condong. Sedangkan menurut istilah yaitu condongnya huruf dari makhrajnya sendiri ke makhraj yang lain'),
(1558, 6058, 'Sebutkan huruf-huruf yang bersifat al-inirf?', ' dan   (Lam, Ra)'),
(1559, 6058, 'Sifat huruf yang memanjangkan suara dari permulaan tepi lidah sampai ujung lidah disebut apa?', 'al-istilah'),
(1560, 6058, 'Apakah nama sifat huruf yang tidak berlawanan yang dimiliki huruf dlad? ', 'al-istilah'),
(1561, 6058, 'Jelaskan pengertian sifat huruf isthithalah secara  istilah dan sebutkan huruf-hurufnya!', 'Yaitu membunyikan huruf tertentu dengan memanjangkan suaranya dari permulaan tepi lidah hingga penghabisan lidah (sampai bersambung dengan makhraj lam), huruf isthithalah hanya :'),
(1562, 6058, 'Apa yang dimaksud dengan sifat al-shafr menurut bahasa dan istilah?', 'Menurut bahasa yaitu siul atau seruit.\nMenurut istilah yaitu sifat dari huruf-huruf yang apabila dilafalkan keluar suara atau seruit bagaikan siul burung, lebah, atau belalang'),
(1563, 6058, 'Sebutkan huruf huruf yang bersifat al-shafr? ', 'Zai, Sin dan Shad'),
(1564, 6058, 'Apa arti qalqalah menurut bahasa dan istilah?', 'Menurut bahasa artinya bergoncang (al-idlirb)\nMenurut istilah  terjadinya  goncangan  pada  makhraj  sehingga  terdengar pantulan suara yang kuat ketika mengucapkan huruf'),
(1565, 6058, 'Terbagi berapakah qalqalah itu? Sebutkan!', 'Qalqalah terbagi dua : Qalqalah kubr dan shughr'),
(1566, 6058, 'Ada berapakah tingkatan qalqalah (martib al-qalqalah) ? Sebutkan!', '1.      Waqaf di huruf qalqalah yang bertasydid, seperti  \n2.      Waqaf di huruf qalqalah yang sukun, seperti  - \n3.      Huruf qalqalah sukun, seperti '),
(1567, 6058, 'Apa yang dimaksud dengan al-layn?', 'Secara bahasa berarti lunak. Sedangkan menurut istilah adalah mengeluarkan huruf secara lunak tanpa paksaan. Al-layn ini merupakan sifat dari huruf wawu atau ya sukun dan berada setelah harakat fathah'),
(1568, 6058, 'Jelaskan pengertian sifat huruf Ghunnahsecara istilah dan sebutkan huruf-hurufnya!', 'Yaitu membunyikan huruf tertentu dengan mendengungkan suara yang keluar dari pangkal hidung. Huruf ghunnah yaitu: baik hidup maupun mati, idzhar, ikhfa maupun idgham.'),
(1569, 6058, 'Sebutkan lima sifat huruf yang dimiliki oleh huruf alif. Sebutkan lima sifat huruf tersebut!', 'al-jahr, al-rakhawah, al-istifl, al-infit, al-ishmt'),
(1570, 6058, 'Sebutkan lima sifat huruf yang dimiliki oleh huruf hamzah. Sebutkan lima sifat huruf tersebut!', 'al-jahr, al-syiddah, al-istifl, al-infit, al-ishmt'),
(1571, 6058, 'Ada enam sifat huruf yang dimiliki oleh huruf ba. Sebutkan enam sifat huruf tersebut!', 'al-jahr, al-syiddah, al-istifl, al-infit,al-idzlq, dan al-qalqalah'),
(1572, 6058, 'Ada lima sifat huruf yang dimiliki oleh huruf ta. Sebutkan lima sifat huruf tersebut!', 'al-hams, al-syiddah, al-istifl, al-infit, al-ishmt'),
(1573, 6058, 'Ada lima sifat huruf yang dimiliki oleh huruf tsa. Sebutkan lima sifat huruf tersebut!', 'al-hams, al-rakhawah, al-istifl, al-infit, al-ishmt'),
(1574, 6058, 'Ada enam sifat huruf yang dimiliki oleh huruf jim. Sebutkan enam sifat huruf tersebut!', 'al-jahr, al-syiddah, al-istifl, al-infit, al-ishmt, dan al-qalqalah'),
(1575, 6058, 'Ada lima sifat huruf yang dimiliki oleh huruf ha (   ). Sebutkan lima sifat huruf tersebut!', 'al-hams, al-rakhawah, al-istifl, al-infit, al-ishmt'),
(1576, 6058, 'Ada lima sifat huruf yang dimiliki oleh huruf kha. Sebutkan lima sifat huruf tersebut!', ' al-hams, al-rakhawah, al-istil, al-infit, al-ishmt'),
(1577, 6058, 'Ada enam sifat huruf yang dimiliki oleh huruf dal. Sebutkan enam sifat huruf tersebut!', 'al-jahr, al-syiddah, al-istifl, al-infit, al-ishmt, dan al-qalqalah'),
(1578, 6058, 'Ada lima sifat huruf yang dimiliki oleh huruf dzal. Sebutkan lima sifat huruf tersebut!', 'al-jahr, al-rakhawah, al-istifl, al-infit, al-ishmt'),
(1579, 6058, 'Ada tujuh sifat huruf yang dimiliki oleh huruf ra. Sebutkan tujuh sifat huruf tersebut!', 'al-jahr, at-tawassuth, al-istifl, al-infit, al-idzlq, al-inhiraf, dan al-takrr'),
(1580, 6058, 'Ada enam sifat huruf yang dimiliki oleh huruf zay. Sebutkan enam sifat huruf tersebut!', 'al-jahr, al-rakhawah, al-istifl, al-infit, al-ishmt, dan al-shafr'),
(1581, 6058, 'Ada enam sifat huruf yang dimiliki oleh huruf sin. Sebutkan enam sifat huruf tersebut!', 'al-hams, al-rakhawah, al-istifl, al-infit, al-ishmt, dan al-shafr'),
(1582, 6058, 'Ada enam sifat huruf yang dimiliki oleh huruf syin. Sebutkan enam sifat huruf tersebut!', 'al-hams, al-rakhawah, al-istifl, al-infit, al-ishmt, dan al-tafasysy'),
(1583, 6058, 'Ada enam sifat huruf yang dimiliki oleh huruf shad. Sebutkan enam sifat huruf tersebut!', 'al-hams, al-rakhawah, al-istil, al-ibq, al-ishmt, dan al-shafr'),
(1584, 6058, 'Ada enam sifat huruf yang dimiliki oleh huruf dlad. Sebutkan enam sifat huruf tersebut!', 'al-jahr, al-rakhawah, al-istil, al-ibq, al-ishmt, dan al-istilah'),
(1585, 6058, 'Ada enam sifat huruf yang dimiliki oleh huruf tha. Sebutkan enam sifat huruf tersebut!', 'al-jahr, al-syiddah, al-istil, al-ibq, al-ishmt, dan al-qalqalah'),
(1586, 6058, 'Ada lima sifat huruf yang dimiliki oleh huruf zha. Sebutkan lima sifat huruf tersebut!', 'al-jahr, al-rakhawah, al-istil, al-ibq, dan al-ishmt'),
(1587, 6058, 'Ada lima sifat huruf yang dimiliki oleh huruf ain. Sebutkan lima sifat huruf tersebut!', 'al-jahr, al-tawassuth, al-istifl, al-infit, dan al-ishmt'),
(1588, 6058, 'Ada lima sifat huruf yang dimiliki oleh huruf ghain. Sebutkan lima sifat huruf tersebut!', ' al-jahr, al-rakhawah, al-istil, al-infit, dan al-ishmt'),
(1589, 6058, 'Ada lima sifat huruf yang dimiliki oleh huruf fa. Sebutkan lima sifat huruf tersebut!', 'al-hams, al-rakhawah, al-istifl, al-infit, al-idzlq'),
(1590, 6058, 'Ada enam sifat huruf yang dimiliki oleh huruf qaf. Sebutkan enam sifat huruf tersebut!', 'al-jahr, al-syiddah, al-istil, al-infit, al-ishmt, dan al-qalqalah'),
(1591, 6058, 'Ada lima sifat huruf yang dimiliki oleh huruf kaf. Sebutkan lima sifat huruf tersebut!', 'al-hams, al-syiddah, al-istifl, al-infit, al-ishmt'),
(1592, 6058, 'Ada enam sifat huruf yang dimiliki oleh huruf lam. Sebutkan enam sifat huruf tersebut!', 'al-jahr, al-tawassuth, al-istifl, al-infit, al-idzlq, dan al-inirf'),
(1593, 6058, 'Ada lima sifat huruf yang dimiliki oleh huruf mim. Sebutkan lima sifat huruf tersebut!', 'al-jahr, al-tawassuth, al-istifl, al-infit, al-idzlq\nSebagian ulama ada yang menambahkan satu sifat lagi, yaitu ghunnah'),
(1594, 6058, 'Ada lima sifat huruf yang dimiliki oleh huruf nun. Sebutkan lima sifat huruf tersebut!', 'al-jahr, al-tawassuth, al-istifl, al-infit, al-idzlq\nSebagian ulama ada yang menambahkan satu sifat lagi, yaitu ghunnah'),
(1595, 6058, 'Ada enam sifat huruf yang dimiliki oleh huruf wawu. Sebutkan enam sifat huruf tersebut!', 'al-jahr, al-rakhawah, al-istifl, al-infit, al-ishmt, dan al-lin'),
(1596, 6058, 'Ada lima sifat huruf yang dimiliki oleh huruf ha (). Sebutkan lima sifat huruf tersebut!', 'al-hams, al-rakhawah, al-istifl, al-infit, dan al-ishmt'),
(1597, 6058, 'Ada enam sifat huruf yang dimiliki oleh huruf ya. Sebutkan enam sifat huruf tersebut!', 'al-jahr, al-rakhawah, al-istifl, al-infit, al-ishmt, dan al-lain'),
(1598, 6058, 'Di antara sifat huruf yang ridly adalah tafkhm. Apa yang dimaksud dengan tafkhm?', 'Secara bahasa tafkhm berarti menggemukkan. Sedangkan menurut istilah adalah menjadikan suatu huruf gemuk (tebal) dalam makhrajnya dan kuat dalam sifatnya. (Hidyat al-qri ila tajwd al-kalm al-Bri : 103)'),
(1599, 6058, 'Di antara sifat huruf yang ridly adalah tarqq. Apa yang dimaksud dengan tarqq?', 'Secara bahasa tarqq berarti menguruskan. Sedangkan menurut istilah adalah menjadikan suatu huruf kurus (tipis) dalam makhrajnya dan lemah dalam sifatnya'),
(1600, 6058, 'Dari sisi tafkhm atau tarqq, terbagi berapakah huruf hijaiyah itu? Sebutkan! ', 'Terbagi menjadi tiga, yaitu :\n1.         Huruf yang dibaca tafkhm dalam semua keadaan\n2.         Huruf yang dibaca tarqq dalam semua keadaan\n3.         Huruf yang terkadang dibaca tafkhm dan terkadang dibaca tarqq'),
(1601, 6058, 'Apa saja huruf yang dibaca tafkhm dalam semua keadaan?', 'Semua huruf istil, baik huruf tersebut berharkat fathah, kasrah, dlammah, maupun sukun. Huruf istil yang merangkap sebagai huruf ibq, maka harus lebih tafkhm lagi'),
(1602, 6058, 'Ada berapakah tingkatan tafkhm (martib al-tafkhm) dari huruf istil? Sebutkan!', 'Ada lima, yaitu :\n1.      Berharakat fathah dan sesudahnya adalah huruf alif, seperti  \n2.      Berharakat fathah dan sesudahnya bukan alif, seperti  \n3.      Berharakat dlammah, seperti  \n4.      Sukun, seperti    \n5.      Berharkat kasrah, seperti '),
(1603, 6058, 'Apa saja huruf yang dibaca tarqq dalam semua keadaan?', 'Semua huruf istifl selain huruf ra, al-alif al-maddiyah, dan lam dalam lafzh al-jallah'),
(1604, 6058, 'Apa saja huruf yang terkadang dibaca tafkhm dan terkadang dibaca tarqq?', '1.      Huruf mad alif (al-alif al-maddiyah)\n2.      Lam dalam lafzh al-jallah\n3.      Ra\n4.      Ghunnah'),
(1605, 6058, 'Kapan al-alif al-maddiyah dibaca tafkhm? Berilah contoh!', 'Jika berada setelah huruf tafkhm seperti - - '),
(1606, 6058, 'Kapan al-alif al-maddiyah dibaca tarqq? Berilah contoh!', 'Jika berada setelah huruf tarqq seperti -- '),
(1607, 6058, 'Kapan lam dalam lafzh al-jallah dibaca tafkhm? Berilah contoh!', 'Jika berada setelah huruf berharakat fathah atau dlammah, seperti:\n  - '),
(1608, 6058, 'Kapan lam dalam lafzh al-jallah dibaca tarqq? Berilah contoh!', 'Jika berada setelah huruf berharakat kasrah, seperti   '),
(1609, 6058, 'Ra dibaca tafkhm dalam delapan keadaan. Sebutkan empat di antaranya lengkap dengan contoh masing-masing! ', '1.      Ra berharkat fathah, baik berada di awal, tengah, atau akhir kata. Seperti -- \n2.      Ra berharkat dlammah, baik berada di awal, tengah, atau akhir kata. Seperti --\n3.      Ra sukun berada setelah harkat fathah. Seperti  \n4.      Ra sukun berada setelah harkat dlammah. Seperti '),
(1610, 6058, 'Mengapa ra pada kata  dibaca tebal? ', 'Karena ra sukun didahului oleh kasrah ridlah atau ra sukun berada setelah hamzah washal');
INSERT INTO `soal` (`id`, `idbidang`, `soal`, `jawaban`) VALUES
(1611, 6058, 'Mengapa ra dalam lafadz   dibaca tebal? ', 'Sebab ra sukun berada setelah harakat kasrah bertemu dengan huruf  istil yang berharkat fathah dalam satu kalimat.'),
(1612, 6058, 'Dalam Al-Quran, ra sukun berada setelah harakat kasrah bertemu dengan huruf istil yang berharkat fathah dalam satu kalimat hanya terdapat dalam lima kata. Sebutkan lima kata tersebut !', '       '),
(1613, 6058, 'Mengapa ra dalam lafadz   dibaca tebal ketika waqaf? ', 'Karena ra sukun berada setelah huruf selain ya yang sukun dan sebelum huruf sukun tersebut terdapat harkat dlammah '),
(1614, 6058, 'Mengapa ra dalam lafadz   dibaca tebal ketika waqaf? ', 'Karena ra sukun berada setelah huruf selain ya yang sukun dan sebelum huruf sukun tersebut terdapat harkat fathah '),
(1615, 6058, 'Sebutkan empat keadaan ra yang harus dibaca tarqq!', '1.      Ra berharakat kasrah, seperti  \n2.      Ra sukun berada setelah harakat kasrah, seperti    \n3.      Ra sukun karena waqaf berada setelah huruf sukun dan sebelum huruf sukun tersebut berharakat kasrah, seperti  \n4.      Ra sukun berada setelah harakat kasrah dan sesudahnya huruf istil namun tidak berada dalam satu kalimat, seperti  '),
(1616, 6058, 'Mengapa ra dalam lafadz   dibaca tipis ketika waqaf? ', 'Sebab ra sukun karena waqaf didahului oleh layn (ya sukun)'),
(1617, 6058, 'Mengapa ra dalam lafadz   dibaca tipis ketika waqaf? ', 'Karena ra sukun di akhir kata berada setelah huruf ya sukun'),
(1618, 6058, 'Kapan ra boleh dibaca tafkhm atau tarqq?', '1.      Ra sukun karena waqaf didahului huruf istil sukun dan sebelumnya ada huruf yang berharakat kasrah\n2.      Ra sukun berada setelah harakat kasrah yang asli dan bertemu huruf istil yang berharakat kasrah\n'),
(1619, 6058, 'Huruf   pada kata   ketika diwaqafkan boleh dibaca dengan dua cara, tafkhm atau tarqq, karena didahului huruf istil dan sebelumnya ada huruf yang berharakat kasrah. Manakah yang lebih afdlal di antara keduanya? Mengapa?', 'Lebih afdlal dibaca tafkhm, karena mempertimbangkan ketika washal ra dibaca tafkhm sebab berharakat fathah'),
(1620, 6058, 'Kata     jika diwaqafkan boleh dibaca dengan dua cara, yaitu tafkhm dan tarqq, hal itu disebabkan ro didahului huruf istil dan sebelumnya ada huruf yang berharakat kasrah. Manakah yang lebih utama di antara keduanya? ', 'Tarqq karena mempertimbangkan ketika washal ra dibaca tarqq sebab berharakat kasrah'),
(1621, 6058, 'Apa yang menjadi alasan saat membaca tebal atau tipis terhadap ra pada kata  ?  ', 'Dibaca tebal karena melihat kepada huruf istil yang berada sesudahnya. Dibaca tipis karena melihat harakat kasrah yang berada sebelumnya'),
(1622, 6058, 'Kapan ghunnah (nun mati atau tanwin) dibaca tafkhm? Berilah contoh! ', 'Jika sesudahnya berupa huruf tafkhm seperti -  - '),
(1623, 6058, 'Kapan ghunnah (nun mati atau tanwin) dibaca tarqq? Berilah contoh!', 'Jika sesudahnya bukan huruf tafkhm seperti  -  -  '),
(1624, 6058, 'Terbagi berapakah huruf hamzah dalam Al-Quran? Sebutkan!', 'Terbagi menjadi dua, yaitu hamzah qaa\' dan hamzah washal'),
(1625, 6058, 'Qiraat siapakah dan diriwayatkan oleh siapa yang kita pakai di Indonesia?', 'Qiraat Ashim diriwayatkan oleh Hafsh'),
(1626, 6058, 'Memindahkan harakat hamzah kepada huruf sebelumnya seperti pada kata\n      dibaca (  ). Disebut apakah untuk istilah bacaan tersebut menurut qiraat Ashim riwayat Hafs?\n', 'Naql'),
(1627, 6058, 'Apa yang dimaksud dengan isymm? dan berikan contoh!', 'Menghimpun kedua bibir ke depan seperti sedang menyebut huruf yang berharakat dlammah tanpa terdengar suara. Contohnya :  \nDalam redaksi lain, isymm adalah mencucukan atau memoncongkan bibir ketika membaca surah Yusuf ayat 11 ( )'),
(1628, 6058, 'Apa yang dimaksud hukum imlah? dan berikan contohnya!', 'Membaca suatu huruf dengan suara antara fathah dan kasrah . Contohnya :   '),
(1629, 6058, 'Jelaskan apa yang dimaksud dengan ar-raum menurut bahasa dan istilah!', 'Menurut bahasa artinya mencari atau menyengaja. Sedangkan menurut istilah adalah mengucapkan sebagian harakat huruf kira-kira tinggal sepertiganya sehingga tidak dapat didengar kecuali oleh orang yang ada di dekat pembaca.'),
(1630, 6058, 'Apa pengertian tas hl menurut istilah?', 'Membaca huruf hamzah berharakat fathah secara lunak atau ringan antara bunyi hamzah dan alif, tidak terkesan hamzah murni atau alif murni.'),
(1631, 6058, 'Apa pengertian ikhtils dalam ilmu tajwd?', 'Mengurangi sedikit bunyi harakat suatu huruf sehingga bunyi yang tersisa lebih banyak dari yang hilang.\nDalam redaksi lain, ikhtils adalah membaca harakat dengan samar dan cepat sehingga suaranya tinggal dua pertiga harakat.\n'),
(1632, 6058, 'Siapa saja dari Qurra Sabah yang membaca silah ha dhamir pada kalimat      dalam surah al-Furqan ayat 69?', 'Ibn Katsir dan Hafsh dari Ashim.'),
(1633, 6058, 'Siapakah imam dari Qori Sabah yang mewajibkan silah mim jamak baik sesudah mim jamak itu hamzah qatha ataupun bukan?', 'Ibnu Katsir'),
(1634, 6058, 'Siapakah perawi yang membolehkan silah mim jamak, baik sesudah mim jamak itu hamzah qatha ataupun bukan?', 'Qalun dan Nafi'),
(1635, 6058, 'Siapakah perawi yang hanya membaca silah mim jamak ketika menghadapi huruf hidup berupa hamzah qotho?', 'Imam Warasy'),
(1636, 6058, 'Siapa sajakah Imam dari Quro Sabah yang membaca dhommah, mim jamak dan ha jika washal seperti pada kalimat   ', 'Hamzah dan al-Kisai'),
(1637, 6058, 'Apa yang dimaksud dengan istilah Idgham shagir dan idgham kabir dalam Ilmu Qiraat?', 'Idgham Shagir adalah mengidghomkan huruf pertama yang berbaris sukun (mati) kepada huruf kedua yang hidup. Idgham Kabir adalah memasukkan huruf pertama kepada huruf kedua yang sama-sama hidup. '),
(1638, 6058, 'Siapakah imam dari Quro Sabah yang memberlakukan terjadinya bacaan idghom Kabir dalam qiraat?', 'Abu \'Amr'),
(1639, 6058, 'Mengapa harakat dhammah diberi nama dhammah?', 'Karena terkatupnya dua bibir ketika mengucapkan huruf'),
(1640, 6058, 'Mengapa harakat fathah diberi nama fathah?', 'Karena terbukanya kedua bibir ketika mengucapkan huruf'),
(1641, 6058, 'Mengapa harakat kasrah diberi nama kasrah?', 'Karena terpecahnya bibir (turunnya bibir bagian bawah) ketika mengucapkan huruf'),
(1642, 6058, 'Apa yang dimaksud dengan martib al-qiraah ?', 'Cara, tempo atau ukuran cepat lambatnya bacaan ayat-ayat Al-Quran. Martib al-qiraah juga disebut dengan kaifiyt al-qiraah.'),
(1643, 6058, 'Ada berapakah martib al-qiraah? Sebutkan!', 'Ada 4 (empat), yaitu 1. Tahqq, 2. Tartl, 3. Tadwr, 4. Hadr.'),
(1644, 6058, 'Apa yang dimaksud dengan tahqq?', 'Secara bahasa tahqq adalah melaksanakan sesuatu sesuai hakikatnya, tidak menambah dan tidak pula mengurangi. Sedangkan menurut istilah adalah memberikan hak-hak huruf secara sempurna, seperti menyempurnakan mad, tahqq hamzah, menyempurnakan harakat, mengizhhrkan bacaan izhhr, menyempurnakan ghunnah, memperjelas masing-masing huruf. Itu semua dilakukan secara perlahan dan memperhatikan waqaf-waqaf yang boleh.'),
(1645, 6058, 'Apa yang dimaksud dengan tartl?', 'Membaca Al-Quran dengan pelan sambil berusaha memahami dan merenungkan maknanya, mengucapkan huruf sesuai dengan makhraj, serta memenuhi hak dan mustahak huruf.'),
(1646, 6058, 'Apa yang dimaksud dengan tadwr?', 'Bacaan tengah-tengah antara tahqq dan hadr '),
(1647, 6058, 'Apa yang dimaksud dengan hadr?', 'Mempercepat bacaan dengan tetap menjaga dan memperhatikan hukum-hukum tajwd, seperti izhhr, idghm, qashr, mad, waqaf, washal, dan lain sebagainya. Hadr ini merupakan lawan dari tahqq.'),
(1648, 6058, 'Sebutkan arkn al-qiraah !', 'a.       Sesuainya qiraah dengan rasm ustmn, sekalipun secara ihtiml\nb.      Sesuainya qiraah dengan kaidah bahasa arab, sekalipun lemah.\nc.       shihhat al-sanad.'),
(1649, 6058, 'Jelaskan perbedaan waqaf, saktah dan qaa?', 'a.       Waqaf ialah memutuskan suara sejenak pada akhir kalimat dan bernafas dengan niat meneruskan bacaan berikutnya. \nb.      Saktah ialah berhenti sejenak sekitar dua harkat dan tidak mengambil nafas.\nc.       Qaa ialah mengakhiri bacaan diakhir ayat dengan niat selesai.'),
(1650, 6058, 'Apa yang dimaksud dengan waqaf ?', 'Secara bahasa waqaf berarti menahan atau berhenti. Sedangkan menurut istilah waqaf adalah menghentikan bacaan atau suara untuk sekedar bernafas dengan niat ingin melanjutkan bacaannya lagi.'),
(1651, 6058, 'Secara umum waqaf dibagi menjadi empat macam. Sebutkan!', 'Intizhr, ikhtibr, idlirr dan ikhtiyr'),
(1652, 6058, 'Apakah yang dimaksud dengan waqaf intizhr? ', 'Berhenti pada sebuah kata untuk menggabungkan dengan wajah lain saat ia menghimpun beberapa qiraat sebab adanya perbedaan riwayat'),
(1653, 6058, 'Apakah yang dimaksud dengan waqaf ikhtibr? ', 'Waqaf dalam rangka mencontohkan atau menguji qari tentang cara waqaf pada kalimat tertentu'),
(1654, 6058, 'Apakah yang dimaksud dengan waqaf idirr?', 'Waqaf karena terpaksa, seperti disebabkan lupa, nafas pendek dan lain sebagainya'),
(1655, 6058, 'Apakah yang dimaksud dengan waqaf ikhtiyr? ', 'Berhenti sesuai dengan keinginan (pembaca sengaja berhenti pada suatu kalimat sesuai dengan kehendaknya tanpa ada yang memaksa)'),
(1656, 6058, 'Terbagi berapakah waqaf ikhtiyr itu? Sebutkan! ', 'Terbagi empat, yaitu tm, kfi, hasan dan qabh'),
(1657, 6058, 'Apa yang dimaksud dengan waqaf tm (tam mukhtar)?', 'Waqaf tm ialah berhenti pada kalimat yang sempurna susunannya, tidak ada kaitan dengan kalimat sesudahnya baik dari segi lafaz maupun makna. Waqaf ini banyak terdapat pada rasul ayat (penghujung ayat)'),
(1658, 6058, 'Sebutkan salah satu contoh waqaf tm !', 'Waqaf pada kata   dalam ayat :\n   ,  '),
(1659, 6058, 'Apa yang dimaksud dengan waqaf kfi (kafi jaiz)? ', 'Waqaf kfi ialah berhenti pada kalimat yang sempurna susunannya, tidak ada hubungannya dari segi lafaz dengan kalimat berikutnya, tetapi masih ada hubungan dari segi makna.'),
(1660, 6058, 'Sebutkan salah satu contoh waqaf kfi !', 'Waqaf pada kata   dalam ayat :\n     '),
(1661, 6058, 'Apa yang dimaksud dengan waqaf hasan (hasan mafhum) ?', 'Berhenti pada kalimat yang sempurna susunannya, tapi masih ada kaitan dengan kalimat sesudahnya baik dari segi lafaz maupun makna'),
(1662, 6058, 'Sebutkan salah satu contoh waqaf hasan !', 'Waqaf pada kata   dalam ayat :\n   '),
(1663, 6058, 'Apa yang dimaksud dengan waqf qabh (qabih matruk)?', 'Berhenti pada kalimat yang tidak sempurna susunannya, karena masih ada kaitan dengan kalimat sesudahnya baik dari segi lafaz maupun makna'),
(1664, 6058, 'Sebutkan salah satu contoh waqaf qabh !', 'Waqaf pada kata   dalam ayat :\n    '),
(1665, 6058, 'Apa yang dimaksud dengan waqaf lzim ?', 'Waqaf pada kalimat yang sudah sempurna susunannya, andaikan disambung (washal) dengan kalimat sesudahnya, maka akan merusak makna (pengertian) '),
(1666, 6058, 'Sebutkan salah satu contoh waqaf lzim !', 'Waqaf pada kata   dalam ayat :\n        \nAndaikan dibaca washal, maka akan menimbulkan dugaan bahwa kalimat       merupakan perkataan orang kafir, padahal itu merupakan firman Allah\n'),
(1667, 6058, 'Apa yang dimaksud dengan tanda waqf    ?', 'Waqf mujawwaz, yaitu boleh berhenti, terus lebih baik'),
(1668, 6058, 'Apa yang dimaksud dengan tanda waqaf  ?', 'Waqaf lzim atau harus berhenti'),
(1669, 6058, 'Apa yang dimakusd dengan tanda waqaf  ?', 'Waqaf mamn atau tidak boleh berhenti tanpa mengulang. Kecuali pada rasu ayah, boleh tidak mengulang.'),
(1670, 6058, 'Apa yang dimaksud dengan tanda waqaf  ?', 'Waqaf Jiz atau boleh berhenti, boleh tidak'),
(1671, 6058, 'Apa yang dimaksud dengan tanda waqaf   ?', 'Al waqf aul atau boleh terus tetapi berhenti lebih baik'),
(1672, 6058, 'Apa yang dimaksud dengan tanda waqaf  ?', 'Al washl aul atau boleh berhenti tetapi terus lebih baik'),
(1673, 6058, 'Disebut apakah tanda tiga titik berbentuk piramida yang menunjukkan boleh waqaf pada tanda pertama dan harus washal pada tanda kedua atau sebaliknya?', 'Waqaf mu\'naqah'),
(1674, 6058, 'Apa yang dimaksud dengan tanda waqaf   ?', 'Waqaf muthlaq atau boleh terus tetapi berhenti lebih baik'),
(1675, 6058, 'Apa yang dimaksud dengan tanda waqaf  ?', 'Waqaf murakkhas atau boleh berhenti tetapi terus lebih baik'),
(1676, 6058, 'Apa yang dimaksud dengan tanda waqaf  ?', 'Qla waqaf, yaitu sebagian kecil ahli qiraah memperbolehkan berhenti'),
(1677, 6058, 'Apa yang dimaksud dengan tanda waqaf  ?', 'Lebih baik berhenti, dan tidak salah kalau misalnya terus'),
(1678, 6058, 'Apa yang dimaksud dengan tanda  ?', 'Saktah, berhenti sejenak tanpa bernafas'),
(1679, 6058, 'Apa yang dimaksud dengan ibtida?', 'Secara bahasa ibtid berarti memulai. Sedangkan menurut istilah adalah memulai bacaan setelah waqaf'),
(1680, 6058, 'Ibtid terbagi menjadi dua, yaitu ibtida hasan dan ibtida qabih. Apa yang dimaksud dengan ibtid hasan?', 'Ibtid yang tidak merusak makna atau tidak merubah sesuatu yang dikehendaki oleh Allah. Seperti ibtidsetelah waqaf tm atau kfi'),
(1681, 6058, 'Ibtid terbagi menjadi dua, yaitu ibtid hasan dan ibtid qabh. Apa yang dimaksud dengan ibtida qabh?', 'Ibtid pada kata yang masih ada hubungannya dengan kalimat sebelumnya, seperti ibtid pada kata yang menjadi maful bih, hal, tamyiz, atau yang sejenis,'),
(1682, 6058, 'Apa yang dimaksud dengan saktah?', 'Secara bahasa saktah berarti mencegah atau diam. Sedangkan menurut istilah adalah berhenti di antara dua kata tanpa bernafas dengan niat melanjutkan bacaan.'),
(1683, 6058, 'Menurut Imam Hafsh, ada berapa tempat hukum saktah dalam Al-Quran?, sebutkan!', 'Ada 4 tempat : yaitu, 1. QS. Kahfi ayat 1,  2. QS. Yasin ayat 52,  3. QS. Al-Qiymah ayat 27,  4. QS. Al-Muaffifn ayat 14.'),
(1684, 6058, 'Sebutkan ayat saktah pada surah al-Qiymah ayat 27!', '  '),
(1685, 6058, 'Apa alasan dibalik ketentuan saktah dalam ayat    ?', 'Untuk menegaskan bahwa    terdiri dari dua kalimat, bukan hanya satu kalimat '),
(1686, 6058, 'Sebutkan ayat saktah pada surah al-Kahfi ayat 1!', '     '),
(1687, 6058, 'Apa alasan dibalik ketentuan saktah dalam ayat       ?', 'Agar tidak ada dugaan bahwa  merupakan naat dari '),
(1688, 6058, 'Sebutkan ayat saktah pada surah Yasin ayat 52!', '        '),
(1689, 6058, 'Apa alasan dibalik ketentuan saktah dalam ayat berikut?\n        ', 'Agar tidak ada dugaan bahwa  merupakan naat dari '),
(1690, 6058, 'Sebutkan ayat saktah pada surah al-muaffifn ayat 14!', '  '),
(1691, 6058, 'Apa alasan dibalik ketentuan saktah dalam ayat   ?', 'Untuk menegaskan bahwa    terdiri dari dua kalimat, bukan hanya satu kalimat '),
(1692, 6058, 'Apa yang dimaksud dengan istift dalam ilmu tajwd?', 'Istift: Membaca ta\'awudz dan basmalah sebelum membaca Al-Quran'),
(1693, 6058, 'Apabila kita membaca Al-Quran dianjurkan mengawali dengan membaca istidzah. Apa pengertian istidzah menurut bahasa dan istilah?', 'Menurut bahasa adalah memohon perlindungan. Menurut istilah adalah kalimat doa atau permohonan agar Allah melindungi dari hal-hal yang negatif.'),
(1694, 6058, 'Di dalam membaca Al-Quran, ada berbagai macam bacaan istidzah. Sebutkan lima di antaranya!', '    \n      \n          \n     \n       '),
(1695, 6058, 'Sebutkan ayat Al-Quran yang menganjurkan untuk membaca istidzah sebelum membaca Al-Quran!', '       '),
(1696, 6058, 'Sebutkan dua tempat atau keadaan yang disunnahkan membaca taawudz dengan suara sir atau samar! ', '1.      Ketika membaca Al-Quran dengan suara sir\n2.      Membaca Al-Quran dalam salat, baik sholat sir atau jahr\n3.      Membaca Al-Quran sendirian di tempat yang sepi\n4.      Membaca Al-Quran secara berjamaah tapi bukan sebagai pembaca pertama.'),
(1697, 6058, 'Bagaimana cara membaca istidzah, basmalah, dan ayat/awal surah? ', '1.      Washl al-jami\n2.      Qaa al-jami\n3.      Istidzah disambung (washal) dengan basmalah, lalu membaca ayat\n4.      Waqaf di akhir kata bacaan istidzah, lalu membaca basmalah langsung disambung (washal) dengan ayat'),
(1698, 6058, 'Bagaimana cara membaca istidzah, basmalah, dan awal surah at-taubah? ', '1.      Waqaf di akhir kata bacaan istidzah, lalu langsung membaca awal surah tanpa basmalah\n2.      Bacaan istidzah disambung (washal) dengan awal surah tanpa basmalah'),
(1699, 6058, 'Apabila kita membaca basmalah di antara dua surah, ada satu cara membaca yang tidak diperbolehkan. Sebutkan cara tersebut!', 'Membaca akhir surah secara bersambung/washal dengan basmalah dan berhenti/waqaf pada basmalah, baru kemudian membaca awal surah.'),
(1700, 6058, 'Apabila  kita  membaca  basmalah  di antara  dua  surah,  ada  beberapa  cara membacanya. Sebutkan dua cara yang diperbolehkan!', '1.      Membaca akhir surah secara bersambung/washal dengan basmalah dan langsung menyambung/washal basmalah dengan awal surah (washl al-jami)\n2.      Waqaf diakhir surah dan waqaf pada basmalah, baru membaca awal surah (qaa al-jami) \n3.      Waqaf pada akhir surah, lalu membaca basmalah secara bersambung/washal dengan awal surah.'),
(1701, 6058, 'Apa yang dimaksud dengan al-lahn dalam ilmu qiraah?', 'Salah dan menyimpang dari yang ketentuan yang benar dalam membaca Al-Quran'),
(1702, 6058, 'Lahn terbagi menjadi dua, lahn jali dan lahn khafi. Apa yang dimaksud dengan lahn jali? ', 'Kesalahan yang terjadi pada lafaz yang dapat merusak aturan dalam qiraah serta ketentuan bahasa dan irab, baik sampai merubah makna maupun tidak.'),
(1703, 6058, 'Di antara jenis lahn adalah lahn jali. Mengapa diberi nama lahn jali?', 'Karena kesalahannya sangat tampak, sehingga dapat diketahui oleh siapapun, baik ahli qiraah maupun tidak.'),
(1704, 6058, 'Lahn jali bisa terjadi dalam huruf al-kalimat atau harakat. Berikan contoh lahn jali yang terjadi dalam huruf al-kalimat!', ' dibaca '),
(1705, 6058, 'Lahn jali bisa terjadi dalam huruf al-kalimat atau harakat. Berikan contoh lahn jali yang terjadi dalam harakat!', '    dibaca    '),
(1706, 6058, 'Lahn jali terkadang dapat merubah makna dan terkadang tidak sampai merubah makna. Berikan contoh lahn jali yang dapat merubah makna!', '  dibaca  '),
(1707, 6058, 'Lahn jali terkadang dapat merubah makna dan terkadang tidak sampai merubah makna. Berikan contoh lahn jali yang tidak sampai merubah makna!', '      dibaca      '),
(1708, 6058, 'Lahn terbagi menjadi dua, lahn jali dan lahn khafi. Apa yang dimaksud dengan lahn khafi? ', 'Kesalahan yang terjadi pada lafaz yang dapat merusak aturan dalam qiraah, tapi tidak sampai merusak ketentuan bahasa, irab, dan makna.'),
(1709, 6058, 'Di antara jenis lahn adalah lahn khafi. Mengapa diberi nama lahn khafi?', 'Karena kesalahannya samar, sehingga hanya diketahui oleh ahli qiraah.'),
(1710, 6058, 'Sebutkan dua macam lahn khafi!', '1.      Lahn khafi yang dapat diketahui oleh ulama  qiraah\n2.      Lahn khafi yang hanya dapat diketahui oleh orang yang benar-benar mahir dalam ilmu qiraah\n'),
(1711, 6058, 'Sebutkan empat contoh lahn khafi yang dapat diketahui oleh ulama qiraah!', '1.      Meninggalkan izhhr, iqlab, ikhf, idghm, dan ghunnah.\n2.      Menipiskan huruf yang seharusnya tebal atau sebaliknya\n3.      Memanjangkan lafaz yang seharusnya dibaca pendek atau sebaliknya\n4.      Mentasydidkan huruf yang tidak bertasydid atau sebaliknya\n'),
(1712, 6058, 'Sebutkan tiga contoh lahn khafi yang hanya dapat diketahui oleh orang yang benar-benar mahir dalam ilmu qiraah!', '1.      Menipiskan ra tidak pada tempatnya\n2.      Mengulang-ulang ra\n3.      Menebalkan lam\n');

-- --------------------------------------------------------

--
-- Table structure for table `user`
--

CREATE TABLE `user` (
  `id` int(11) NOT NULL,
  `iduser_level` int(11) NOT NULL,
  `nama` varchar(111) NOT NULL,
  `username` varchar(111) NOT NULL,
  `password` varchar(111) NOT NULL
) ENGINE=InnoDB DEFAULT CHARSET=utf8mb4 COLLATE=utf8mb4_general_ci;

--
-- Dumping data for table `user`
--

INSERT INTO `user` (`id`, `iduser_level`, `nama`, `username`, `password`) VALUES
(64, 2, 'admin provinsi', 'adminprov', 'adminprov'),
(66, 11, 'operator', 'operator', 'operator');

-- --------------------------------------------------------

--
-- Table structure for table `user_level`
--

CREATE TABLE `user_level` (
  `id` int(11) NOT NULL,
  `nama` varchar(111) NOT NULL,
  `role` varchar(111) NOT NULL
) ENGINE=InnoDB DEFAULT CHARSET=utf8mb4 COLLATE=utf8mb4_general_ci;

--
-- Dumping data for table `user_level`
--

INSERT INTO `user_level` (`id`, `nama`, `role`) VALUES
(2, 'admin kab ko', 'role1'),
(11, 'operator', 'role2');

-- --------------------------------------------------------

--
-- Stand-in structure for view `view_golongan`
-- (See below for the actual view)
--
CREATE TABLE `view_golongan` (
`idevent` int(11)
,`idcabang` int(11)
,`idgolongan` int(11)
,`idbabak` int(11)
);

-- --------------------------------------------------------

--
-- Stand-in structure for view `view_nilai`
-- (See below for the actual view)
--
CREATE TABLE `view_nilai` (
`idnilai` int(11)
,`idevent` int(11)
,`idcabang` int(11)
,`idgolongan` int(11)
,`idpeserta` int(11)
);

-- --------------------------------------------------------

--
-- Stand-in structure for view `view_user`
-- (See below for the actual view)
--
CREATE TABLE `view_user` (
`iduser` int(11)
,`nama` varchar(111)
,`iduser_level` int(11)
,`level` varchar(111)
,`role` varchar(111)
);

-- --------------------------------------------------------

--
-- Table structure for table `wilayah`
--

CREATE TABLE `wilayah` (
  `id` int(11) NOT NULL,
  `nama` varchar(111) NOT NULL
) ENGINE=InnoDB DEFAULT CHARSET=utf8mb4 COLLATE=utf8mb4_general_ci;

--
-- Dumping data for table `wilayah`
--

INSERT INTO `wilayah` (`id`, `nama`) VALUES
(1, 'Kabupaten Bangkalan\r'),
(2, 'Kabupaten Banyuwangi\r'),
(3, 'Kabupaten Blitar\r'),
(4, 'Kabupaten Bojonegoro\r'),
(5, 'Kabupaten Bondowoso\r'),
(6, 'Kabupaten Gresik\r'),
(7, 'Kabupaten Jember\r'),
(8, 'Kabupaten Jombang\r'),
(9, 'Kabupaten Kediri\r'),
(10, 'Kabupaten Lamongan\r'),
(11, 'Kabupaten Lumajang\r'),
(12, 'Kabupaten Madiun\r'),
(13, 'Kabupaten Magetan\r'),
(14, 'Kabupaten Malang\r'),
(15, 'Kabupaten Mojokerto\r'),
(16, 'Kabupaten Nganjuk\r'),
(17, 'Kabupaten Ngawi\r'),
(18, 'Kabupaten Pacitan\r'),
(19, 'Kabupaten Pamekasan\r'),
(20, 'Kabupaten Pasuruan\r'),
(21, 'Kabupaten Ponorogo\r'),
(22, 'Kabupaten Probolinggo\r'),
(23, 'Kabupaten Sampang\r'),
(24, 'Kabupaten Sidoarjo\r'),
(25, 'Kabupaten Situbondo\r'),
(26, 'Kabupaten Sumenep\r'),
(27, 'Kabupaten Trenggalek\r'),
(28, 'Kabupaten Tuban\r'),
(29, 'Kabupaten Tulungagung\r'),
(30, 'Kota Batu\r'),
(31, 'Kota Blitar\r'),
(32, 'Kota Kediri\r'),
(33, 'Kota Madiun\r'),
(34, 'Kota Malang\r'),
(35, 'Kota Mojokerto\r'),
(36, 'Kota Pasuruan\r'),
(37, 'Kota Probolinggo\r'),
(38, 'Kota Surabaya');

-- --------------------------------------------------------

--
-- Table structure for table `_deprecated_daftarsurah`
--

CREATE TABLE `_deprecated_daftarsurah` (
  `id` int(11) NOT NULL,
  `kategori` int(100) NOT NULL,
  `nosurat` int(11) NOT NULL,
  `nama` varchar(100) NOT NULL,
  `awal` int(100) NOT NULL,
  `akhir` int(11) NOT NULL
) ENGINE=InnoDB DEFAULT CHARSET=latin1 COLLATE=latin1_swedish_ci;

--
-- Dumping data for table `_deprecated_daftarsurah`
--

INSERT INTO `_deprecated_daftarsurah` (`id`, `kategori`, `nosurat`, `nama`, `awal`, `akhir`) VALUES
(1, 0, 1, 'Al-Fatihah', 0, 7),
(2, 0, 2, 'Al-Baqarah', 0, 286),
(5, 0, 3, 'Aali \'Imraan', 0, 200),
(7, 0, 4, 'An-Nisaa\'', 0, 176),
(10, 0, 5, 'Al-Maaidah', 0, 120),
(12, 0, 6, 'Al-An\'aam', 0, 165),
(14, 0, 7, 'Al-A\'raaf', 0, 206),
(16, 0, 8, 'Al-Anfaal', 0, 75),
(18, 0, 9, 'At-Taubah', 0, 129),
(20, 0, 10, 'Yuunus', 0, 109),
(21, 0, 11, 'Huud', 0, 123),
(23, 0, 12, 'Yuusuf', 0, 111),
(25, 0, 13, 'Ar-Ra\'d', 0, 43),
(26, 0, 14, 'Ibrahiim', 0, 52),
(27, 0, 15, 'Al-Hijr', 0, 99),
(28, 0, 16, 'An-Nahl', 0, 128),
(29, 0, 17, 'Al-Israa\'', 0, 111),
(30, 0, 18, 'Al-Kahfi', 0, 110),
(32, 0, 19, 'Maryam', 0, 98),
(33, 0, 20, 'Thaaha', 0, 135),
(34, 0, 21, 'Al-Anbiyaa\'', 0, 112),
(35, 0, 22, 'Al-Hajj', 0, 78),
(36, 0, 23, 'Al-Mu\'minuun', 0, 118),
(37, 0, 24, 'An-Nuur', 0, 64),
(38, 0, 25, 'Al-Furqaan', 0, 77),
(40, 0, 26, 'Asy-Syu\'araa\'', 0, 227),
(41, 0, 27, 'An-Naml', 0, 93),
(43, 0, 28, 'Al-Qashash', 0, 88),
(44, 0, 29, 'Al-\'Ankabuut', 0, 69),
(46, 0, 30, 'Ar-Ruum', 0, 60),
(47, 0, 31, 'Luqmaan', 0, 34),
(48, 0, 32, 'As-Sajdah', 0, 30),
(49, 0, 33, 'Al-Ahzaab', 0, 73),
(51, 0, 34, 'Saba\'', 0, 54),
(52, 0, 35, 'Faathir', 0, 45),
(53, 0, 36, 'Yaasiin', 0, 83),
(55, 0, 37, 'Ash-Shaaffaat', 0, 182),
(56, 0, 38, 'Shaad', 0, 88),
(57, 0, 39, 'Az-Zumar', 0, 75),
(59, 0, 40, 'Al-Mu\'min ', 0, 85),
(60, 0, 41, 'Fushshilat', 0, 54),
(62, 0, 42, 'Asy-Syuuraa', 0, 53),
(63, 0, 43, 'Az-Zukhruuf', 0, 89),
(64, 0, 44, 'Ad-Dukhaan', 0, 59),
(65, 0, 45, 'Al-Jaatsiyah', 0, 37),
(66, 0, 46, 'Al-Ahqaaf', 0, 35),
(67, 0, 47, 'Muhammad', 0, 38),
(68, 0, 48, 'Al-Fath', 0, 29),
(69, 0, 49, 'Al-Hujuraat', 0, 18),
(70, 0, 50, 'Qaaf', 0, 45),
(71, 0, 51, 'Adz-Dzaariyaat', 0, 60),
(73, 0, 52, 'Ath-Thuur', 0, 49),
(74, 0, 53, 'An-Najm', 0, 62),
(75, 0, 54, 'Al-Qamar', 0, 55),
(76, 0, 55, 'Ar-Rahmaan', 0, 78),
(77, 0, 56, 'Al-Waaqi\'ah', 0, 96),
(78, 0, 57, 'Al-Hadiid', 0, 29),
(79, 0, 58, 'Al-Mujaadilah', 0, 22),
(80, 0, 59, 'Al-Hasyr', 0, 24),
(81, 0, 60, 'Al-Mumtahanah', 0, 13),
(82, 0, 61, 'As-Shaff', 0, 14),
(83, 0, 62, 'Al-Jumu\'ah', 0, 11),
(84, 0, 63, 'Al-Munaafiquun', 0, 11),
(85, 0, 64, 'At-Taghaabun', 0, 18),
(86, 0, 65, 'Ath-Thalaaq', 0, 12),
(87, 0, 66, 'At-Tahriim', 0, 12),
(88, 0, 67, 'Al-Mulk', 0, 30),
(89, 0, 68, 'Al-Qalam', 0, 52),
(90, 0, 69, 'Al-Haaqqah', 0, 52),
(91, 0, 70, 'Al-Ma\'aarij', 0, 44),
(92, 0, 71, 'Nuuh', 0, 28),
(93, 0, 72, 'Al-Jinn', 0, 28),
(94, 0, 73, 'Al-Muzzammil', 0, 20),
(95, 0, 74, 'Al-Muddatstsir', 0, 56),
(96, 0, 75, 'Al-Qiyaamah', 0, 40),
(97, 0, 76, 'Al-Insaan', 0, 31),
(98, 0, 77, 'Al-Mursalaat', 0, 50),
(99, 0, 78, 'An-Naba\'', 0, 40),
(100, 0, 79, 'An-Naazi\'aat', 0, 46),
(101, 0, 80, '\'Abasa', 0, 42),
(102, 0, 81, 'At-Takwiir', 0, 29),
(103, 0, 82, 'Al-Infithaar', 0, 19),
(104, 0, 83, 'Al-Muthaffifiin', 0, 36),
(105, 0, 84, 'Al-Insyiqaaq', 0, 25),
(106, 0, 85, 'Al-Buruuj', 0, 22),
(107, 0, 86, 'Ath-Thaariq', 0, 17),
(108, 0, 87, 'Al-A\'laa', 0, 19),
(109, 0, 88, 'Al-Ghaasyiyah', 0, 26),
(110, 0, 89, 'Al-Fajr', 0, 30),
(111, 0, 90, 'Al-Balad', 0, 20),
(112, 0, 91, 'Asy-Syams', 0, 15),
(113, 0, 92, 'Al-Lail', 0, 21),
(114, 0, 93, 'Adh-Dhuhaa', 0, 11),
(115, 0, 94, 'Al-Insyiraah', 0, 8),
(116, 0, 95, 'At-Tiin', 0, 8),
(117, 0, 96, 'Al-\'Alaq', 0, 19),
(118, 0, 97, 'Al-Qadr', 0, 5),
(119, 0, 98, 'Al-Bayyinah', 0, 8),
(120, 0, 99, 'Al-Zalzalah', 0, 8),
(121, 0, 100, 'Al-\'Aadiyaat', 0, 11),
(122, 0, 101, 'Al-Qaariah', 0, 11),
(123, 0, 102, 'At-Takaatsur', 0, 8),
(124, 0, 103, 'Al-\'Ashr', 0, 3),
(125, 0, 104, 'Al-Humazah', 0, 9),
(126, 0, 105, 'Al-Fiil', 0, 5),
(127, 0, 106, 'Quraisy', 0, 4),
(128, 0, 107, 'Al-Maa\'uun', 0, 7),
(129, 0, 108, 'Al-Kautsar', 0, 3),
(130, 0, 109, 'Al-Kaafiruun', 0, 6),
(131, 0, 110, 'An-Nashr', 0, 3),
(132, 0, 111, 'Al-Lahab', 0, 5),
(133, 0, 112, 'Al-ikhlas', 0, 4),
(134, 0, 113, 'Al-Falaq', 0, 5),
(135, 0, 114, 'An-naas', 0, 6);

-- --------------------------------------------------------

--
-- Table structure for table `_deprecated_halaman`
--

CREATE TABLE `_deprecated_halaman` (
  `id` int(11) NOT NULL,
  `no_halaman` int(11) NOT NULL,
  `nosurat` int(11) NOT NULL,
  `ayatawal` int(11) NOT NULL,
  `mushaf` varchar(100) NOT NULL
) ENGINE=InnoDB DEFAULT CHARSET=latin1 COLLATE=latin1_swedish_ci;

--
-- Dumping data for table `_deprecated_halaman`
--

INSERT INTO `_deprecated_halaman` (`id`, `no_halaman`, `nosurat`, `ayatawal`, `mushaf`) VALUES
(1, 1, 1, 1, 'Mushaf/1.png'),
(2, 2, 2, 1, 'Mushaf/2.png'),
(3, 3, 2, 6, 'Mushaf/3.png'),
(4, 4, 2, 17, 'Mushaf/4.png'),
(5, 5, 2, 25, 'Mushaf/5.png'),
(6, 6, 2, 30, 'Mushaf/6.png'),
(7, 7, 2, 38, 'Mushaf/7.png'),
(8, 8, 2, 49, 'Mushaf/8.png'),
(9, 9, 2, 58, 'Mushaf/9.png'),
(10, 10, 2, 62, 'Mushaf/10.png'),
(11, 11, 2, 70, 'Mushaf/11.png'),
(12, 12, 2, 77, 'Mushaf/12.png'),
(13, 13, 2, 84, 'Mushaf/13.png'),
(14, 14, 2, 89, 'Mushaf/14.png'),
(15, 15, 2, 94, 'Mushaf/15.png'),
(16, 16, 2, 102, 'Mushaf/16.png'),
(17, 17, 2, 106, 'Mushaf/17.png'),
(18, 18, 2, 113, 'Mushaf/18.png'),
(19, 19, 2, 120, 'Mushaf/19.png'),
(20, 20, 2, 127, 'Mushaf/20.png'),
(21, 21, 2, 135, 'Mushaf/21.png'),
(22, 22, 2, 142, 'Mushaf/22.png'),
(23, 23, 2, 146, 'Mushaf/23.png'),
(24, 24, 2, 154, 'Mushaf/24.png'),
(25, 25, 2, 164, 'Mushaf/25.png'),
(26, 26, 2, 170, 'Mushaf/26.png'),
(27, 27, 2, 177, 'Mushaf/27.png'),
(28, 28, 2, 182, 'Mushaf/28.png'),
(29, 29, 2, 187, 'Mushaf/29.png'),
(30, 30, 2, 191, 'Mushaf/30.png'),
(31, 31, 2, 197, 'Mushaf/31.png'),
(32, 32, 2, 203, 'Mushaf/32.png'),
(33, 33, 2, 211, 'Mushaf/33.png'),
(34, 34, 2, 216, 'Mushaf/34.png'),
(35, 35, 2, 220, 'Mushaf/35.png'),
(36, 36, 2, 225, 'Mushaf/36.png'),
(37, 37, 2, 231, 'Mushaf/37.png'),
(38, 38, 2, 234, 'Mushaf/38.png'),
(39, 39, 2, 238, 'Mushaf/39.png'),
(40, 40, 2, 246, 'Mushaf/40.png'),
(41, 41, 2, 249, 'Mushaf/41.png'),
(42, 42, 2, 253, 'Mushaf/42.png'),
(43, 43, 2, 257, 'Mushaf/43.png'),
(44, 44, 2, 260, 'Mushaf/44.png'),
(45, 45, 2, 265, 'Mushaf/45.png'),
(46, 46, 2, 270, 'Mushaf/46.png'),
(47, 47, 2, 275, 'Mushaf/47.png'),
(48, 48, 2, 282, 'Mushaf/48.png'),
(49, 49, 2, 283, 'Mushaf/49.png'),
(50, 50, 3, 1, 'Mushaf/50.png'),
(51, 51, 3, 10, 'Mushaf/51.png'),
(52, 52, 3, 16, 'Mushaf/52.png'),
(53, 53, 3, 23, 'Mushaf/53.png'),
(54, 54, 3, 30, 'Mushaf/54.png'),
(55, 55, 3, 38, 'Mushaf/55.png'),
(56, 56, 3, 46, 'Mushaf/56.png'),
(57, 57, 3, 53, 'Mushaf/57.png'),
(58, 58, 3, 62, 'Mushaf/58.png'),
(59, 59, 3, 71, 'Mushaf/59.png'),
(60, 60, 3, 78, 'Mushaf/60.png'),
(61, 61, 3, 84, 'Mushaf/61.png'),
(62, 62, 3, 92, 'Mushaf/62.png'),
(63, 63, 3, 101, 'Mushaf/63.png'),
(64, 64, 3, 109, 'Mushaf/64.png'),
(65, 65, 3, 116, 'Mushaf/65.png'),
(66, 66, 3, 122, 'Mushaf/66.png'),
(67, 67, 3, 133, 'Mushaf/67.png'),
(68, 68, 3, 141, 'Mushaf/68.png'),
(69, 69, 3, 149, 'Mushaf/69.png'),
(70, 70, 3, 154, 'Mushaf/70.png'),
(71, 71, 3, 158, 'Mushaf/71.png'),
(72, 72, 3, 166, 'Mushaf/72.png'),
(73, 73, 3, 174, 'Mushaf/73.png'),
(74, 74, 3, 181, 'Mushaf/74.png'),
(75, 75, 3, 187, 'Mushaf/75.png'),
(76, 76, 3, 195, 'Mushaf/76.png'),
(77, 77, 4, 1, 'Mushaf/77.png'),
(78, 78, 4, 7, 'Mushaf/78.png'),
(79, 79, 4, 12, 'Mushaf/79.png'),
(80, 80, 4, 15, 'Mushaf/80.png'),
(81, 81, 4, 20, 'Mushaf/81.png'),
(82, 82, 4, 24, 'Mushaf/82.png'),
(83, 83, 4, 27, 'Mushaf/83.png'),
(84, 84, 4, 34, 'Mushaf/84.png'),
(85, 85, 4, 38, 'Mushaf/85.png'),
(86, 86, 4, 45, 'Mushaf/86.png'),
(87, 87, 4, 52, 'Mushaf/87.png'),
(88, 88, 4, 60, 'Mushaf/88.png'),
(89, 89, 4, 66, 'Mushaf/89.png'),
(90, 90, 4, 75, 'Mushaf/90.png'),
(91, 91, 4, 80, 'Mushaf/91.png'),
(92, 92, 4, 87, 'Mushaf/92.png'),
(93, 93, 4, 92, 'Mushaf/93.png'),
(94, 94, 4, 95, 'Mushaf/94.png'),
(95, 95, 4, 102, 'Mushaf/95.png'),
(96, 96, 4, 106, 'Mushaf/96.png'),
(97, 97, 4, 114, 'Mushaf/97.png'),
(98, 98, 4, 122, 'Mushaf/98.png'),
(99, 99, 4, 128, 'Mushaf/99.png'),
(100, 100, 4, 135, 'Mushaf/100.png'),
(101, 101, 4, 141, 'Mushaf/101.png'),
(102, 102, 4, 148, 'Mushaf/102.png'),
(103, 103, 4, 155, 'Mushaf/103.png'),
(104, 104, 4, 163, 'Mushaf/104.png'),
(105, 105, 4, 171, 'Mushaf/105.png'),
(106, 106, 4, 176, 'Mushaf/106.png'),
(107, 107, 5, 3, 'Mushaf/107.png'),
(108, 108, 5, 6, 'Mushaf/108.png'),
(109, 109, 5, 10, 'Mushaf/109.png'),
(110, 110, 5, 14, 'Mushaf/110.png'),
(111, 111, 5, 18, 'Mushaf/111.png'),
(112, 112, 5, 24, 'Mushaf/112.png'),
(113, 113, 5, 32, 'Mushaf/113.png'),
(114, 114, 5, 37, 'Mushaf/114.png'),
(115, 115, 5, 42, 'Mushaf/115.png'),
(116, 116, 5, 46, 'Mushaf/116.png'),
(117, 117, 5, 51, 'Mushaf/117.png'),
(118, 118, 5, 58, 'Mushaf/118.png'),
(119, 119, 5, 65, 'Mushaf/119.png'),
(120, 120, 5, 71, 'Mushaf/120.png'),
(121, 121, 5, 78, 'Mushaf/121.png'),
(122, 122, 5, 84, 'Mushaf/122.png'),
(123, 123, 5, 91, 'Mushaf/123.png'),
(124, 124, 5, 96, 'Mushaf/124.png'),
(125, 125, 5, 104, 'Mushaf/125.png'),
(126, 126, 5, 109, 'Mushaf/126.png'),
(127, 127, 5, 114, 'Mushaf/127.png'),
(128, 128, 6, 1, 'Mushaf/128.png'),
(129, 129, 6, 9, 'Mushaf/129.png'),
(130, 130, 6, 19, 'Mushaf/130.png'),
(131, 131, 6, 28, 'Mushaf/131.png'),
(132, 132, 6, 36, 'Mushaf/132.png'),
(133, 133, 6, 45, 'Mushaf/133.png'),
(134, 134, 6, 53, 'Mushaf/134.png'),
(135, 135, 6, 60, 'Mushaf/135.png'),
(136, 136, 6, 69, 'Mushaf/136.png'),
(137, 137, 6, 74, 'Mushaf/137.png'),
(138, 138, 6, 82, 'Mushaf/138.png'),
(139, 139, 6, 91, 'Mushaf/139.png'),
(140, 140, 6, 95, 'Mushaf/140.png'),
(141, 141, 6, 102, 'Mushaf/141.png'),
(142, 142, 6, 111, 'Mushaf/142.png'),
(143, 143, 6, 119, 'Mushaf/143.png'),
(144, 144, 6, 125, 'Mushaf/144.png'),
(145, 145, 6, 131, 'Mushaf/145.png'),
(146, 146, 6, 138, 'Mushaf/146.png'),
(147, 147, 6, 143, 'Mushaf/147.png'),
(148, 148, 6, 147, 'Mushaf/148.png'),
(149, 149, 6, 152, 'Mushaf/149.png'),
(150, 150, 6, 158, 'Mushaf/150.png'),
(151, 151, 7, 1, 'Mushaf/151.png'),
(152, 152, 7, 12, 'Mushaf/152.png'),
(153, 153, 7, 23, 'Mushaf/153.png'),
(154, 154, 7, 31, 'Mushaf/154.png'),
(155, 155, 7, 38, 'Mushaf/155.png'),
(156, 156, 7, 44, 'Mushaf/156.png'),
(157, 157, 7, 52, 'Mushaf/157.png'),
(158, 158, 7, 58, 'Mushaf/158.png'),
(159, 159, 7, 68, 'Mushaf/159.png'),
(160, 160, 7, 74, 'Mushaf/160.png'),
(161, 161, 7, 82, 'Mushaf/161.png'),
(162, 162, 7, 88, 'Mushaf/162.png'),
(163, 163, 7, 96, 'Mushaf/163.png'),
(164, 164, 7, 105, 'Mushaf/164.png'),
(165, 165, 7, 121, 'Mushaf/165.png'),
(166, 166, 7, 131, 'Mushaf/166.png'),
(167, 167, 7, 138, 'Mushaf/167.png'),
(168, 168, 7, 144, 'Mushaf/168.png'),
(169, 169, 7, 150, 'Mushaf/169.png'),
(170, 170, 7, 156, 'Mushaf/170.png'),
(171, 171, 7, 160, 'Mushaf/171.png'),
(172, 172, 7, 164, 'Mushaf/172.png'),
(173, 173, 7, 171, 'Mushaf/173.png'),
(174, 174, 7, 179, 'Mushaf/174.png'),
(175, 175, 7, 188, 'Mushaf/175.png'),
(176, 176, 7, 196, 'Mushaf/176.png'),
(177, 177, 8, 1, 'Mushaf/177.png'),
(178, 178, 8, 9, 'Mushaf/178.png'),
(179, 179, 8, 17, 'Mushaf/179.png'),
(180, 180, 8, 26, 'Mushaf/180.png'),
(181, 181, 8, 34, 'Mushaf/181.png'),
(182, 182, 8, 41, 'Mushaf/182.png'),
(183, 183, 8, 46, 'Mushaf/183.png'),
(184, 184, 8, 53, 'Mushaf/184.png'),
(185, 185, 8, 62, 'Mushaf/185.png'),
(186, 186, 8, 70, 'Mushaf/186.png'),
(187, 187, 9, 1, 'Mushaf/187.png'),
(188, 188, 9, 7, 'Mushaf/188.png'),
(189, 189, 9, 14, 'Mushaf/189.png'),
(190, 190, 9, 21, 'Mushaf/190.png'),
(191, 191, 9, 27, 'Mushaf/191.png'),
(192, 192, 9, 32, 'Mushaf/192.png'),
(193, 193, 9, 37, 'Mushaf/193.png'),
(194, 194, 9, 41, 'Mushaf/194.png'),
(195, 195, 9, 48, 'Mushaf/195.png'),
(196, 196, 9, 55, 'Mushaf/196.png'),
(197, 197, 9, 62, 'Mushaf/197.png'),
(198, 198, 9, 69, 'Mushaf/198.png'),
(199, 199, 9, 73, 'Mushaf/199.png'),
(200, 200, 9, 80, 'Mushaf/200.png'),
(201, 201, 9, 87, 'Mushaf/201.png'),
(202, 202, 9, 94, 'Mushaf/202.png'),
(203, 203, 9, 100, 'Mushaf/203.png'),
(204, 204, 9, 107, 'Mushaf/204.png'),
(205, 205, 9, 112, 'Mushaf/205.png'),
(206, 206, 9, 118, 'Mushaf/206.png'),
(207, 207, 9, 123, 'Mushaf/207.png'),
(208, 208, 10, 1, 'Mushaf/208.png'),
(209, 209, 10, 7, 'Mushaf/209.png'),
(210, 210, 10, 15, 'Mushaf/210.png'),
(211, 211, 10, 21, 'Mushaf/211.png'),
(212, 212, 10, 26, 'Mushaf/212.png'),
(213, 213, 10, 34, 'Mushaf/213.png'),
(214, 214, 10, 43, 'Mushaf/214.png'),
(215, 215, 10, 54, 'Mushaf/215.png'),
(216, 216, 10, 62, 'Mushaf/216.png'),
(217, 217, 10, 71, 'Mushaf/217.png'),
(218, 218, 10, 79, 'Mushaf/218.png'),
(219, 219, 10, 89, 'Mushaf/219.png'),
(220, 220, 10, 98, 'Mushaf/220.png'),
(221, 221, 10, 107, 'Mushaf/221.png'),
(222, 222, 11, 6, 'Mushaf/222.png'),
(223, 223, 11, 13, 'Mushaf/223.png'),
(224, 224, 11, 20, 'Mushaf/224.png'),
(225, 225, 11, 29, 'Mushaf/225.png'),
(226, 226, 11, 38, 'Mushaf/226.png'),
(227, 227, 11, 46, 'Mushaf/227.png'),
(228, 228, 11, 54, 'Mushaf/228.png'),
(229, 229, 11, 63, 'Mushaf/229.png'),
(230, 230, 11, 72, 'Mushaf/230.png'),
(231, 231, 11, 82, 'Mushaf/231.png'),
(232, 232, 11, 89, 'Mushaf/232.png'),
(233, 233, 11, 98, 'Mushaf/233.png'),
(234, 234, 11, 109, 'Mushaf/234.png'),
(235, 235, 11, 118, 'Mushaf/235.png'),
(236, 236, 12, 5, 'Mushaf/236.png'),
(237, 237, 12, 15, 'Mushaf/237.png'),
(238, 238, 12, 23, 'Mushaf/238.png'),
(239, 239, 12, 31, 'Mushaf/239.png'),
(240, 240, 12, 38, 'Mushaf/240.png'),
(241, 241, 12, 44, 'Mushaf/241.png'),
(242, 242, 12, 53, 'Mushaf/242.png'),
(243, 243, 12, 64, 'Mushaf/243.png'),
(244, 244, 12, 70, 'Mushaf/244.png'),
(245, 245, 12, 79, 'Mushaf/245.png'),
(246, 246, 12, 87, 'Mushaf/246.png'),
(247, 247, 12, 96, 'Mushaf/247.png'),
(248, 248, 12, 104, 'Mushaf/248.png'),
(249, 249, 13, 1, 'Mushaf/249.png'),
(250, 250, 13, 6, 'Mushaf/250.png'),
(251, 251, 13, 14, 'Mushaf/251.png'),
(252, 252, 13, 19, 'Mushaf/252.png'),
(253, 253, 13, 29, 'Mushaf/253.png'),
(254, 254, 13, 35, 'Mushaf/254.png'),
(255, 255, 13, 43, 'Mushaf/255.png'),
(256, 256, 14, 6, 'Mushaf/256.png'),
(257, 257, 14, 11, 'Mushaf/257.png'),
(258, 258, 14, 19, 'Mushaf/258.png'),
(259, 259, 14, 25, 'Mushaf/259.png'),
(260, 260, 14, 34, 'Mushaf/260.png'),
(261, 261, 14, 43, 'Mushaf/261.png'),
(262, 262, 15, 1, 'Mushaf/262.png'),
(263, 263, 15, 16, 'Mushaf/263.png'),
(264, 264, 15, 32, 'Mushaf/264.png'),
(265, 265, 15, 52, 'Mushaf/265.png'),
(266, 266, 15, 71, 'Mushaf/266.png'),
(267, 267, 15, 91, 'Mushaf/267.png'),
(268, 268, 16, 7, 'Mushaf/268.png'),
(269, 269, 16, 15, 'Mushaf/269.png'),
(270, 270, 16, 27, 'Mushaf/270.png'),
(271, 271, 16, 35, 'Mushaf/271.png'),
(272, 272, 16, 43, 'Mushaf/272.png'),
(273, 273, 16, 55, 'Mushaf/273.png'),
(274, 274, 16, 65, 'Mushaf/274.png'),
(275, 275, 16, 73, 'Mushaf/275.png'),
(276, 276, 16, 80, 'Mushaf/276.png'),
(277, 277, 16, 88, 'Mushaf/277.png'),
(278, 278, 16, 94, 'Mushaf/278.png'),
(279, 279, 16, 103, 'Mushaf/279.png'),
(280, 280, 16, 111, 'Mushaf/280.png'),
(281, 281, 16, 119, 'Mushaf/281.png'),
(282, 282, 17, 1, 'Mushaf/282.png'),
(283, 283, 17, 8, 'Mushaf/283.png'),
(284, 284, 17, 18, 'Mushaf/284.png'),
(285, 285, 17, 28, 'Mushaf/285.png'),
(286, 286, 17, 39, 'Mushaf/286.png'),
(287, 287, 17, 50, 'Mushaf/287.png'),
(288, 288, 17, 59, 'Mushaf/288.png'),
(289, 289, 17, 67, 'Mushaf/289.png'),
(290, 290, 17, 76, 'Mushaf/290.png'),
(291, 291, 17, 87, 'Mushaf/291.png'),
(292, 292, 17, 97, 'Mushaf/292.png'),
(293, 293, 17, 105, 'Mushaf/293.png'),
(294, 294, 18, 5, 'Mushaf/294.png'),
(295, 295, 18, 16, 'Mushaf/295.png'),
(296, 296, 18, 21, 'Mushaf/296.png'),
(297, 297, 18, 28, 'Mushaf/297.png'),
(298, 298, 18, 35, 'Mushaf/298.png'),
(299, 299, 18, 46, 'Mushaf/299.png'),
(300, 300, 18, 54, 'Mushaf/300.png'),
(301, 301, 18, 62, 'Mushaf/301.png'),
(302, 302, 18, 75, 'Mushaf/302.png'),
(303, 303, 18, 84, 'Mushaf/303.png'),
(304, 304, 18, 98, 'Mushaf/304.png'),
(305, 305, 19, 1, 'Mushaf/305.png'),
(306, 306, 19, 12, 'Mushaf/306.png'),
(307, 307, 19, 26, 'Mushaf/307.png'),
(308, 308, 19, 39, 'Mushaf/308.png'),
(309, 309, 19, 52, 'Mushaf/309.png'),
(310, 310, 19, 65, 'Mushaf/310.png'),
(311, 311, 19, 77, 'Mushaf/311.png'),
(312, 312, 19, 96, 'Mushaf/312.png'),
(313, 313, 20, 13, 'Mushaf/313.png'),
(314, 314, 20, 38, 'Mushaf/314.png'),
(315, 315, 20, 52, 'Mushaf/315.png'),
(316, 316, 20, 65, 'Mushaf/316.png'),
(317, 317, 20, 77, 'Mushaf/317.png'),
(318, 318, 20, 88, 'Mushaf/318.png'),
(319, 319, 20, 99, 'Mushaf/319.png'),
(320, 320, 20, 114, 'Mushaf/320.png'),
(321, 321, 20, 126, 'Mushaf/321.png'),
(322, 322, 21, 1, 'Mushaf/322.png'),
(323, 323, 21, 11, 'Mushaf/323.png'),
(324, 324, 21, 25, 'Mushaf/324.png'),
(325, 325, 21, 36, 'Mushaf/325.png'),
(326, 326, 21, 45, 'Mushaf/326.png'),
(327, 327, 21, 58, 'Mushaf/327.png'),
(328, 328, 21, 73, 'Mushaf/328.png'),
(329, 329, 21, 82, 'Mushaf/329.png'),
(330, 330, 21, 91, 'Mushaf/330.png'),
(331, 331, 21, 102, 'Mushaf/331.png'),
(332, 332, 22, 1, 'Mushaf/332.png'),
(333, 333, 22, 6, 'Mushaf/333.png'),
(334, 334, 22, 16, 'Mushaf/334.png'),
(335, 335, 22, 24, 'Mushaf/335.png'),
(336, 336, 22, 31, 'Mushaf/336.png'),
(337, 337, 22, 39, 'Mushaf/337.png'),
(338, 338, 22, 47, 'Mushaf/338.png'),
(339, 339, 22, 56, 'Mushaf/339.png'),
(340, 340, 22, 65, 'Mushaf/340.png'),
(341, 341, 22, 73, 'Mushaf/341.png'),
(342, 342, 23, 1, 'Mushaf/342.png'),
(343, 343, 23, 18, 'Mushaf/343.png'),
(344, 344, 23, 28, 'Mushaf/344.png'),
(345, 345, 23, 43, 'Mushaf/345.png'),
(346, 346, 23, 60, 'Mushaf/346.png'),
(347, 347, 23, 75, 'Mushaf/347.png'),
(348, 348, 23, 90, 'Mushaf/348.png'),
(349, 349, 23, 105, 'Mushaf/349.png'),
(350, 350, 24, 1, 'Mushaf/350.png'),
(351, 351, 24, 11, 'Mushaf/351.png'),
(352, 352, 24, 21, 'Mushaf/352.png'),
(353, 353, 24, 28, 'Mushaf/353.png'),
(354, 354, 24, 32, 'Mushaf/354.png'),
(355, 355, 24, 37, 'Mushaf/355.png'),
(356, 356, 24, 44, 'Mushaf/356.png'),
(357, 357, 24, 54, 'Mushaf/357.png'),
(358, 358, 24, 59, 'Mushaf/358.png'),
(359, 359, 24, 62, 'Mushaf/359.png'),
(360, 360, 25, 3, 'Mushaf/360.png'),
(361, 361, 25, 12, 'Mushaf/361.png'),
(362, 362, 25, 21, 'Mushaf/362.png'),
(363, 363, 25, 33, 'Mushaf/363.png'),
(364, 364, 25, 44, 'Mushaf/364.png'),
(365, 365, 25, 56, 'Mushaf/365.png'),
(366, 366, 25, 68, 'Mushaf/366.png'),
(367, 367, 26, 1, 'Mushaf/367.png'),
(368, 368, 26, 20, 'Mushaf/368.png'),
(369, 369, 26, 40, 'Mushaf/369.png'),
(370, 370, 26, 61, 'Mushaf/370.png'),
(371, 371, 26, 84, 'Mushaf/371.png'),
(372, 372, 26, 112, 'Mushaf/372.png'),
(373, 373, 26, 137, 'Mushaf/373.png'),
(374, 374, 26, 160, 'Mushaf/374.png'),
(375, 375, 26, 184, 'Mushaf/375.png'),
(376, 376, 26, 207, 'Mushaf/376.png'),
(377, 377, 27, 1, 'Mushaf/377.png'),
(378, 378, 27, 14, 'Mushaf/378.png'),
(379, 379, 27, 23, 'Mushaf/379.png'),
(380, 380, 27, 36, 'Mushaf/380.png'),
(381, 381, 27, 45, 'Mushaf/381.png'),
(382, 382, 27, 56, 'Mushaf/382.png'),
(383, 383, 27, 64, 'Mushaf/383.png'),
(384, 384, 27, 77, 'Mushaf/384.png'),
(385, 385, 27, 89, 'Mushaf/385.png'),
(386, 386, 28, 6, 'Mushaf/386.png'),
(387, 387, 28, 14, 'Mushaf/387.png'),
(388, 388, 28, 22, 'Mushaf/388.png'),
(389, 389, 28, 29, 'Mushaf/389.png'),
(390, 390, 28, 36, 'Mushaf/390.png'),
(391, 391, 28, 44, 'Mushaf/391.png'),
(392, 392, 28, 51, 'Mushaf/392.png'),
(393, 393, 28, 60, 'Mushaf/393.png'),
(394, 394, 28, 71, 'Mushaf/394.png'),
(395, 395, 28, 78, 'Mushaf/395.png'),
(396, 396, 28, 85, 'Mushaf/396.png'),
(397, 397, 29, 7, 'Mushaf/397.png'),
(398, 398, 29, 15, 'Mushaf/398.png'),
(399, 399, 29, 24, 'Mushaf/399.png'),
(400, 400, 29, 31, 'Mushaf/400.png'),
(401, 401, 29, 39, 'Mushaf/401.png'),
(402, 402, 29, 46, 'Mushaf/402.png'),
(403, 403, 29, 53, 'Mushaf/403.png'),
(404, 404, 29, 64, 'Mushaf/404.png'),
(405, 405, 30, 6, 'Mushaf/405.png'),
(406, 406, 30, 16, 'Mushaf/406.png'),
(407, 407, 30, 25, 'Mushaf/407.png'),
(408, 408, 30, 33, 'Mushaf/408.png'),
(409, 409, 30, 42, 'Mushaf/409.png'),
(410, 410, 30, 51, 'Mushaf/410.png'),
(411, 411, 31, 1, 'Mushaf/411.png'),
(412, 412, 31, 12, 'Mushaf/412.png'),
(413, 413, 31, 20, 'Mushaf/413.png'),
(414, 414, 31, 29, 'Mushaf/414.png'),
(415, 415, 32, 1, 'Mushaf/415.png'),
(416, 416, 32, 12, 'Mushaf/416.png'),
(417, 417, 32, 21, 'Mushaf/417.png'),
(418, 418, 33, 1, 'Mushaf/418.png'),
(419, 419, 33, 7, 'Mushaf/419.png'),
(420, 420, 33, 16, 'Mushaf/420.png'),
(421, 421, 33, 23, 'Mushaf/421.png'),
(422, 422, 33, 31, 'Mushaf/422.png'),
(423, 423, 33, 36, 'Mushaf/423.png'),
(424, 424, 33, 44, 'Mushaf/424.png'),
(425, 425, 33, 51, 'Mushaf/425.png'),
(426, 426, 33, 55, 'Mushaf/426.png'),
(427, 427, 33, 63, 'Mushaf/427.png'),
(428, 428, 34, 1, 'Mushaf/428.png'),
(429, 429, 34, 8, 'Mushaf/429.png'),
(430, 430, 34, 15, 'Mushaf/430.png'),
(431, 431, 34, 23, 'Mushaf/431.png'),
(432, 432, 34, 32, 'Mushaf/432.png'),
(433, 433, 34, 40, 'Mushaf/433.png'),
(434, 434, 34, 49, 'Mushaf/434.png'),
(435, 435, 35, 4, 'Mushaf/435.png'),
(436, 436, 35, 12, 'Mushaf/436.png'),
(437, 437, 35, 19, 'Mushaf/437.png'),
(438, 438, 35, 31, 'Mushaf/438.png'),
(439, 439, 35, 39, 'Mushaf/439.png'),
(440, 440, 35, 45, 'Mushaf/440.png'),
(441, 441, 36, 13, 'Mushaf/441.png'),
(442, 442, 36, 28, 'Mushaf/442.png'),
(443, 443, 36, 41, 'Mushaf/443.png'),
(444, 444, 36, 55, 'Mushaf/444.png'),
(445, 445, 36, 71, 'Mushaf/445.png'),
(446, 446, 37, 1, 'Mushaf/446.png'),
(447, 447, 37, 25, 'Mushaf/447.png'),
(448, 448, 37, 52, 'Mushaf/448.png'),
(449, 449, 37, 77, 'Mushaf/449.png'),
(450, 450, 37, 103, 'Mushaf/450.png'),
(451, 451, 37, 127, 'Mushaf/451.png'),
(452, 452, 37, 154, 'Mushaf/452.png'),
(453, 453, 38, 1, 'Mushaf/453.png'),
(454, 454, 38, 17, 'Mushaf/454.png'),
(455, 455, 38, 27, 'Mushaf/455.png'),
(456, 456, 38, 43, 'Mushaf/456.png'),
(457, 457, 38, 62, 'Mushaf/457.png'),
(458, 458, 38, 84, 'Mushaf/458.png'),
(459, 459, 39, 6, 'Mushaf/459.png'),
(460, 460, 39, 11, 'Mushaf/460.png'),
(461, 461, 39, 22, 'Mushaf/461.png'),
(462, 462, 39, 32, 'Mushaf/462.png'),
(463, 463, 39, 41, 'Mushaf/463.png'),
(464, 464, 39, 48, 'Mushaf/464.png'),
(465, 465, 39, 57, 'Mushaf/465.png'),
(466, 466, 39, 68, 'Mushaf/466.png'),
(467, 467, 39, 75, 'Mushaf/467.png'),
(468, 468, 40, 8, 'Mushaf/468.png'),
(469, 469, 40, 17, 'Mushaf/469.png'),
(470, 470, 40, 26, 'Mushaf/470.png'),
(471, 471, 40, 34, 'Mushaf/471.png'),
(472, 472, 40, 41, 'Mushaf/472.png'),
(473, 473, 40, 50, 'Mushaf/473.png'),
(474, 474, 40, 59, 'Mushaf/474.png'),
(475, 475, 40, 67, 'Mushaf/475.png'),
(476, 476, 40, 78, 'Mushaf/476.png'),
(477, 477, 41, 1, 'Mushaf/477.png'),
(478, 478, 41, 12, 'Mushaf/478.png'),
(479, 479, 41, 21, 'Mushaf/479.png'),
(480, 480, 41, 30, 'Mushaf/480.png'),
(481, 481, 41, 39, 'Mushaf/481.png'),
(482, 482, 41, 47, 'Mushaf/482.png'),
(483, 483, 42, 1, 'Mushaf/483.png'),
(484, 484, 42, 11, 'Mushaf/484.png'),
(485, 485, 42, 16, 'Mushaf/485.png'),
(486, 486, 42, 23, 'Mushaf/486.png'),
(487, 487, 42, 32, 'Mushaf/487.png'),
(488, 488, 42, 45, 'Mushaf/488.png'),
(489, 489, 42, 52, 'Mushaf/489.png'),
(490, 490, 43, 11, 'Mushaf/490.png'),
(491, 491, 43, 23, 'Mushaf/491.png'),
(492, 492, 43, 34, 'Mushaf/492.png'),
(493, 493, 43, 48, 'Mushaf/493.png'),
(494, 494, 43, 61, 'Mushaf/494.png'),
(495, 495, 43, 74, 'Mushaf/495.png'),
(496, 496, 44, 1, 'Mushaf/496.png'),
(497, 497, 44, 19, 'Mushaf/497.png'),
(498, 498, 44, 40, 'Mushaf/498.png'),
(499, 499, 45, 1, 'Mushaf/499.png'),
(500, 500, 45, 14, 'Mushaf/500.png'),
(501, 501, 45, 23, 'Mushaf/501.png'),
(502, 502, 45, 33, 'Mushaf/502.png'),
(503, 503, 46, 6, 'Mushaf/503.png'),
(504, 504, 46, 15, 'Mushaf/504.png'),
(505, 505, 46, 21, 'Mushaf/505.png'),
(506, 506, 46, 29, 'Mushaf/506.png'),
(507, 507, 47, 1, 'Mushaf/507.png'),
(508, 508, 47, 12, 'Mushaf/508.png'),
(509, 509, 47, 20, 'Mushaf/509.png'),
(510, 510, 47, 30, 'Mushaf/510.png'),
(511, 511, 48, 1, 'Mushaf/511.png'),
(512, 512, 48, 10, 'Mushaf/512.png'),
(513, 513, 48, 16, 'Mushaf/513.png'),
(514, 514, 48, 24, 'Mushaf/514.png'),
(515, 515, 48, 29, 'Mushaf/515.png'),
(516, 516, 49, 5, 'Mushaf/516.png'),
(517, 517, 49, 12, 'Mushaf/517.png'),
(518, 518, 50, 1, 'Mushaf/518.png'),
(519, 519, 50, 16, 'Mushaf/519.png'),
(520, 520, 50, 36, 'Mushaf/520.png'),
(521, 521, 51, 7, 'Mushaf/521.png'),
(522, 522, 51, 31, 'Mushaf/522.png'),
(523, 523, 51, 52, 'Mushaf/523.png'),
(524, 524, 52, 15, 'Mushaf/524.png'),
(525, 525, 52, 32, 'Mushaf/525.png'),
(526, 526, 53, 1, 'Mushaf/526.png'),
(527, 527, 53, 27, 'Mushaf/527.png'),
(528, 528, 53, 45, 'Mushaf/528.png'),
(529, 529, 54, 7, 'Mushaf/529.png'),
(530, 530, 54, 28, 'Mushaf/530.png'),
(531, 531, 54, 50, 'Mushaf/531.png'),
(532, 532, 55, 19, 'Mushaf/532.png'),
(533, 533, 55, 42, 'Mushaf/533.png'),
(534, 534, 55, 70, 'Mushaf/534.png'),
(535, 535, 56, 17, 'Mushaf/535.png'),
(536, 536, 56, 51, 'Mushaf/536.png'),
(537, 537, 56, 77, 'Mushaf/537.png'),
(538, 538, 57, 4, 'Mushaf/538.png'),
(539, 539, 57, 12, 'Mushaf/539.png'),
(540, 540, 57, 19, 'Mushaf/540.png'),
(541, 541, 57, 25, 'Mushaf/541.png'),
(542, 542, 58, 1, 'Mushaf/542.png'),
(543, 543, 58, 7, 'Mushaf/543.png'),
(544, 544, 58, 12, 'Mushaf/544.png'),
(545, 545, 58, 22, 'Mushaf/545.png'),
(546, 546, 59, 4, 'Mushaf/546.png'),
(547, 547, 59, 10, 'Mushaf/547.png'),
(548, 548, 59, 17, 'Mushaf/548.png'),
(549, 549, 60, 1, 'Mushaf/549.png'),
(550, 550, 60, 6, 'Mushaf/550.png'),
(551, 551, 60, 12, 'Mushaf/551.png'),
(552, 552, 61, 6, 'Mushaf/552.png'),
(553, 553, 62, 1, 'Mushaf/553.png'),
(554, 554, 62, 9, 'Mushaf/554.png'),
(555, 555, 63, 5, 'Mushaf/555.png'),
(556, 556, 64, 1, 'Mushaf/556.png'),
(557, 557, 64, 10, 'Mushaf/557.png'),
(558, 558, 65, 1, 'Mushaf/558.png'),
(559, 559, 65, 6, 'Mushaf/559.png'),
(560, 560, 66, 1, 'Mushaf/560.png'),
(561, 561, 66, 8, 'Mushaf/561.png'),
(562, 562, 67, 1, 'Mushaf/562.png'),
(563, 563, 67, 13, 'Mushaf/563.png'),
(564, 564, 67, 27, 'Mushaf/564.png'),
(565, 565, 68, 17, 'Mushaf/565.png'),
(566, 566, 68, 43, 'Mushaf/566.png'),
(567, 567, 69, 9, 'Mushaf/567.png'),
(568, 568, 69, 36, 'Mushaf/568.png'),
(569, 569, 70, 11, 'Mushaf/569.png'),
(570, 570, 70, 41, 'Mushaf/570.png'),
(571, 571, 71, 11, 'Mushaf/571.png'),
(572, 572, 72, 1, 'Mushaf/572.png'),
(573, 573, 72, 14, 'Mushaf/573.png'),
(574, 574, 73, 1, 'Mushaf/574.png'),
(575, 575, 73, 20, 'Mushaf/575.png'),
(576, 576, 74, 19, 'Mushaf/576.png'),
(577, 577, 74, 48, 'Mushaf/577.png'),
(578, 578, 75, 20, 'Mushaf/578.png'),
(579, 579, 76, 6, 'Mushaf/579.png'),
(580, 580, 76, 26, 'Mushaf/580.png'),
(581, 581, 77, 20, 'Mushaf/581.png'),
(582, 582, 78, 1, 'Mushaf/582.png'),
(583, 583, 78, 31, 'Mushaf/583.png'),
(584, 584, 79, 17, 'Mushaf/584.png'),
(585, 585, 80, 1, 'Mushaf/585.png'),
(586, 586, 80, 41, 'Mushaf/586.png'),
(587, 587, 82, 1, 'Mushaf/587.png'),
(588, 588, 83, 5, 'Mushaf/588.png'),
(589, 589, 83, 34, 'Mushaf/589.png'),
(590, 590, 84, 25, 'Mushaf/590.png'),
(591, 591, 86, 1, 'Mushaf/591.png'),
(592, 592, 87, 11, 'Mushaf/592.png'),
(593, 593, 88, 23, 'Mushaf/593.png'),
(594, 594, 89, 23, 'Mushaf/594.png'),
(595, 595, 90, 19, 'Mushaf/595.png'),
(596, 596, 92, 10, 'Mushaf/596.png'),
(597, 597, 94, 3, 'Mushaf/597.png'),
(598, 598, 96, 13, 'Mushaf/598.png'),
(599, 599, 98, 6, 'Mushaf/599.png'),
(600, 600, 100, 6, 'Mushaf/600.png'),
(601, 601, 103, 1, 'Mushaf/601.png'),
(602, 602, 106, 1, 'Mushaf/602.png'),
(603, 603, 109, 1, 'Mushaf/603.png'),
(604, 604, 112, 1, 'Mushaf/604.png'),
(605, 600, 101, 1, 'Mushaf/600.png'),
(606, 602, 107, 1, 'Mushaf/602.png'),
(607, 603, 110, 1, 'Mushaf/603.png'),
(608, 604, 113, 1, 'Mushaf/604.png'),
(609, 601, 104, 1, 'Mushaf/601.png'),
(610, 599, 100, 1, 'Mushaf/599.png'),
(611, 598, 98, 1, 'Mushaf/598.png'),
(612, 597, 96, 1, 'Mushaf/597.png'),
(613, 596, 94, 1, 'Mushaf/596.png'),
(614, 595, 92, 1, 'Mushaf/595.png');

-- --------------------------------------------------------

--
-- Table structure for table `_deprecated_mutasyabihat`
--

CREATE TABLE `_deprecated_mutasyabihat` (
  `id` int(11) NOT NULL,
  `juz` int(32) NOT NULL,
  `nosurat` int(32) NOT NULL,
  `ayat` int(32) NOT NULL
) ENGINE=InnoDB DEFAULT CHARSET=latin1 COLLATE=latin1_swedish_ci;

--
-- Dumping data for table `_deprecated_mutasyabihat`
--

INSERT INTO `_deprecated_mutasyabihat` (`id`, `juz`, `nosurat`, `ayat`) VALUES
(2, 1, 2, 1),
(3, 1, 2, 2),
(4, 1, 2, 5),
(5, 1, 2, 8),
(6, 1, 2, 13),
(7, 1, 2, 14),
(8, 1, 2, 16),
(9, 1, 2, 18),
(10, 1, 2, 22),
(11, 1, 2, 23),
(12, 1, 2, 28),
(13, 1, 2, 32),
(14, 1, 2, 34),
(15, 1, 2, 35),
(16, 1, 2, 36),
(17, 1, 2, 39),
(18, 1, 2, 40),
(19, 1, 2, 48),
(20, 1, 2, 49),
(21, 1, 2, 54),
(22, 1, 2, 58),
(23, 1, 2, 59),
(24, 1, 2, 61),
(25, 1, 2, 62),
(26, 1, 2, 67),
(27, 1, 2, 76),
(28, 1, 2, 80),
(29, 1, 2, 86),
(30, 1, 2, 87),
(31, 1, 2, 91),
(32, 1, 2, 95),
(33, 1, 2, 106),
(34, 1, 2, 107),
(35, 1, 2, 116),
(36, 1, 2, 117),
(37, 1, 2, 119),
(38, 1, 2, 120),
(39, 1, 2, 121),
(40, 1, 2, 122),
(41, 1, 2, 123),
(42, 1, 2, 134),
(43, 1, 2, 136),
(44, 1, 2, 141),
(45, 2, 2, 143),
(46, 2, 2, 145),
(47, 2, 2, 146),
(48, 2, 2, 147),
(49, 2, 2, 159),
(50, 2, 2, 160),
(51, 2, 2, 161),
(52, 2, 2, 162),
(53, 2, 2, 164),
(54, 2, 2, 170),
(55, 2, 2, 171),
(56, 2, 2, 173),
(57, 2, 2, 174),
(58, 2, 2, 175),
(59, 2, 2, 190),
(60, 2, 2, 193),
(61, 2, 2, 198),
(62, 2, 2, 210),
(63, 2, 2, 214),
(64, 2, 2, 218),
(65, 2, 2, 224),
(66, 2, 2, 225),
(67, 2, 2, 231),
(68, 2, 2, 232),
(69, 2, 2, 234),
(70, 2, 2, 240),
(71, 2, 2, 245),
(72, 2, 2, 252),
(73, 2, 3, 277),
(74, 3, 2, 271),
(75, 3, 2, 278),
(76, 3, 2, 284),
(77, 3, 3, 1),
(78, 3, 3, 2),
(79, 3, 3, 10),
(80, 3, 3, 11),
(81, 3, 3, 12),
(82, 3, 3, 21),
(83, 3, 3, 23),
(84, 3, 3, 24),
(85, 3, 3, 28),
(86, 3, 3, 32),
(87, 3, 3, 40),
(88, 3, 3, 44),
(89, 3, 3, 47),
(90, 3, 3, 51),
(91, 3, 3, 60),
(92, 3, 3, 63),
(93, 3, 3, 64),
(94, 3, 3, 84),
(95, 3, 3, 88),
(96, 3, 3, 89),
(97, 3, 3, 90),
(98, 3, 3, 91),
(99, 3, 4, 1),
(100, 4, 3, 98),
(101, 4, 3, 101),
(102, 4, 3, 102),
(103, 4, 3, 108),
(104, 4, 3, 112),
(105, 4, 3, 116),
(106, 4, 3, 120),
(107, 4, 3, 126),
(108, 4, 3, 132),
(109, 4, 3, 133),
(110, 4, 3, 142),
(111, 4, 3, 146),
(112, 4, 3, 169),
(113, 4, 3, 176),
(114, 4, 3, 178),
(115, 4, 3, 180),
(116, 4, 3, 182),
(117, 4, 3, 184),
(118, 4, 3, 185),
(119, 4, 3, 188),
(120, 4, 3, 190),
(121, 4, 3, 198),
(122, 5, 4, 37),
(123, 5, 4, 43),
(124, 5, 4, 44),
(125, 5, 4, 46),
(126, 5, 4, 48),
(127, 5, 4, 50),
(128, 5, 4, 51),
(129, 5, 4, 57),
(130, 5, 4, 59),
(131, 5, 4, 61),
(132, 5, 4, 64),
(133, 5, 4, 81),
(134, 5, 4, 82),
(135, 5, 4, 89),
(136, 5, 4, 105),
(137, 5, 4, 116),
(138, 5, 4, 122),
(139, 5, 4, 124),
(140, 5, 4, 133),
(141, 5, 4, 135),
(142, 5, 4, 137),
(143, 5, 4, 139),
(144, 5, 4, 144),
(145, 5, 4, 149),
(146, 6, 4, 146),
(147, 6, 4, 152),
(148, 6, 4, 155),
(149, 6, 4, 167),
(150, 6, 4, 170),
(151, 6, 4, 171),
(152, 6, 4, 173),
(153, 6, 4, 174),
(154, 6, 5, 1),
(155, 6, 5, 2),
(156, 6, 5, 3),
(157, 6, 5, 6),
(158, 6, 5, 8),
(159, 6, 5, 8),
(160, 6, 5, 9),
(161, 6, 5, 10),
(162, 6, 5, 11),
(163, 6, 5, 13),
(164, 6, 5, 17),
(165, 6, 5, 18),
(166, 6, 5, 20),
(167, 6, 5, 34),
(168, 6, 5, 35),
(169, 6, 5, 36),
(170, 6, 5, 40),
(171, 6, 5, 41),
(172, 6, 5, 44),
(173, 6, 5, 48),
(174, 6, 5, 59),
(175, 6, 5, 68),
(176, 6, 5, 69),
(177, 6, 5, 72),
(178, 6, 5, 73),
(179, 6, 5, 77),
(180, 7, 5, 86),
(181, 7, 5, 88),
(182, 7, 5, 92),
(183, 7, 5, 104),
(184, 7, 6, 1),
(185, 7, 6, 4),
(186, 7, 6, 5),
(187, 7, 6, 6),
(188, 7, 6, 10),
(189, 7, 6, 11),
(190, 7, 6, 15),
(191, 7, 6, 17),
(192, 7, 6, 20),
(193, 7, 6, 21),
(194, 7, 6, 22),
(195, 7, 6, 24),
(196, 7, 6, 25),
(197, 7, 6, 29),
(198, 7, 6, 31),
(199, 7, 6, 37),
(200, 7, 6, 38),
(201, 7, 6, 39),
(202, 7, 6, 40),
(203, 7, 6, 44),
(204, 7, 6, 46),
(205, 7, 6, 47),
(206, 7, 6, 49),
(207, 7, 6, 50),
(208, 7, 6, 55),
(209, 7, 6, 56),
(210, 7, 6, 61),
(211, 7, 6, 65),
(212, 7, 6, 73),
(213, 7, 6, 84),
(214, 7, 6, 88),
(215, 7, 6, 89),
(216, 7, 6, 91),
(217, 7, 6, 92),
(218, 7, 6, 93),
(219, 7, 6, 99),
(220, 7, 6, 101),
(221, 7, 6, 102),
(222, 7, 6, 105),
(223, 7, 6, 106),
(224, 7, 6, 109),
(225, 8, 6, 112),
(226, 8, 6, 112),
(227, 8, 6, 114),
(228, 8, 6, 117),
(229, 8, 6, 119),
(230, 8, 6, 128),
(231, 8, 6, 130),
(232, 8, 6, 131),
(233, 8, 6, 132),
(234, 8, 6, 133),
(235, 8, 6, 135),
(236, 8, 6, 137),
(237, 8, 6, 146),
(238, 8, 6, 148),
(239, 8, 6, 155),
(240, 8, 6, 158),
(241, 8, 6, 159),
(242, 8, 6, 160),
(243, 8, 6, 165),
(244, 8, 7, 1),
(245, 8, 7, 2),
(246, 8, 7, 9),
(247, 8, 7, 12),
(248, 8, 7, 14),
(249, 8, 7, 15),
(250, 8, 7, 16),
(251, 8, 7, 19),
(252, 8, 7, 22),
(253, 8, 7, 24),
(254, 8, 7, 32),
(255, 8, 7, 33),
(256, 8, 7, 34),
(257, 8, 7, 35),
(258, 8, 7, 36),
(259, 8, 7, 37),
(260, 8, 7, 40),
(261, 8, 7, 43),
(262, 8, 7, 45),
(263, 8, 7, 53),
(264, 8, 7, 54),
(265, 8, 7, 58),
(266, 8, 7, 64),
(267, 8, 7, 65),
(268, 8, 7, 66),
(269, 8, 7, 70),
(270, 8, 7, 73),
(271, 8, 7, 74),
(272, 8, 7, 75),
(273, 8, 7, 76),
(274, 8, 7, 78),
(275, 8, 7, 80),
(276, 8, 7, 81),
(277, 8, 7, 82),
(278, 8, 7, 83),
(279, 8, 7, 84),
(280, 8, 7, 85),
(281, 9, 7, 88),
(282, 9, 7, 90),
(283, 9, 7, 91),
(284, 9, 7, 94),
(285, 9, 7, 101),
(286, 9, 7, 103),
(287, 9, 7, 110),
(288, 9, 7, 111),
(289, 9, 7, 112),
(290, 9, 7, 141),
(291, 9, 7, 147),
(292, 9, 7, 153),
(293, 9, 7, 161),
(294, 9, 7, 162),
(295, 9, 7, 165),
(296, 9, 7, 174),
(297, 9, 7, 178),
(298, 9, 7, 182),
(299, 9, 7, 184),
(300, 9, 7, 187),
(301, 9, 7, 188),
(302, 9, 7, 193),
(303, 9, 7, 198),
(304, 9, 8, 2),
(305, 9, 8, 2),
(306, 9, 8, 4),
(307, 9, 8, 7),
(308, 9, 8, 10),
(309, 9, 8, 13),
(310, 9, 8, 22),
(311, 9, 8, 31),
(312, 9, 8, 38),
(313, 9, 8, 39),
(314, 10, 8, 49),
(315, 10, 8, 51),
(316, 10, 8, 52),
(317, 10, 8, 53),
(318, 10, 8, 54),
(319, 10, 8, 55),
(320, 10, 8, 59),
(321, 10, 8, 72),
(322, 10, 8, 74),
(323, 10, 8, 75),
(324, 10, 9, 11),
(325, 10, 9, 16),
(326, 10, 9, 20),
(327, 10, 9, 22),
(328, 10, 9, 31),
(329, 10, 9, 32),
(330, 10, 9, 33),
(331, 10, 9, 39),
(332, 10, 9, 50),
(333, 10, 9, 55),
(334, 10, 9, 56),
(335, 10, 9, 62),
(336, 10, 9, 65),
(337, 10, 9, 70),
(338, 10, 9, 72),
(339, 10, 9, 73),
(340, 10, 9, 74),
(341, 10, 9, 80),
(342, 10, 9, 85),
(343, 10, 9, 86),
(344, 10, 9, 93),
(345, 11, 9, 95),
(346, 11, 9, 96),
(347, 11, 9, 119),
(348, 11, 9, 124),
(349, 11, 9, 127),
(350, 11, 9, 129),
(351, 11, 10, 1),
(352, 11, 10, 3),
(353, 11, 10, 4),
(354, 11, 10, 5),
(355, 11, 10, 9),
(356, 11, 10, 12),
(357, 11, 10, 15),
(358, 11, 10, 17),
(359, 11, 10, 18),
(360, 11, 10, 19),
(361, 11, 10, 20),
(362, 11, 10, 21),
(363, 11, 10, 22),
(364, 11, 10, 24),
(365, 11, 10, 28),
(366, 11, 10, 29),
(367, 11, 10, 31),
(368, 11, 10, 32),
(369, 11, 10, 33),
(370, 11, 10, 38),
(371, 11, 10, 41),
(372, 11, 10, 42),
(373, 11, 10, 45),
(374, 11, 10, 46),
(375, 11, 10, 48),
(376, 11, 10, 49),
(377, 11, 10, 53),
(378, 11, 10, 55),
(379, 11, 10, 57),
(380, 11, 10, 63),
(381, 11, 10, 65),
(382, 11, 10, 68),
(383, 11, 10, 72),
(384, 11, 10, 73),
(385, 11, 10, 74),
(386, 11, 10, 75),
(387, 11, 10, 76),
(388, 11, 10, 78),
(389, 11, 10, 82),
(390, 11, 10, 93),
(391, 11, 10, 94),
(392, 11, 10, 99),
(393, 11, 10, 102),
(394, 11, 10, 105),
(395, 11, 10, 107),
(396, 11, 10, 108),
(397, 11, 10, 109),
(398, 11, 11, 1),
(399, 12, 11, 6),
(400, 12, 11, 7),
(401, 12, 11, 13),
(402, 12, 11, 17),
(403, 12, 11, 18),
(404, 12, 11, 19),
(405, 12, 11, 22),
(406, 12, 11, 23),
(407, 12, 11, 25),
(408, 12, 11, 27),
(409, 12, 11, 31),
(410, 12, 11, 32),
(411, 12, 11, 35),
(412, 12, 11, 37),
(413, 12, 11, 39),
(414, 12, 11, 49),
(415, 12, 11, 50),
(416, 12, 11, 57),
(417, 12, 11, 61),
(418, 12, 11, 62),
(419, 12, 11, 77),
(420, 12, 11, 81),
(421, 12, 11, 83),
(422, 12, 11, 84),
(423, 12, 11, 93),
(424, 12, 11, 96),
(425, 12, 11, 107),
(426, 12, 11, 108),
(427, 12, 11, 110),
(428, 12, 11, 117),
(429, 12, 11, 118),
(430, 12, 11, 121),
(431, 12, 11, 123),
(432, 12, 12, 1),
(433, 12, 12, 2),
(434, 12, 12, 22),
(435, 13, 12, 102),
(436, 13, 12, 105),
(437, 13, 12, 109),
(438, 13, 13, 1),
(439, 13, 13, 2),
(440, 13, 13, 7),
(441, 13, 13, 11),
(442, 13, 13, 17),
(443, 13, 13, 18),
(444, 13, 13, 23),
(445, 13, 13, 26),
(446, 13, 13, 27),
(447, 13, 13, 32),
(448, 13, 13, 35),
(449, 13, 13, 36),
(450, 13, 13, 37),
(451, 13, 13, 38),
(452, 13, 13, 40),
(453, 13, 13, 41),
(454, 13, 13, 42),
(455, 13, 13, 43),
(456, 13, 14, 1),
(457, 13, 14, 4),
(458, 13, 14, 5),
(459, 13, 14, 9),
(460, 13, 14, 18),
(461, 13, 14, 19),
(462, 13, 14, 20),
(463, 13, 14, 24),
(464, 13, 14, 25),
(465, 13, 14, 32),
(466, 13, 14, 34),
(467, 14, 15, 1),
(468, 14, 15, 4),
(469, 14, 15, 5),
(470, 14, 15, 11),
(471, 14, 15, 12),
(472, 14, 15, 26),
(473, 14, 15, 31),
(474, 14, 15, 36),
(475, 14, 15, 37),
(476, 14, 15, 38),
(477, 14, 15, 39),
(478, 14, 15, 45),
(479, 14, 15, 47),
(480, 14, 15, 51),
(481, 14, 15, 52),
(482, 14, 15, 57),
(483, 14, 15, 58),
(484, 14, 15, 60),
(485, 14, 15, 65),
(486, 14, 15, 73),
(487, 14, 15, 83),
(488, 14, 15, 84),
(489, 14, 15, 85),
(490, 14, 15, 88),
(491, 14, 15, 115),
(492, 14, 16, 3),
(493, 14, 16, 10),
(494, 14, 16, 14),
(495, 14, 16, 15),
(496, 14, 16, 18),
(497, 14, 16, 26),
(498, 14, 16, 28),
(499, 14, 16, 29),
(500, 14, 16, 31),
(501, 14, 16, 32),
(502, 14, 16, 33),
(503, 14, 16, 34),
(504, 14, 16, 35),
(505, 14, 16, 38),
(506, 14, 16, 41),
(507, 14, 16, 42),
(508, 14, 16, 43),
(509, 14, 16, 54),
(510, 14, 16, 55),
(511, 14, 16, 58),
(512, 14, 16, 61),
(513, 14, 16, 65),
(514, 14, 16, 66),
(515, 14, 16, 70),
(516, 14, 16, 72),
(517, 14, 16, 73),
(518, 14, 16, 75),
(519, 14, 16, 76),
(520, 14, 16, 77),
(521, 14, 16, 78),
(522, 14, 16, 79),
(523, 14, 16, 82),
(524, 14, 16, 84),
(525, 14, 16, 89),
(526, 14, 16, 93),
(527, 14, 16, 97),
(528, 14, 16, 98),
(529, 14, 16, 109),
(530, 14, 16, 110),
(531, 14, 16, 112),
(532, 14, 16, 114),
(533, 14, 16, 115),
(534, 14, 16, 118),
(535, 14, 16, 119),
(536, 14, 16, 127),
(537, 15, 17, 9),
(538, 15, 17, 12),
(539, 15, 17, 15),
(540, 15, 17, 21),
(541, 15, 17, 30),
(542, 15, 17, 41),
(543, 15, 17, 46),
(544, 15, 17, 48),
(545, 15, 17, 49),
(546, 15, 17, 56),
(547, 15, 17, 61),
(548, 15, 17, 81),
(549, 15, 17, 83),
(550, 15, 17, 89),
(551, 15, 17, 94),
(552, 15, 17, 96),
(553, 15, 17, 97),
(554, 15, 17, 98),
(555, 15, 17, 99),
(556, 15, 17, 105),
(557, 15, 17, 111),
(558, 15, 18, 1),
(559, 15, 18, 2),
(560, 15, 18, 12),
(561, 15, 18, 15),
(562, 15, 18, 17),
(563, 15, 18, 26),
(564, 15, 18, 27),
(565, 15, 18, 30),
(566, 15, 18, 36),
(567, 15, 18, 45),
(568, 15, 18, 46),
(569, 15, 18, 49),
(570, 15, 18, 50),
(571, 15, 18, 54),
(572, 15, 18, 55),
(573, 15, 18, 57),
(574, 15, 18, 58),
(575, 16, 18, 99),
(576, 16, 18, 107),
(577, 16, 18, 110),
(578, 16, 19, 8),
(579, 16, 19, 11),
(580, 16, 19, 14),
(581, 16, 19, 15),
(582, 16, 19, 20),
(583, 16, 19, 32),
(584, 16, 19, 33),
(585, 16, 19, 36),
(586, 16, 19, 38),
(587, 16, 19, 49),
(588, 16, 19, 60),
(589, 16, 19, 65),
(590, 16, 19, 73),
(591, 16, 19, 74),
(592, 16, 19, 75),
(593, 16, 19, 76),
(594, 16, 19, 81),
(595, 16, 19, 88),
(596, 16, 19, 96),
(597, 16, 19, 97),
(598, 16, 19, 98),
(599, 16, 20, 10),
(600, 16, 20, 19),
(601, 16, 20, 47),
(602, 16, 20, 53),
(603, 16, 20, 62),
(604, 16, 20, 69),
(605, 16, 20, 71),
(606, 16, 20, 102),
(607, 16, 20, 104),
(608, 16, 20, 109),
(609, 16, 20, 110),
(610, 16, 20, 112),
(611, 16, 20, 113),
(612, 16, 20, 114),
(613, 16, 20, 116),
(614, 16, 20, 121),
(615, 16, 20, 128),
(616, 16, 20, 129),
(617, 16, 20, 130),
(618, 16, 20, 131),
(619, 17, 21, 2),
(620, 17, 21, 7),
(621, 17, 21, 16),
(622, 17, 21, 19),
(623, 17, 21, 24),
(624, 17, 21, 25),
(625, 17, 21, 26),
(626, 17, 21, 28),
(627, 17, 21, 31),
(628, 17, 21, 35),
(629, 17, 21, 36),
(630, 17, 21, 38),
(631, 17, 21, 41),
(632, 17, 21, 44),
(633, 17, 21, 50),
(634, 17, 21, 52),
(635, 17, 21, 55),
(636, 17, 21, 70),
(637, 17, 21, 72),
(638, 17, 21, 73),
(639, 17, 21, 91),
(640, 17, 21, 92),
(641, 17, 21, 93),
(642, 17, 21, 98),
(643, 17, 21, 108),
(644, 17, 21, 109),
(645, 17, 22, 1),
(646, 17, 22, 3),
(647, 17, 22, 5),
(648, 17, 22, 6),
(649, 17, 22, 7),
(650, 17, 22, 10),
(651, 17, 22, 14),
(652, 17, 22, 16),
(653, 17, 22, 17),
(654, 17, 22, 22),
(655, 17, 22, 23),
(656, 17, 22, 25),
(657, 17, 22, 34),
(658, 17, 22, 35),
(659, 17, 22, 42),
(660, 17, 22, 45),
(661, 17, 22, 46),
(662, 17, 22, 47),
(663, 17, 22, 48),
(664, 17, 22, 51),
(665, 17, 22, 52),
(666, 17, 22, 56),
(667, 17, 22, 57),
(668, 17, 22, 58),
(669, 17, 22, 61),
(670, 17, 22, 62),
(671, 17, 22, 63),
(672, 17, 22, 64),
(673, 17, 22, 67),
(674, 17, 22, 70),
(675, 17, 22, 71),
(676, 17, 22, 72),
(677, 17, 22, 76),
(678, 17, 22, 78),
(679, 18, 23, 16),
(680, 18, 23, 21),
(681, 18, 23, 22),
(682, 18, 23, 23),
(683, 18, 23, 24),
(684, 18, 23, 27),
(685, 18, 23, 34),
(686, 18, 23, 37),
(687, 18, 23, 41),
(688, 18, 23, 43),
(689, 18, 23, 45),
(690, 18, 23, 49),
(691, 18, 23, 52),
(692, 18, 23, 53),
(693, 18, 23, 54),
(694, 18, 23, 72),
(695, 18, 23, 74),
(696, 18, 23, 80),
(697, 18, 23, 82),
(698, 18, 23, 83),
(699, 18, 23, 103),
(700, 18, 23, 116),
(701, 18, 24, 5),
(702, 18, 24, 29),
(703, 18, 24, 35),
(704, 18, 24, 53),
(705, 18, 24, 54),
(706, 18, 24, 55),
(707, 18, 24, 57),
(708, 18, 24, 61),
(709, 18, 24, 62),
(710, 18, 24, 64),
(711, 18, 25, 1),
(712, 18, 25, 3),
(713, 18, 25, 7),
(714, 18, 25, 9),
(715, 18, 25, 17),
(716, 18, 25, 18),
(717, 19, 25, 21),
(718, 19, 25, 26),
(719, 19, 25, 31),
(720, 19, 25, 32),
(721, 19, 25, 35),
(722, 19, 25, 41),
(723, 19, 25, 53),
(724, 19, 25, 55),
(725, 19, 25, 56),
(726, 19, 25, 59),
(727, 19, 25, 70),
(728, 19, 26, 1),
(729, 19, 26, 2),
(730, 19, 26, 2),
(731, 19, 26, 5),
(732, 19, 26, 6),
(733, 19, 26, 14),
(734, 19, 26, 16),
(735, 19, 26, 24),
(736, 19, 26, 31),
(737, 19, 26, 35),
(738, 19, 26, 36),
(739, 19, 26, 37),
(740, 19, 26, 57),
(741, 19, 26, 70),
(742, 19, 26, 92),
(743, 19, 26, 134),
(744, 19, 26, 139),
(745, 19, 26, 147),
(746, 19, 26, 149),
(747, 19, 26, 170),
(748, 19, 26, 171),
(749, 19, 26, 172),
(750, 19, 26, 173),
(751, 19, 26, 189),
(752, 19, 26, 200),
(753, 19, 26, 204),
(754, 19, 26, 213),
(755, 19, 26, 215),
(756, 19, 27, 1),
(757, 19, 27, 3),
(758, 19, 27, 4),
(759, 19, 27, 7),
(760, 19, 27, 8),
(761, 19, 27, 10),
(762, 19, 27, 19),
(763, 19, 27, 40),
(764, 19, 27, 45),
(765, 19, 27, 53),
(766, 19, 27, 55),
(767, 19, 27, 56),
(768, 19, 27, 57),
(769, 20, 27, 58),
(770, 20, 27, 68),
(771, 20, 27, 69),
(772, 20, 27, 70),
(773, 20, 27, 71),
(774, 20, 27, 74),
(775, 20, 27, 78),
(776, 20, 27, 80),
(777, 20, 27, 81),
(778, 20, 27, 87),
(779, 20, 27, 89),
(780, 20, 27, 90),
(781, 20, 27, 91),
(782, 20, 27, 92),
(783, 20, 27, 93),
(784, 20, 28, 1),
(785, 20, 28, 2),
(786, 20, 28, 2),
(787, 20, 28, 14),
(788, 20, 28, 20),
(789, 20, 28, 29),
(790, 20, 28, 30),
(791, 20, 28, 31),
(792, 20, 28, 43),
(793, 20, 28, 46),
(794, 20, 28, 48),
(795, 20, 28, 49),
(796, 20, 28, 52),
(797, 20, 28, 59),
(798, 20, 28, 60),
(799, 20, 28, 62),
(800, 20, 28, 65),
(801, 20, 28, 67),
(802, 20, 28, 69),
(803, 20, 28, 74),
(804, 20, 28, 80),
(805, 20, 28, 82),
(806, 20, 28, 84),
(807, 20, 28, 88),
(808, 20, 29, 1),
(809, 20, 29, 2),
(810, 20, 29, 8),
(811, 20, 29, 10),
(812, 20, 29, 12),
(813, 20, 29, 14),
(814, 20, 29, 18),
(815, 20, 29, 20),
(816, 20, 29, 22),
(817, 20, 29, 24),
(818, 20, 29, 27),
(819, 20, 29, 28),
(820, 20, 29, 29),
(821, 20, 29, 32),
(822, 20, 29, 33),
(823, 20, 29, 36),
(824, 20, 29, 37),
(825, 20, 29, 43),
(826, 21, 29, 44),
(827, 21, 29, 45),
(828, 21, 29, 47),
(829, 21, 29, 49),
(830, 21, 29, 50),
(831, 21, 29, 53),
(832, 21, 29, 54),
(833, 21, 29, 57),
(834, 21, 29, 59),
(835, 21, 29, 60),
(836, 21, 29, 61),
(837, 21, 29, 62),
(838, 21, 29, 63),
(839, 21, 29, 66),
(840, 21, 29, 68),
(841, 21, 30, 1),
(842, 21, 30, 2),
(843, 21, 30, 8),
(844, 21, 30, 9),
(845, 21, 30, 12),
(846, 21, 30, 14),
(847, 21, 30, 15),
(848, 21, 30, 16),
(849, 21, 30, 26),
(850, 21, 30, 28),
(851, 21, 30, 30),
(852, 21, 30, 32),
(853, 21, 30, 33),
(854, 21, 30, 34),
(855, 21, 30, 36),
(856, 21, 30, 37),
(857, 21, 30, 38),
(858, 21, 30, 42),
(859, 21, 30, 43),
(860, 21, 30, 45),
(861, 21, 30, 47),
(862, 21, 30, 48),
(863, 21, 30, 52),
(864, 21, 30, 53),
(865, 21, 30, 55),
(866, 21, 30, 56),
(867, 21, 30, 57),
(868, 21, 30, 58),
(869, 21, 30, 60),
(870, 21, 31, 1),
(871, 21, 31, 2),
(872, 21, 31, 4),
(873, 21, 31, 5),
(874, 21, 31, 7),
(875, 21, 31, 8),
(876, 21, 31, 10),
(877, 21, 31, 12),
(878, 21, 31, 14),
(879, 21, 31, 15),
(880, 21, 31, 20),
(881, 21, 31, 21),
(882, 21, 31, 24),
(883, 21, 31, 26),
(884, 21, 31, 29),
(885, 21, 31, 30),
(886, 21, 31, 31),
(887, 21, 31, 32),
(888, 21, 31, 33),
(889, 21, 31, 35),
(890, 21, 32, 1),
(891, 21, 32, 2),
(892, 21, 32, 3),
(893, 21, 32, 4),
(894, 21, 32, 5),
(895, 21, 32, 9),
(896, 21, 32, 20),
(897, 21, 32, 22),
(898, 21, 32, 23),
(899, 21, 32, 25),
(900, 21, 32, 26),
(901, 21, 32, 28),
(902, 21, 32, 29),
(903, 21, 33, 1),
(904, 21, 33, 2),
(905, 21, 33, 3),
(906, 21, 33, 6),
(907, 21, 33, 9),
(908, 21, 33, 12),
(909, 21, 33, 21),
(910, 21, 33, 24),
(911, 21, 33, 26),
(912, 22, 33, 38),
(913, 22, 33, 45),
(914, 22, 33, 48),
(915, 22, 33, 54),
(916, 22, 33, 62),
(917, 22, 33, 65),
(918, 22, 33, 70),
(919, 22, 33, 73),
(920, 22, 34, 1),
(921, 22, 34, 2),
(922, 22, 34, 3),
(923, 22, 34, 4),
(924, 22, 34, 5),
(925, 22, 34, 19),
(926, 22, 34, 22),
(927, 22, 34, 23),
(928, 22, 34, 24),
(929, 22, 34, 28),
(930, 22, 34, 29),
(931, 22, 34, 31),
(932, 22, 34, 32),
(933, 22, 34, 34),
(934, 22, 34, 36),
(935, 22, 34, 38),
(936, 22, 34, 39),
(937, 22, 34, 40),
(938, 22, 34, 41),
(939, 22, 34, 43),
(940, 22, 34, 49),
(941, 22, 35, 1),
(942, 22, 35, 3),
(943, 22, 35, 4),
(944, 22, 35, 5),
(945, 22, 35, 9),
(946, 22, 35, 12),
(947, 22, 35, 13),
(948, 22, 35, 16),
(949, 22, 35, 17),
(950, 22, 35, 19),
(951, 22, 35, 24),
(952, 22, 35, 25),
(953, 22, 35, 27),
(954, 22, 35, 30),
(955, 22, 35, 33),
(956, 22, 35, 34),
(957, 22, 35, 39),
(958, 22, 35, 42),
(959, 22, 35, 44),
(960, 22, 35, 45),
(961, 22, 36, 10),
(962, 23, 36, 20),
(963, 23, 36, 29),
(964, 23, 36, 30),
(965, 23, 36, 31),
(966, 23, 36, 46),
(967, 23, 36, 48),
(968, 23, 36, 51),
(969, 23, 36, 53),
(970, 23, 36, 74),
(971, 23, 36, 76),
(972, 23, 36, 81),
(973, 23, 37, 5),
(974, 23, 37, 16),
(975, 23, 37, 17),
(976, 23, 37, 19),
(977, 23, 37, 27),
(978, 23, 37, 50),
(979, 23, 37, 53),
(980, 23, 37, 59),
(981, 23, 37, 85),
(982, 23, 37, 98),
(983, 23, 37, 127),
(984, 23, 37, 134),
(985, 23, 37, 135),
(986, 23, 37, 136),
(987, 23, 37, 161),
(988, 23, 37, 174),
(989, 23, 37, 176),
(990, 23, 38, 9),
(991, 23, 38, 12),
(992, 23, 38, 17),
(993, 23, 38, 27),
(994, 23, 38, 29),
(995, 23, 38, 43),
(996, 23, 38, 66),
(997, 23, 38, 74),
(998, 23, 38, 76),
(999, 23, 38, 79),
(1000, 23, 38, 80),
(1001, 23, 38, 81),
(1002, 23, 38, 82),
(1003, 23, 39, 1),
(1004, 23, 39, 2),
(1005, 23, 39, 3),
(1006, 23, 39, 5),
(1007, 23, 39, 8),
(1008, 23, 39, 13),
(1009, 23, 39, 20),
(1010, 23, 39, 21),
(1011, 23, 39, 23),
(1012, 23, 39, 27),
(1013, 23, 39, 29),
(1014, 24, 39, 31),
(1015, 24, 39, 32),
(1016, 24, 39, 38),
(1017, 24, 39, 39),
(1018, 24, 39, 40),
(1019, 24, 39, 41),
(1020, 24, 39, 48),
(1021, 24, 39, 49),
(1022, 24, 39, 50),
(1023, 24, 39, 51),
(1024, 24, 39, 52),
(1025, 24, 39, 63),
(1026, 24, 39, 67),
(1027, 24, 39, 68),
(1028, 24, 39, 69),
(1029, 24, 39, 71),
(1030, 24, 39, 72),
(1031, 24, 39, 74),
(1032, 24, 40, 1),
(1033, 24, 40, 2),
(1034, 24, 40, 2),
(1035, 24, 40, 5),
(1036, 24, 40, 6),
(1037, 24, 40, 21),
(1038, 24, 40, 22),
(1039, 24, 40, 23),
(1040, 24, 40, 25),
(1041, 24, 40, 40),
(1042, 24, 40, 46),
(1043, 24, 40, 52),
(1044, 24, 40, 55),
(1045, 24, 40, 58),
(1046, 24, 40, 59),
(1047, 24, 40, 62),
(1048, 24, 40, 64),
(1049, 24, 40, 66),
(1050, 24, 40, 68),
(1051, 24, 40, 76),
(1052, 24, 40, 77),
(1053, 24, 40, 78),
(1054, 24, 40, 80),
(1055, 24, 40, 82),
(1056, 24, 41, 1),
(1057, 24, 41, 2),
(1058, 24, 41, 5),
(1059, 24, 41, 6),
(1060, 24, 41, 8),
(1061, 24, 41, 13),
(1062, 24, 41, 18),
(1063, 24, 41, 30),
(1064, 24, 41, 33),
(1065, 24, 41, 36),
(1066, 24, 41, 45),
(1067, 24, 41, 46),
(1068, 24, 43, 64),
(1069, 25, 40, 56),
(1070, 25, 41, 50),
(1071, 25, 41, 51),
(1072, 25, 41, 52),
(1073, 25, 42, 1),
(1074, 25, 42, 2),
(1075, 25, 42, 6),
(1076, 25, 42, 7),
(1077, 25, 42, 12),
(1078, 25, 42, 17),
(1079, 25, 42, 33),
(1080, 25, 42, 36),
(1081, 25, 42, 38),
(1082, 25, 42, 42),
(1083, 25, 42, 47),
(1084, 25, 42, 48),
(1085, 25, 42, 49),
(1086, 25, 42, 52),
(1087, 25, 43, 1),
(1088, 25, 43, 2),
(1089, 25, 43, 3),
(1090, 25, 43, 7),
(1091, 25, 43, 9),
(1092, 25, 43, 10),
(1093, 25, 43, 17),
(1094, 25, 43, 20),
(1095, 25, 43, 23),
(1096, 25, 43, 42),
(1097, 25, 43, 46),
(1098, 25, 43, 66),
(1099, 25, 43, 83),
(1100, 25, 43, 87),
(1101, 25, 44, 1),
(1102, 25, 44, 2),
(1103, 25, 44, 3),
(1104, 25, 44, 7),
(1105, 25, 44, 25),
(1106, 25, 44, 35),
(1107, 25, 44, 38),
(1108, 25, 44, 41),
(1109, 25, 44, 48),
(1110, 25, 44, 51),
(1111, 25, 45, 1),
(1112, 25, 45, 2),
(1113, 25, 45, 5),
(1114, 25, 45, 6),
(1115, 25, 45, 8),
(1116, 25, 45, 15),
(1117, 25, 45, 17),
(1118, 25, 45, 21),
(1119, 25, 45, 22),
(1120, 25, 45, 23),
(1121, 25, 45, 24),
(1122, 25, 45, 25),
(1123, 25, 45, 27),
(1124, 25, 45, 30),
(1125, 25, 45, 33),
(1126, 26, 46, 1),
(1127, 26, 46, 2),
(1128, 26, 46, 7),
(1129, 26, 46, 8),
(1130, 26, 46, 10),
(1131, 26, 46, 11),
(1132, 26, 46, 12),
(1133, 26, 46, 13),
(1134, 26, 46, 15),
(1135, 26, 46, 19),
(1136, 26, 46, 20),
(1137, 26, 46, 22),
(1138, 26, 46, 23),
(1139, 26, 46, 33),
(1140, 26, 46, 34),
(1141, 26, 47, 10),
(1142, 26, 47, 12),
(1143, 26, 47, 13),
(1144, 26, 47, 14),
(1145, 26, 47, 15),
(1146, 26, 47, 16),
(1147, 26, 47, 18),
(1148, 26, 47, 24),
(1149, 26, 47, 32),
(1150, 26, 47, 33),
(1151, 26, 47, 34),
(1152, 26, 47, 36),
(1153, 26, 47, 38),
(1154, 26, 48, 6),
(1155, 26, 48, 8),
(1156, 26, 48, 17),
(1157, 26, 48, 23),
(1158, 26, 49, 1),
(1159, 26, 49, 10),
(1160, 26, 49, 15),
(1161, 26, 50, 3),
(1162, 26, 50, 12),
(1163, 26, 50, 16),
(1164, 26, 50, 20),
(1165, 26, 50, 25),
(1166, 26, 50, 36),
(1167, 26, 50, 38),
(1168, 26, 50, 39),
(1169, 26, 50, 40),
(1170, 26, 50, 45),
(1171, 27, 51, 5),
(1172, 27, 51, 24),
(1173, 27, 51, 25),
(1174, 27, 51, 32),
(1175, 27, 51, 34),
(1176, 27, 51, 46),
(1177, 27, 51, 54),
(1178, 27, 51, 59),
(1179, 27, 52, 17),
(1180, 27, 52, 19),
(1181, 27, 52, 24),
(1182, 27, 52, 25),
(1183, 27, 52, 37),
(1184, 27, 52, 40),
(1185, 27, 52, 41),
(1186, 27, 52, 46),
(1187, 27, 52, 47),
(1188, 27, 52, 49),
(1189, 27, 53, 27),
(1190, 27, 53, 56),
(1191, 27, 54, 6),
(1192, 27, 54, 9),
(1193, 27, 54, 54),
(1194, 27, 56, 17),
(1195, 27, 56, 47),
(1196, 27, 56, 48),
(1197, 27, 56, 80),
(1198, 27, 57, 1),
(1199, 27, 57, 4),
(1200, 27, 57, 6),
(1201, 27, 57, 11),
(1202, 27, 57, 19),
(1203, 27, 57, 20),
(1204, 27, 57, 21),
(1205, 27, 57, 22),
(1206, 27, 57, 24),
(1207, 27, 57, 26),
(1208, 27, 57, 28),
(1209, 28, 58, 6),
(1210, 28, 58, 15),
(1211, 28, 58, 17),
(1212, 28, 58, 18),
(1213, 28, 59, 1),
(1214, 28, 59, 4),
(1215, 28, 59, 18),
(1216, 28, 59, 21),
(1217, 28, 60, 1),
(1218, 28, 60, 2),
(1219, 28, 60, 6),
(1220, 28, 61, 1),
(1221, 28, 61, 5),
(1222, 28, 61, 7),
(1223, 28, 61, 8),
(1224, 28, 61, 9),
(1225, 28, 61, 12),
(1226, 28, 61, 14),
(1227, 28, 62, 1),
(1228, 28, 62, 7),
(1229, 28, 63, 4),
(1230, 28, 63, 5),
(1231, 28, 63, 6),
(1232, 28, 64, 1),
(1233, 28, 64, 3),
(1234, 28, 64, 5),
(1235, 28, 64, 6),
(1236, 28, 64, 7),
(1237, 28, 64, 10),
(1238, 28, 64, 11),
(1239, 28, 64, 12),
(1240, 28, 65, 1),
(1241, 28, 65, 8),
(1242, 28, 66, 1),
(1243, 28, 66, 9),
(1244, 28, 66, 10),
(1245, 28, 66, 11),
(1246, 28, 66, 12),
(1247, 29, 67, 1),
(1248, 29, 67, 15),
(1249, 29, 67, 19),
(1250, 29, 67, 23),
(1251, 29, 67, 25),
(1252, 29, 67, 26),
(1253, 29, 68, 7),
(1254, 29, 68, 12),
(1255, 29, 68, 15),
(1256, 29, 68, 30),
(1257, 29, 68, 43),
(1258, 29, 68, 46),
(1259, 29, 68, 47),
(1260, 29, 69, 43),
(1261, 29, 70, 4),
(1262, 29, 70, 12),
(1263, 29, 70, 42),
(1264, 29, 70, 44),
(1265, 29, 71, 4),
(1266, 29, 72, 24),
(1267, 29, 73, 8),
(1268, 29, 73, 10),
(1269, 29, 74, 54),
(1270, 29, 75, 40),
(1271, 29, 76, 1),
(1272, 29, 76, 19),
(1273, 29, 76, 25),
(1274, 29, 77, 7),
(1275, 29, 77, 41),
(1276, 29, 77, 43),
(1277, 30, 78, 18),
(1278, 30, 78, 37),
(1279, 30, 79, 11),
(1280, 30, 79, 13),
(1281, 30, 79, 42),
(1282, 30, 80, 11),
(1283, 30, 80, 36),
(1284, 30, 81, 14),
(1285, 30, 82, 1),
(1286, 30, 82, 5),
(1287, 30, 82, 6),
(1288, 30, 83, 13),
(1289, 30, 84, 1),
(1290, 30, 84, 6),
(1291, 30, 84, 25),
(1292, 30, 85, 1),
(1293, 30, 85, 11),
(1294, 30, 86, 1),
(1295, 30, 88, 1),
(1296, 30, 90, 1),
(1297, 30, 91, 14),
(1298, 30, 95, 6),
(1299, 30, 97, 1),
(1300, 30, 98, 5),
(1301, 30, 98, 7);

-- --------------------------------------------------------

--
-- Table structure for table `_hapus`
--

CREATE TABLE `_hapus` (
  `id` int(11) NOT NULL,
  `nama` varchar(111) NOT NULL,
  `alamat` varchar(111) NOT NULL
) ENGINE=InnoDB DEFAULT CHARSET=utf8mb4 COLLATE=utf8mb4_general_ci;

-- --------------------------------------------------------

--
-- Table structure for table `_hapus2`
--

CREATE TABLE `_hapus2` (
  `id` int(11) NOT NULL,
  `idhapuskategori` int(11) DEFAULT NULL,
  `nama3` varchar(111) NOT NULL,
  `nama4` varchar(111) NOT NULL
) ENGINE=InnoDB DEFAULT CHARSET=utf8mb4 COLLATE=utf8mb4_general_ci;

--
-- Dumping data for table `_hapus2`
--

INSERT INTO `_hapus2` (`id`, `idhapuskategori`, `nama3`, `nama4`) VALUES
(8, 17, 'bbb', ''),
(10, 17, 'dddd', ''),
(11, 18, 'sdfgsddxx', ''),
(13, NULL, 'xxx', '');

-- --------------------------------------------------------

--
-- Table structure for table `_hapuskategori`
--

CREATE TABLE `_hapuskategori` (
  `id` int(11) NOT NULL,
  `nama` varchar(111) NOT NULL,
  `nama2` varchar(111) NOT NULL
) ENGINE=InnoDB DEFAULT CHARSET=utf8mb4 COLLATE=utf8mb4_general_ci;

--
-- Dumping data for table `_hapuskategori`
--

INSERT INTO `_hapuskategori` (`id`, `nama`, `nama2`) VALUES
(17, 'kat2', ''),
(18, 'kat3', ''),
(21, 'wxetdef', ''),
(22, 'yayaya', '');

-- --------------------------------------------------------

--
-- Structure for view `view_golongan`
--
DROP TABLE IF EXISTS `view_golongan`;

CREATE ALGORITHM=UNDEFINED SQL SECURITY INVOKER VIEW `view_golongan`  AS SELECT (select `cabang`.`idevent` from `cabang` where `cabang`.`id` = `golongan`.`idcabang`) AS `idevent`, `golongan`.`idcabang` AS `idcabang`, `golongan`.`id` AS `idgolongan`, `golongan`.`idbabak` AS `idbabak` FROM `golongan` ;

-- --------------------------------------------------------

--
-- Structure for view `view_nilai`
--
DROP TABLE IF EXISTS `view_nilai`;

CREATE ALGORITHM=UNDEFINED SQL SECURITY INVOKER VIEW `view_nilai`  AS SELECT `nilai`.`id` AS `idnilai`, `view_golongan`.`idevent` AS `idevent`, `view_golongan`.`idcabang` AS `idcabang`, `nilai`.`idgolongan` AS `idgolongan`, `nilai`.`idpeserta` AS `idpeserta` FROM (`nilai` join `view_golongan` on(`nilai`.`idgolongan` = `view_golongan`.`idgolongan`)) ;

-- --------------------------------------------------------

--
-- Structure for view `view_user`
--
DROP TABLE IF EXISTS `view_user`;

CREATE ALGORITHM=UNDEFINED SQL SECURITY DEFINER VIEW `view_user`  AS SELECT `user`.`id` AS `iduser`, `user`.`nama` AS `nama`, `user`.`iduser_level` AS `iduser_level`, `user_level`.`nama` AS `level`, `user_level`.`role` AS `role` FROM (`user` join `user_level` on(`user_level`.`id` = `user`.`iduser_level`)) ;

--
-- Indexes for dumped tables
--

--
-- Indexes for table `admin`
--
ALTER TABLE `admin`
  ADD PRIMARY KEY (`id`);

--
-- Indexes for table `babak`
--
ALTER TABLE `babak`
  ADD PRIMARY KEY (`id`);

--
-- Indexes for table `bidang`
--
ALTER TABLE `bidang`
  ADD PRIMARY KEY (`id`),
  ADD KEY `idgolongan` (`idgolongan`);

--
-- Indexes for table `cabang`
--
ALTER TABLE `cabang`
  ADD PRIMARY KEY (`id`),
  ADD KEY `idevent` (`idevent`),
  ADD KEY `idpenilaian` (`idpenilaian`);

--
-- Indexes for table `event`
--
ALTER TABLE `event`
  ADD PRIMARY KEY (`id`);

--
-- Indexes for table `gender`
--
ALTER TABLE `gender`
  ADD PRIMARY KEY (`id`);

--
-- Indexes for table `golongan`
--
ALTER TABLE `golongan`
  ADD PRIMARY KEY (`id`),
  ADD KEY `idcabang` (`idcabang`),
  ADD KEY `idbabak` (`idbabak`),
  ADD KEY `kodemenu_link` (`kodemenu_link`);

--
-- Indexes for table `hakim`
--
ALTER TABLE `hakim`
  ADD PRIMARY KEY (`id`),
  ADD KEY `idbidang` (`idbidang`);

--
-- Indexes for table `hakim_keahlian`
--
ALTER TABLE `hakim_keahlian`
  ADD PRIMARY KEY (`id`),
  ADD KEY `idkeahlian` (`idkeahlian`),
  ADD KEY `idhakim` (`idhakim`);

--
-- Indexes for table `job`
--
ALTER TABLE `job`
  ADD PRIMARY KEY (`id`);

--
-- Indexes for table `kafilah`
--
ALTER TABLE `kafilah`
  ADD PRIMARY KEY (`id`);

--
-- Indexes for table `kategori`
--
ALTER TABLE `kategori`
  ADD PRIMARY KEY (`id`);

--
-- Indexes for table `keahlian`
--
ALTER TABLE `keahlian`
  ADD PRIMARY KEY (`id`);

--
-- Indexes for table `menu_link`
--
ALTER TABLE `menu_link`
  ADD UNIQUE KEY `kode` (`kode`);

--
-- Indexes for table `mhq`
--
ALTER TABLE `mhq`
  ADD KEY `urut_mushaf` (`urutmushaf`),
  ADD KEY `id_kategori` (`idkategori`);

--
-- Indexes for table `mushaf`
--
ALTER TABLE `mushaf`
  ADD PRIMARY KEY (`id`),
  ADD KEY `urut` (`urut`);

--
-- Indexes for table `mushaf_halaman`
--
ALTER TABLE `mushaf_halaman`
  ADD PRIMARY KEY (`id`);

--
-- Indexes for table `mushaf_surat`
--
ALTER TABLE `mushaf_surat`
  ADD PRIMARY KEY (`id`);

--
-- Indexes for table `nilai`
--
ALTER TABLE `nilai`
  ADD PRIMARY KEY (`id`),
  ADD KEY `idgolongan` (`idgolongan`),
  ADD KEY `idpeserta` (`idpeserta`);

--
-- Indexes for table `nilai_bidang`
--
ALTER TABLE `nilai_bidang`
  ADD PRIMARY KEY (`id`),
  ADD KEY `id_nilai` (`idnilai`),
  ADD KEY `idhakim` (`idhakim`);

--
-- Indexes for table `orang`
--
ALTER TABLE `orang`
  ADD PRIMARY KEY (`id`),
  ADD KEY `idgender` (`idgender`,`idjob`,`idkafilah`),
  ADD KEY `idjob` (`idjob`),
  ADD KEY `idkafilah` (`idkafilah`);

--
-- Indexes for table `panitera`
--
ALTER TABLE `panitera`
  ADD PRIMARY KEY (`id`);

--
-- Indexes for table `penilaian`
--
ALTER TABLE `penilaian`
  ADD PRIMARY KEY (`id`);

--
-- Indexes for table `peserta`
--
ALTER TABLE `peserta`
  ADD PRIMARY KEY (`id`),
  ADD KEY `idgolongan` (`idgolongan`),
  ADD KEY `idgender` (`idgender`),
  ADD KEY `idwilayah` (`idwilayah`),
  ADD KEY `idkafilah` (`idkafilah`);

--
-- Indexes for table `peserta2`
--
ALTER TABLE `peserta2`
  ADD PRIMARY KEY (`id`),
  ADD KEY `idgolongan` (`idgolongan`),
  ADD KEY `idpeserta` (`idpeserta`);

--
-- Indexes for table `setting`
--
ALTER TABLE `setting`
  ADD PRIMARY KEY (`id`);

--
-- Indexes for table `soal`
--
ALTER TABLE `soal`
  ADD PRIMARY KEY (`id`),
  ADD KEY `idbidang` (`idbidang`);

--
-- Indexes for table `user`
--
ALTER TABLE `user`
  ADD PRIMARY KEY (`id`),
  ADD KEY `iduser_level` (`iduser_level`);

--
-- Indexes for table `user_level`
--
ALTER TABLE `user_level`
  ADD PRIMARY KEY (`id`),
  ADD KEY `iduser_role` (`role`);

--
-- Indexes for table `wilayah`
--
ALTER TABLE `wilayah`
  ADD PRIMARY KEY (`id`);

--
-- Indexes for table `_deprecated_daftarsurah`
--
ALTER TABLE `_deprecated_daftarsurah`
  ADD PRIMARY KEY (`id`);

--
-- Indexes for table `_deprecated_halaman`
--
ALTER TABLE `_deprecated_halaman`
  ADD PRIMARY KEY (`id`);

--
-- Indexes for table `_deprecated_mutasyabihat`
--
ALTER TABLE `_deprecated_mutasyabihat`
  ADD PRIMARY KEY (`id`);

--
-- Indexes for table `_hapus`
--
ALTER TABLE `_hapus`
  ADD PRIMARY KEY (`id`);

--
-- Indexes for table `_hapus2`
--
ALTER TABLE `_hapus2`
  ADD PRIMARY KEY (`id`),
  ADD KEY `id_hapus` (`idhapuskategori`);

--
-- Indexes for table `_hapuskategori`
--
ALTER TABLE `_hapuskategori`
  ADD PRIMARY KEY (`id`);

--
-- AUTO_INCREMENT for dumped tables
--

--
-- AUTO_INCREMENT for table `admin`
--
ALTER TABLE `admin`
  MODIFY `id` int(11) NOT NULL AUTO_INCREMENT, AUTO_INCREMENT=2;

--
-- AUTO_INCREMENT for table `babak`
--
ALTER TABLE `babak`
  MODIFY `id` int(11) NOT NULL AUTO_INCREMENT, AUTO_INCREMENT=190;

--
-- AUTO_INCREMENT for table `bidang`
--
ALTER TABLE `bidang`
  MODIFY `id` int(11) NOT NULL AUTO_INCREMENT, AUTO_INCREMENT=6099;

--
-- AUTO_INCREMENT for table `cabang`
--
ALTER TABLE `cabang`
  MODIFY `id` int(11) NOT NULL AUTO_INCREMENT, AUTO_INCREMENT=624;

--
-- AUTO_INCREMENT for table `event`
--
ALTER TABLE `event`
  MODIFY `id` int(11) NOT NULL AUTO_INCREMENT, AUTO_INCREMENT=189;

--
-- AUTO_INCREMENT for table `gender`
--
ALTER TABLE `gender`
  MODIFY `id` int(11) NOT NULL AUTO_INCREMENT, AUTO_INCREMENT=11;

--
-- AUTO_INCREMENT for table `golongan`
--
ALTER TABLE `golongan`
  MODIFY `id` int(11) NOT NULL AUTO_INCREMENT, AUTO_INCREMENT=1903;

--
-- AUTO_INCREMENT for table `hakim`
--
ALTER TABLE `hakim`
  MODIFY `id` int(11) NOT NULL AUTO_INCREMENT, AUTO_INCREMENT=20056;

--
-- AUTO_INCREMENT for table `hakim_keahlian`
--
ALTER TABLE `hakim_keahlian`
  MODIFY `id` int(11) NOT NULL AUTO_INCREMENT, AUTO_INCREMENT=35;

--
-- AUTO_INCREMENT for table `job`
--
ALTER TABLE `job`
  MODIFY `id` int(11) NOT NULL AUTO_INCREMENT, AUTO_INCREMENT=8;

--
-- AUTO_INCREMENT for table `kafilah`
--
ALTER TABLE `kafilah`
  MODIFY `id` int(11) NOT NULL AUTO_INCREMENT, AUTO_INCREMENT=195;

--
-- AUTO_INCREMENT for table `kategori`
--
ALTER TABLE `kategori`
  MODIFY `id` int(11) NOT NULL AUTO_INCREMENT, AUTO_INCREMENT=19;

--
-- AUTO_INCREMENT for table `keahlian`
--
ALTER TABLE `keahlian`
  MODIFY `id` int(11) NOT NULL AUTO_INCREMENT, AUTO_INCREMENT=26;

--
-- AUTO_INCREMENT for table `mushaf`
--
ALTER TABLE `mushaf`
  MODIFY `id` int(11) NOT NULL AUTO_INCREMENT, AUTO_INCREMENT=6237;

--
-- AUTO_INCREMENT for table `mushaf_halaman`
--
ALTER TABLE `mushaf_halaman`
  MODIFY `id` int(11) NOT NULL AUTO_INCREMENT, AUTO_INCREMENT=926;

--
-- AUTO_INCREMENT for table `mushaf_surat`
--
ALTER TABLE `mushaf_surat`
  MODIFY `id` int(11) NOT NULL AUTO_INCREMENT, AUTO_INCREMENT=136;

--
-- AUTO_INCREMENT for table `nilai`
--
ALTER TABLE `nilai`
  MODIFY `id` int(11) NOT NULL AUTO_INCREMENT, AUTO_INCREMENT=4540;

--
-- AUTO_INCREMENT for table `nilai_bidang`
--
ALTER TABLE `nilai_bidang`
  MODIFY `id` int(11) NOT NULL AUTO_INCREMENT, AUTO_INCREMENT=63009;

--
-- AUTO_INCREMENT for table `orang`
--
ALTER TABLE `orang`
  MODIFY `id` int(11) NOT NULL AUTO_INCREMENT, AUTO_INCREMENT=7;

--
-- AUTO_INCREMENT for table `panitera`
--
ALTER TABLE `panitera`
  MODIFY `id` int(11) NOT NULL AUTO_INCREMENT, AUTO_INCREMENT=11;

--
-- AUTO_INCREMENT for table `penilaian`
--
ALTER TABLE `penilaian`
  MODIFY `id` int(11) NOT NULL AUTO_INCREMENT, AUTO_INCREMENT=238;

--
-- AUTO_INCREMENT for table `peserta`
--
ALTER TABLE `peserta`
  MODIFY `id` int(11) NOT NULL AUTO_INCREMENT, AUTO_INCREMENT=5737;

--
-- AUTO_INCREMENT for table `peserta2`
--
ALTER TABLE `peserta2`
  MODIFY `id` int(11) NOT NULL AUTO_INCREMENT, AUTO_INCREMENT=11;

--
-- AUTO_INCREMENT for table `setting`
--
ALTER TABLE `setting`
  MODIFY `id` int(11) NOT NULL AUTO_INCREMENT, AUTO_INCREMENT=2;

--
-- AUTO_INCREMENT for table `soal`
--
ALTER TABLE `soal`
  MODIFY `id` int(11) NOT NULL AUTO_INCREMENT, AUTO_INCREMENT=1713;

--
-- AUTO_INCREMENT for table `user`
--
ALTER TABLE `user`
  MODIFY `id` int(11) NOT NULL AUTO_INCREMENT, AUTO_INCREMENT=67;

--
-- AUTO_INCREMENT for table `user_level`
--
ALTER TABLE `user_level`
  MODIFY `id` int(11) NOT NULL AUTO_INCREMENT, AUTO_INCREMENT=12;

--
-- AUTO_INCREMENT for table `wilayah`
--
ALTER TABLE `wilayah`
  MODIFY `id` int(11) NOT NULL AUTO_INCREMENT, AUTO_INCREMENT=39;

--
-- AUTO_INCREMENT for table `_deprecated_daftarsurah`
--
ALTER TABLE `_deprecated_daftarsurah`
  MODIFY `id` int(11) NOT NULL AUTO_INCREMENT, AUTO_INCREMENT=136;

--
-- AUTO_INCREMENT for table `_deprecated_halaman`
--
ALTER TABLE `_deprecated_halaman`
  MODIFY `id` int(11) NOT NULL AUTO_INCREMENT, AUTO_INCREMENT=615;

--
-- AUTO_INCREMENT for table `_deprecated_mutasyabihat`
--
ALTER TABLE `_deprecated_mutasyabihat`
  MODIFY `id` int(11) NOT NULL AUTO_INCREMENT, AUTO_INCREMENT=1302;

--
-- AUTO_INCREMENT for table `_hapus`
--
ALTER TABLE `_hapus`
  MODIFY `id` int(11) NOT NULL AUTO_INCREMENT, AUTO_INCREMENT=1112;

--
-- AUTO_INCREMENT for table `_hapus2`
--
ALTER TABLE `_hapus2`
  MODIFY `id` int(11) NOT NULL AUTO_INCREMENT, AUTO_INCREMENT=14;

--
-- AUTO_INCREMENT for table `_hapuskategori`
--
ALTER TABLE `_hapuskategori`
  MODIFY `id` int(11) NOT NULL AUTO_INCREMENT, AUTO_INCREMENT=23;

--
-- Constraints for dumped tables
--

--
-- Constraints for table `bidang`
--
ALTER TABLE `bidang`
  ADD CONSTRAINT `bidang_ibfk_1` FOREIGN KEY (`idgolongan`) REFERENCES `golongan` (`id`) ON DELETE CASCADE ON UPDATE CASCADE;

--
-- Constraints for table `cabang`
--
ALTER TABLE `cabang`
  ADD CONSTRAINT `cabang_ibfk_1` FOREIGN KEY (`idevent`) REFERENCES `event` (`id`) ON DELETE CASCADE ON UPDATE CASCADE,
  ADD CONSTRAINT `cabang_ibfk_2` FOREIGN KEY (`idpenilaian`) REFERENCES `penilaian` (`id`);

--
-- Constraints for table `golongan`
--
ALTER TABLE `golongan`
  ADD CONSTRAINT `golongan_ibfk_1` FOREIGN KEY (`idcabang`) REFERENCES `cabang` (`id`) ON DELETE CASCADE ON UPDATE CASCADE,
  ADD CONSTRAINT `golongan_ibfk_2` FOREIGN KEY (`idbabak`) REFERENCES `babak` (`id`),
  ADD CONSTRAINT `golongan_ibfk_3` FOREIGN KEY (`kodemenu_link`) REFERENCES `menu_link` (`kode`) ON UPDATE CASCADE;

--
-- Constraints for table `hakim`
--
ALTER TABLE `hakim`
  ADD CONSTRAINT `hakim_ibfk_1` FOREIGN KEY (`idbidang`) REFERENCES `bidang` (`id`);

--
-- Constraints for table `hakim_keahlian`
--
ALTER TABLE `hakim_keahlian`
  ADD CONSTRAINT `hakim_keahlian_ibfk_1` FOREIGN KEY (`idkeahlian`) REFERENCES `keahlian` (`id`),
  ADD CONSTRAINT `hakim_keahlian_ibfk_2` FOREIGN KEY (`idhakim`) REFERENCES `hakim` (`id`);

--
-- Constraints for table `mhq`
--
ALTER TABLE `mhq`
  ADD CONSTRAINT `mhq_ibfk_1` FOREIGN KEY (`urutmushaf`) REFERENCES `mushaf` (`urut`),
  ADD CONSTRAINT `mhq_ibfk_2` FOREIGN KEY (`idkategori`) REFERENCES `kategori` (`id`);

--
-- Constraints for table `nilai`
--
ALTER TABLE `nilai`
  ADD CONSTRAINT `nilai_ibfk_1` FOREIGN KEY (`idgolongan`) REFERENCES `golongan` (`id`),
  ADD CONSTRAINT `nilai_ibfk_2` FOREIGN KEY (`idpeserta`) REFERENCES `peserta` (`id`);

--
-- Constraints for table `nilai_bidang`
--
ALTER TABLE `nilai_bidang`
  ADD CONSTRAINT `nilai_bidang_ibfk_1` FOREIGN KEY (`idnilai`) REFERENCES `nilai` (`id`),
  ADD CONSTRAINT `nilai_bidang_ibfk_3` FOREIGN KEY (`idhakim`) REFERENCES `hakim` (`id`);

--
-- Constraints for table `orang`
--
ALTER TABLE `orang`
  ADD CONSTRAINT `orang_ibfk_1` FOREIGN KEY (`idgender`) REFERENCES `gender` (`id`),
  ADD CONSTRAINT `orang_ibfk_2` FOREIGN KEY (`idjob`) REFERENCES `job` (`id`),
  ADD CONSTRAINT `orang_ibfk_3` FOREIGN KEY (`idkafilah`) REFERENCES `kafilah` (`id`);

--
-- Constraints for table `peserta`
--
ALTER TABLE `peserta`
  ADD CONSTRAINT `peserta_ibfk_1` FOREIGN KEY (`idgolongan`) REFERENCES `golongan` (`id`),
  ADD CONSTRAINT `peserta_ibfk_2` FOREIGN KEY (`idgender`) REFERENCES `gender` (`id`),
  ADD CONSTRAINT `peserta_ibfk_3` FOREIGN KEY (`idwilayah`) REFERENCES `wilayah` (`id`),
  ADD CONSTRAINT `peserta_ibfk_4` FOREIGN KEY (`idkafilah`) REFERENCES `kafilah` (`id`);

--
-- Constraints for table `peserta2`
--
ALTER TABLE `peserta2`
  ADD CONSTRAINT `peserta2_ibfk_1` FOREIGN KEY (`idgolongan`) REFERENCES `golongan` (`id`),
  ADD CONSTRAINT `peserta2_ibfk_2` FOREIGN KEY (`idpeserta`) REFERENCES `peserta` (`id`);

--
-- Constraints for table `soal`
--
ALTER TABLE `soal`
  ADD CONSTRAINT `soal_ibfk_1` FOREIGN KEY (`idbidang`) REFERENCES `bidang` (`id`);

--
-- Constraints for table `user`
--
ALTER TABLE `user`
  ADD CONSTRAINT `user_ibfk_1` FOREIGN KEY (`iduser_level`) REFERENCES `user_level` (`id`);

--
-- Constraints for table `_hapus2`
--
ALTER TABLE `_hapus2`
  ADD CONSTRAINT `_hapus2_ibfk_1` FOREIGN KEY (`idhapuskategori`) REFERENCES `_hapuskategori` (`id`);
COMMIT;

/*!40101 SET CHARACTER_SET_CLIENT=@OLD_CHARACTER_SET_CLIENT */;
/*!40101 SET CHARACTER_SET_RESULTS=@OLD_CHARACTER_SET_RESULTS */;
/*!40101 SET COLLATION_CONNECTION=@OLD_COLLATION_CONNECTION */;
